content_group,total_samples,real_samples,fake_samples
"(0, 0)",1967,507,1460
"(0, 1)",1967,500,1467
"(0, 2)",1967,491,1476
"(0, 3)",1967,491,1476
"(0, 4)",1967,482,1485
"(0, 5)",1967,498,1469
"(0, 6)",1967,507,1460
"(0, 7)",1967,507,1460
"(0, 8)",1967,507,1460
"(0, 9)",1967,498,1469
"(0, 10)",1967,498,1469
"(0, 11)",1966,498,1468
"(0, 12)",1966,489,1477
"(0, 13)",1966,490,1476
"(0, 14)",1966,483,1483
"(0, 15)",1966,483,1483
"(0, 16)",1966,483,1483
"(0, 17)",1959,466,1493
"(0, 18)",1959,478,1481
"(0, 19)",1959,478,1481
"(0, 20)",1954,478,1476
"(0, 21)",1954,478,1476
"(0, 22)",1947,488,1459
"(0, 23)",1936,477,1459
"(0, 24)",1932,473,1459
"(0, 25)",1932,473,1459
"(0, 26)",1923,458,1465
"(0, 27)",1906,434,1472
"(0, 28)",1899,424,1475
"(0, 29)",1885,416,1469
"(0, 30)",1885,416,1469
"(0, 31)",1869,410,1459
"(0, 32)",1183,398,785
"(0, 33)",1166,381,785
"(0, 34)",1166,381,785
"(0, 35)",1161,376,785
"(0, 36)",1147,362,785
"(0, 37)",1147,362,785
"(0, 38)",1128,343,785
"(0, 39)",1128,343,785
"(0, 40)",1119,334,785
"(0, 41)",1088,303,785
"(0, 42)",1088,303,785
"(0, 43)",1088,303,785
"(0, 44)",1088,303,785
"(0, 45)",1088,303,785
"(0, 46)",1088,303,785
"(0, 47)",1088,303,785
"(0, 48)",1088,303,785
"(0, 49)",1070,285,785
"(0, 50)",1068,283,785
"(0, 51)",1066,281,785
"(0, 52)",1061,276,785
"(6, 0)",76,76,0
"(6, 1)",76,76,0
"(6, 2)",76,73,3
"(6, 3)",76,67,9
"(6, 4)",76,67,9
"(6, 5)",76,69,7
"(6, 6)",76,71,5
"(6, 7)",76,73,3
"(6, 8)",76,73,3
"(6, 9)",76,73,3
"(6, 10)",76,73,3
"(6, 11)",76,74,2
"(6, 12)",76,62,14
"(6, 13)",76,62,14
"(6, 14)",76,62,14
"(6, 15)",76,62,14
"(6, 16)",76,64,12
"(6, 17)",76,73,3
"(6, 18)",76,68,8
"(6, 19)",76,68,8
"(6, 20)",76,74,2
"(6, 21)",76,68,8
"(6, 22)",76,68,8
"(6, 23)",76,75,1
"(6, 24)",76,75,1
"(6, 25)",76,74,2
"(6, 26)",76,73,3
"(6, 27)",76,73,3
"(6, 28)",76,75,1
"(6, 29)",76,73,3
"(6, 30)",76,73,3
"(6, 31)",76,76,0
"(6, 32)",76,76,0
"(6, 33)",76,76,0
"(6, 34)",68,68,0
"(6, 35)",68,68,0
"(6, 36)",68,68,0
"(6, 37)",68,68,0
"(6, 38)",60,57,3
"(6, 39)",60,57,3
"(6, 40)",60,57,3
"(6, 41)",60,57,3
"(6, 42)",60,60,0
"(6, 43)",60,60,0
"(6, 44)",60,60,0
"(6, 45)",60,60,0
"(6, 46)",60,60,0
"(6, 47)",60,60,0
"(6, 48)",60,60,0
"(6, 49)",60,60,0
"(6, 50)",60,60,0
"(6, 51)",60,60,0
"(6, 52)",60,60,0
"(6, 53)",60,60,0
"(6, 54)",60,60,0
"(6, 55)",52,52,0
"(6, 56)",52,52,0
"(6, 57)",52,52,0
"(6, 58)",52,52,0
"(6, 59)",52,52,0
"(6, 60)",52,52,0
"(6, 61)",52,52,0
"(6, 62)",52,52,0
"(6, 63)",52,52,0
"(6, 64)",52,52,0
"(6, 65)",52,52,0
"(6, 66)",44,44,0
"(6, 67)",44,44,0
"(6, 68)",44,44,0
"(6, 69)",44,44,0
"(6, 70)",44,41,3
"(6, 71)",44,41,3
"(6, 72)",44,41,3
"(6, 73)",44,41,3
"(6, 74)",44,42,2
"(6, 75)",44,44,0
"(6, 76)",44,44,0
"(6, 77)",44,44,0
"(6, 78)",44,44,0
"(6, 79)",44,44,0
"(6, 80)",44,44,0
"(6, 81)",44,44,0
"(6, 82)",44,44,0
"(6, 83)",44,44,0
"(6, 84)",44,44,0
"(6, 85)",44,44,0
"(6, 86)",44,44,0
"(6, 87)",44,44,0
"(6, 88)",44,44,0
"(6, 89)",44,44,0
"(0, 53)",276,276,0
"(0, 54)",271,271,0
"(0, 55)",266,266,0
"(0, 56)",266,266,0
"(0, 57)",266,266,0
"(0, 58)",266,266,0
"(0, 59)",266,266,0
"(0, 60)",261,261,0
"(0, 61)",261,261,0
"(0, 62)",257,257,0
"(0, 63)",255,255,0
"(0, 64)",253,253,0
"(0, 65)",253,253,0
"(0, 66)",248,248,0
"(0, 67)",238,238,0
"(0, 68)",233,233,0
"(0, 69)",233,233,0
"(0, 70)",233,233,0
"(0, 71)",231,231,0
"(0, 72)",231,231,0
"(0, 73)",229,229,0
"(0, 74)",229,229,0
"(0, 75)",227,227,0
"(0, 76)",227,227,0
"(0, 77)",223,223,0
"(0, 78)",218,218,0
"(0, 79)",218,218,0
"(0, 80)",213,213,0
"(0, 81)",213,213,0
"(0, 82)",211,211,0
"(0, 83)",209,209,0
"(0, 84)",209,209,0
"(0, 85)",209,209,0
"(0, 86)",207,207,0
"(0, 87)",207,207,0
"(0, 88)",207,207,0
"(0, 89)",207,207,0
"(0, 90)",207,207,0
"(0, 91)",200,200,0
"(0, 92)",195,195,0
"(0, 93)",190,190,0
"(0, 94)",190,190,0
"(0, 95)",190,190,0
"(0, 96)",190,190,0
"(0, 97)",190,190,0
"(0, 98)",190,190,0
"(0, 99)",190,190,0
"(0, 100)",190,190,0
"(0, 101)",190,190,0
"(0, 102)",188,188,0
"(0, 103)",188,188,0
"(0, 104)",186,186,0
"(0, 105)",186,186,0
"(0, 106)",174,174,0
"(0, 107)",174,174,0
"(0, 108)",164,164,0
"(0, 109)",164,164,0
"(0, 110)",164,164,0
"(0, 111)",164,164,0
"(0, 112)",159,159,0
"(0, 113)",159,159,0
"(0, 114)",159,159,0
"(0, 115)",159,159,0
"(0, 116)",159,159,0
"(0, 117)",159,159,0
"(0, 118)",159,159,0
"(0, 119)",159,159,0
"(0, 120)",159,159,0
"(0, 121)",149,149,0
"(0, 122)",147,147,0
"(0, 123)",145,145,0
"(0, 124)",140,140,0
"(0, 125)",140,140,0
"(0, 126)",140,140,0
"(0, 127)",140,140,0
"(0, 128)",140,140,0
"(0, 129)",140,140,0
"(0, 130)",140,140,0
"(0, 131)",140,140,0
"(0, 132)",140,140,0
"(0, 133)",140,140,0
"(0, 134)",138,138,0
"(0, 135)",138,138,0
"(0, 136)",138,138,0
"(0, 137)",136,136,0
"(0, 138)",134,134,0
"(0, 139)",134,134,0
"(0, 140)",134,134,0
"(0, 141)",134,134,0
"(0, 142)",134,134,0
"(0, 143)",134,134,0
"(0, 144)",134,134,0
"(0, 145)",134,134,0
"(0, 146)",134,134,0
"(0, 147)",134,134,0
"(0, 148)",134,134,0
"(0, 149)",134,134,0
"(0, 150)",134,134,0
"(0, 151)",134,134,0
"(0, 152)",129,129,0
"(0, 153)",129,129,0
"(0, 154)",129,129,0
"(0, 155)",127,127,0
"(0, 156)",115,115,0
"(0, 157)",113,113,0
"(0, 158)",113,113,0
"(0, 159)",111,111,0
"(0, 160)",111,111,0
"(0, 161)",111,111,0
"(0, 162)",111,111,0
"(0, 163)",109,109,0
"(0, 164)",109,109,0
"(0, 165)",109,109,0
"(0, 166)",104,104,0
"(0, 167)",104,104,0
"(0, 168)",104,104,0
"(0, 169)",102,102,0
"(0, 170)",102,102,0
"(0, 171)",102,102,0
"(0, 172)",102,102,0
"(0, 173)",102,102,0
"(0, 174)",102,102,0
"(0, 175)",102,102,0
"(0, 176)",102,102,0
"(0, 177)",102,102,0
"(0, 178)",102,102,0
"(0, 179)",102,102,0
"(0, 180)",102,102,0
"(0, 181)",102,102,0
"(0, 182)",102,102,0
"(0, 183)",97,97,0
"(0, 184)",97,97,0
"(0, 185)",97,97,0
"(0, 186)",97,97,0
"(0, 187)",92,92,0
"(0, 188)",92,92,0
"(0, 189)",92,92,0
"(0, 190)",92,92,0
"(0, 191)",92,92,0
"(0, 192)",92,92,0
"(0, 193)",92,92,0
"(0, 194)",92,92,0
"(0, 195)",92,92,0
"(0, 196)",92,92,0
"(0, 197)",92,92,0
"(0, 198)",92,92,0
"(0, 199)",92,92,0
"(0, 200)",90,90,0
"(0, 201)",90,90,0
"(0, 202)",90,90,0
"(0, 203)",90,90,0
"(0, 204)",90,90,0
"(0, 205)",90,90,0
"(0, 206)",88,88,0
"(0, 207)",88,88,0
"(0, 208)",88,88,0
"(0, 209)",86,86,0
"(0, 210)",86,86,0
"(0, 211)",81,81,0
"(0, 212)",81,81,0
"(0, 213)",81,81,0
"(0, 214)",81,81,0
"(0, 215)",81,81,0
"(0, 216)",81,81,0
"(0, 217)",76,76,0
"(0, 218)",76,76,0
"(0, 219)",76,76,0
"(0, 220)",76,76,0
"(0, 221)",76,76,0
"(0, 222)",76,76,0
"(0, 223)",76,76,0
"(0, 224)",76,76,0
"(0, 225)",76,76,0
"(0, 226)",76,76,0
"(0, 227)",76,76,0
"(0, 228)",74,74,0
"(0, 229)",74,74,0
"(0, 230)",74,74,0
"(0, 231)",72,72,0
"(0, 232)",72,72,0
"(0, 233)",72,72,0
"(0, 234)",72,72,0
"(0, 235)",72,72,0
"(0, 236)",72,72,0
"(0, 237)",72,72,0
"(0, 238)",72,72,0
"(0, 239)",72,72,0
"(0, 240)",72,72,0
"(0, 241)",72,72,0
"(0, 242)",72,72,0
"(0, 243)",72,72,0
"(0, 244)",72,72,0
"(0, 245)",72,72,0
"(0, 246)",72,72,0
"(0, 247)",72,72,0
"(0, 248)",72,72,0
"(0, 249)",72,72,0
"(0, 250)",72,72,0
"(0, 251)",72,72,0
"(0, 252)",72,72,0
"(0, 253)",72,72,0
"(0, 254)",72,72,0
"(0, 255)",72,72,0
"(0, 256)",72,72,0
"(0, 257)",71,71,0
"(0, 258)",66,66,0
"(0, 259)",66,66,0
"(0, 260)",66,66,0
"(0, 261)",66,66,0
"(0, 262)",66,66,0
"(0, 263)",66,66,0
"(0, 264)",66,66,0
"(0, 265)",66,66,0
"(0, 266)",66,66,0
"(0, 267)",66,66,0
"(0, 268)",66,66,0
"(0, 269)",66,66,0
"(0, 270)",66,66,0
"(0, 271)",66,66,0
"(0, 272)",66,66,0
"(0, 273)",66,66,0
"(0, 274)",66,66,0
"(0, 275)",66,66,0
"(0, 276)",66,66,0
"(0, 277)",64,64,0
"(0, 278)",64,64,0
"(0, 279)",59,59,0
"(0, 280)",59,59,0
"(0, 281)",59,59,0
"(0, 282)",59,59,0
"(0, 283)",59,59,0
"(0, 284)",59,59,0
"(0, 285)",59,59,0
"(0, 286)",59,59,0
"(0, 287)",59,59,0
"(0, 288)",59,59,0
"(0, 289)",59,59,0
"(0, 290)",59,59,0
"(0, 291)",59,59,0
"(0, 292)",59,59,0
"(0, 293)",59,59,0
"(0, 294)",59,59,0
"(0, 295)",45,45,0
"(0, 296)",45,45,0
"(0, 297)",45,45,0
"(0, 298)",45,45,0
"(0, 299)",45,45,0
"(0, 300)",45,45,0
"(0, 301)",45,45,0
"(0, 302)",45,45,0
"(0, 303)",45,45,0
"(0, 304)",44,44,0
"(0, 305)",44,44,0
"(0, 306)",44,44,0
"(0, 307)",44,44,0
"(0, 308)",44,44,0
"(0, 309)",44,44,0
"(0, 310)",44,44,0
"(0, 311)",44,44,0
"(0, 312)",44,44,0
"(0, 313)",44,44,0
"(0, 314)",44,44,0
"(0, 315)",44,44,0
"(0, 316)",44,44,0
"(0, 317)",44,44,0
"(0, 318)",44,44,0
"(0, 319)",44,44,0
"(0, 320)",44,44,0
"(0, 321)",44,44,0
"(0, 322)",44,44,0
"(0, 323)",44,44,0
"(0, 324)",44,44,0
"(0, 325)",42,42,0
"(0, 326)",42,42,0
"(0, 327)",42,42,0
"(0, 328)",42,42,0
"(0, 329)",42,42,0
"(0, 330)",42,42,0
"(0, 331)",40,40,0
"(0, 332)",40,40,0
"(0, 333)",40,40,0
"(0, 334)",40,40,0
"(0, 335)",40,40,0
"(0, 336)",40,40,0
"(0, 337)",40,40,0
"(0, 338)",40,40,0
"(0, 339)",40,40,0
"(0, 340)",40,40,0
"(0, 341)",40,40,0
"(0, 342)",40,40,0
"(0, 343)",40,40,0
"(0, 344)",40,40,0
"(0, 345)",40,40,0
"(0, 346)",40,40,0
"(0, 347)",40,40,0
"(0, 348)",40,40,0
"(0, 349)",38,38,0
"(0, 350)",38,38,0
"(0, 351)",38,38,0
"(0, 352)",38,38,0
"(0, 353)",38,38,0
"(0, 354)",38,38,0
"(0, 355)",38,38,0
"(0, 356)",38,38,0
"(0, 357)",38,38,0
"(0, 358)",38,38,0
"(0, 359)",38,38,0
"(0, 360)",38,38,0
"(0, 361)",38,38,0
"(0, 362)",38,38,0
"(0, 363)",38,38,0
"(0, 364)",38,38,0
"(0, 365)",38,38,0
"(0, 366)",38,38,0
"(0, 367)",38,38,0
"(0, 368)",38,38,0
"(0, 369)",38,38,0
"(0, 370)",38,38,0
"(0, 371)",33,33,0
"(0, 372)",33,33,0
"(0, 373)",33,33,0
"(0, 374)",33,33,0
"(0, 375)",33,33,0
"(0, 376)",33,33,0
"(0, 377)",33,33,0
"(0, 378)",33,33,0
"(0, 379)",33,33,0
"(0, 380)",33,33,0
"(0, 381)",33,33,0
"(0, 382)",33,33,0
"(0, 383)",33,33,0
"(0, 384)",33,33,0
"(0, 385)",33,33,0
"(0, 386)",33,33,0
"(0, 387)",33,33,0
"(0, 388)",33,33,0
"(0, 389)",33,33,0
"(0, 390)",33,33,0
"(0, 391)",33,33,0
"(0, 392)",33,33,0
"(0, 393)",33,33,0
"(0, 394)",33,33,0
"(0, 395)",33,33,0
"(0, 396)",33,33,0
"(0, 397)",33,33,0
"(0, 398)",33,33,0
"(0, 399)",33,33,0
"(0, 400)",33,33,0
"(0, 401)",28,28,0
"(0, 402)",28,28,0
"(0, 403)",28,28,0
"(0, 404)",28,28,0
"(0, 405)",28,28,0
"(0, 406)",28,28,0
"(0, 407)",28,28,0
"(0, 408)",28,28,0
"(0, 409)",28,28,0
"(0, 410)",28,28,0
"(0, 411)",24,24,0
"(0, 412)",24,24,0
"(0, 413)",24,24,0
"(0, 414)",24,24,0
"(0, 415)",24,24,0
"(0, 416)",24,24,0
"(0, 417)",24,24,0
"(0, 418)",24,24,0
"(0, 419)",24,24,0
"(0, 420)",24,24,0
"(0, 421)",24,24,0
"(0, 422)",24,24,0
"(0, 423)",24,24,0
"(0, 424)",24,24,0
"(0, 425)",24,24,0
"(0, 426)",24,24,0
"(0, 427)",24,24,0
"(0, 428)",19,19,0
"(0, 429)",19,19,0
"(0, 430)",19,19,0
"(0, 431)",19,19,0
"(0, 432)",19,19,0
"(0, 433)",19,19,0
"(0, 434)",19,19,0
"(0, 435)",19,19,0
"(0, 436)",19,19,0
"(0, 437)",19,19,0
"(0, 438)",19,19,0
"(0, 439)",19,19,0
"(0, 440)",19,19,0
"(0, 441)",19,19,0
"(0, 442)",19,19,0
"(0, 443)",19,19,0
"(0, 444)",19,19,0
"(0, 445)",19,19,0
"(0, 446)",19,19,0
"(0, 447)",19,19,0
"(0, 448)",19,19,0
"(0, 449)",19,19,0
"(0, 450)",17,17,0
"(0, 451)",17,17,0
"(0, 452)",17,17,0
"(0, 453)",17,17,0
"(0, 454)",17,17,0
"(0, 455)",17,17,0
"(0, 456)",17,17,0
"(0, 457)",17,17,0
"(0, 458)",17,17,0
"(0, 459)",17,17,0
"(0, 460)",17,17,0
"(0, 461)",17,17,0
"(0, 462)",17,17,0
"(0, 463)",17,17,0
"(0, 464)",17,17,0
"(0, 465)",17,17,0
"(0, 466)",17,17,0
"(0, 467)",17,17,0
"(0, 468)",17,17,0
"(0, 469)",17,17,0
"(0, 470)",17,17,0
"(0, 471)",17,17,0
"(0, 472)",17,17,0
"(0, 473)",17,17,0
"(0, 474)",17,17,0
"(0, 475)",17,17,0
"(0, 476)",17,17,0
"(0, 477)",17,17,0
"(0, 478)",17,17,0
"(0, 479)",17,17,0
"(0, 480)",17,17,0
"(0, 481)",17,17,0
"(0, 482)",17,17,0
"(0, 483)",17,17,0
"(0, 484)",17,17,0
"(0, 485)",17,17,0
"(14, 0)",398,383,15
"(14, 1)",398,354,44
"(14, 2)",398,369,29
"(14, 3)",398,354,44
"(14, 4)",398,318,80
"(14, 5)",398,333,65
"(14, 6)",398,313,85
"(14, 7)",398,338,60
"(14, 8)",398,338,60
"(14, 9)",398,368,30
"(14, 10)",398,373,25
"(14, 11)",398,398,0
"(14, 12)",398,368,30
"(14, 13)",398,353,45
"(14, 14)",398,364,34
"(14, 15)",398,384,14
"(14, 16)",398,384,14
"(14, 17)",398,363,35
"(14, 18)",398,368,30
"(14, 19)",398,363,35
"(14, 20)",398,383,15
"(14, 21)",398,383,15
"(14, 22)",398,383,15
"(14, 23)",398,358,40
"(14, 24)",398,363,35
"(14, 25)",398,363,35
"(14, 26)",398,368,30
"(14, 27)",398,378,20
"(14, 28)",398,378,20
"(14, 29)",398,378,20
"(14, 30)",398,383,15
"(14, 31)",398,393,5
"(14, 32)",398,398,0
"(14, 33)",378,363,15
"(14, 34)",378,363,15
"(14, 35)",339,324,15
"(14, 36)",339,339,0
"(14, 37)",339,339,0
"(14, 38)",339,339,0
"(14, 39)",339,324,15
"(14, 40)",299,284,15
"(14, 41)",279,264,15
"(14, 42)",279,264,15
"(14, 43)",279,269,10
"(14, 44)",279,279,0
"(14, 45)",279,279,0
"(14, 46)",279,279,0
"(14, 47)",279,279,0
"(14, 48)",279,279,0
"(14, 49)",260,260,0
"(14, 50)",240,240,0
"(14, 51)",220,220,0
"(14, 52)",220,220,0
"(14, 53)",220,210,10
"(14, 54)",220,205,15
"(14, 55)",220,205,15
"(14, 56)",200,195,5
"(14, 57)",180,180,0
"(14, 58)",180,180,0
"(14, 59)",180,180,0
"(14, 60)",180,180,0
"(14, 61)",180,180,0
"(14, 62)",180,180,0
"(14, 63)",180,180,0
"(14, 64)",180,180,0
"(14, 65)",180,180,0
"(0, 486)",12,12,0
"(0, 487)",12,12,0
"(0, 488)",12,12,0
"(0, 489)",12,12,0
"(0, 490)",12,12,0
"(0, 491)",12,12,0
"(0, 492)",12,12,0
"(0, 493)",12,12,0
"(0, 494)",12,12,0
"(0, 495)",12,12,0
"(0, 496)",12,12,0
"(0, 497)",12,12,0
"(0, 498)",10,10,0
"(0, 499)",10,10,0
"(0, 500)",10,10,0
"(0, 501)",10,10,0
"(0, 502)",10,10,0
"(0, 503)",10,10,0
"(0, 504)",10,10,0
"(0, 505)",10,10,0
"(0, 506)",10,10,0
"(0, 507)",10,10,0
"(0, 508)",10,10,0
"(0, 509)",10,10,0
"(0, 510)",10,10,0
"(0, 511)",10,10,0
"(0, 512)",10,10,0
"(0, 513)",10,10,0
"(0, 514)",10,10,0
"(0, 515)",10,10,0
"(0, 516)",10,10,0
"(0, 517)",10,10,0
"(0, 518)",10,10,0
"(0, 519)",10,10,0
"(0, 520)",10,10,0
"(0, 521)",10,10,0
"(0, 522)",10,10,0
"(0, 523)",10,10,0
"(0, 524)",10,10,0
"(0, 525)",10,10,0
"(0, 526)",10,10,0
"(0, 527)",10,10,0
"(0, 528)",10,10,0
"(0, 529)",10,10,0
"(0, 530)",10,10,0
"(0, 531)",10,10,0
"(0, 532)",10,10,0
"(0, 533)",10,10,0
"(0, 534)",10,10,0
"(0, 535)",10,10,0
"(0, 536)",10,10,0
"(0, 537)",10,10,0
"(0, 538)",10,10,0
"(0, 539)",10,10,0
"(0, 540)",10,10,0
"(0, 541)",10,10,0
"(0, 542)",10,10,0
"(0, 543)",10,10,0
"(0, 544)",10,10,0
"(0, 545)",10,10,0
"(0, 546)",10,10,0
"(0, 547)",10,10,0
"(0, 548)",10,10,0
"(0, 549)",10,10,0
"(0, 550)",10,10,0
"(0, 551)",10,10,0
"(0, 552)",10,10,0
"(0, 553)",10,10,0
"(0, 554)",10,10,0
"(0, 555)",10,10,0
"(0, 556)",10,10,0
"(0, 557)",10,10,0
"(0, 558)",10,10,0
"(0, 559)",10,10,0
"(0, 560)",10,10,0
"(0, 561)",10,10,0
"(0, 562)",10,10,0
"(0, 563)",10,10,0
"(0, 564)",10,10,0
"(0, 565)",10,10,0
"(0, 566)",10,10,0
"(0, 567)",10,10,0
"(0, 568)",10,10,0
"(0, 569)",10,10,0
"(0, 570)",10,10,0
"(0, 571)",10,10,0
"(0, 572)",10,10,0
"(0, 573)",10,10,0
"(0, 574)",10,10,0
"(0, 575)",10,10,0
"(0, 576)",10,10,0
"(0, 577)",10,10,0
"(0, 578)",10,10,0
"(0, 579)",10,10,0
"(0, 580)",10,10,0
"(0, 581)",10,10,0
"(0, 582)",10,10,0
"(0, 583)",10,10,0
"(0, 584)",10,10,0
"(0, 585)",10,10,0
"(0, 586)",10,10,0
"(0, 587)",10,10,0
"(0, 588)",10,10,0
"(0, 589)",10,10,0
"(0, 590)",10,10,0
"(0, 591)",10,10,0
"(0, 592)",10,10,0
"(0, 593)",10,10,0
"(0, 594)",10,10,0
"(0, 595)",10,10,0
"(0, 596)",10,10,0
"(0, 597)",10,10,0
"(0, 598)",10,10,0
"(0, 599)",10,10,0
"(0, 600)",10,10,0
"(0, 601)",10,10,0
"(0, 602)",10,10,0
"(0, 603)",10,10,0
"(0, 604)",10,10,0
"(0, 605)",10,10,0
"(0, 606)",10,10,0
"(0, 607)",10,10,0
"(0, 608)",10,10,0
"(0, 609)",10,10,0
"(0, 610)",5,5,0
"(0, 611)",5,5,0
"(0, 612)",5,5,0
"(0, 613)",5,5,0
"(0, 614)",5,5,0
"(0, 615)",5,5,0
"(0, 616)",5,5,0
"(0, 617)",5,5,0
"(0, 618)",5,5,0
"(0, 619)",5,5,0
"(0, 620)",5,5,0
"(0, 621)",5,5,0
"(0, 622)",5,5,0
"(0, 623)",5,5,0
"(0, 624)",5,5,0
"(0, 625)",5,5,0
"(0, 626)",5,5,0
"(0, 627)",5,5,0
"(0, 628)",5,5,0
"(0, 629)",5,5,0
"(0, 630)",5,5,0
"(0, 631)",5,5,0
"(0, 632)",5,5,0
"(0, 633)",5,5,0
"(0, 634)",5,5,0
"(0, 635)",5,5,0
"(0, 636)",5,5,0
"(0, 637)",5,5,0
"(0, 638)",5,5,0
"(0, 639)",5,5,0
"(0, 640)",5,5,0
"(0, 641)",5,5,0
"(0, 642)",5,5,0
"(0, 643)",5,5,0
"(0, 644)",5,5,0
"(0, 645)",5,5,0
"(0, 646)",5,5,0
"(0, 647)",5,5,0
"(0, 648)",5,5,0
"(0, 649)",5,5,0
"(0, 650)",5,5,0
"(0, 651)",5,5,0
"(0, 652)",5,5,0
"(0, 653)",5,5,0
"(0, 654)",5,5,0
"(0, 655)",5,5,0
"(0, 656)",5,5,0
"(0, 657)",5,5,0
"(0, 658)",5,5,0
"(0, 659)",5,5,0
"(0, 660)",5,5,0
"(0, 661)",5,5,0
"(0, 662)",5,5,0
"(0, 663)",5,5,0
"(0, 664)",5,5,0
"(0, 665)",5,5,0
"(0, 666)",5,5,0
"(0, 667)",5,5,0
"(0, 668)",5,5,0
"(0, 669)",5,5,0
"(0, 670)",5,5,0
"(0, 671)",5,5,0
"(0, 672)",5,5,0
"(0, 673)",5,5,0
"(0, 674)",5,5,0
"(0, 675)",5,5,0
"(0, 676)",5,5,0
"(0, 677)",5,5,0
"(0, 678)",5,5,0
"(0, 679)",5,5,0
"(0, 680)",5,5,0
"(0, 681)",5,5,0
"(0, 682)",5,5,0
"(0, 683)",5,5,0
"(0, 684)",5,5,0
"(0, 685)",5,5,0
"(0, 686)",5,5,0
"(0, 687)",5,5,0
"(0, 688)",5,5,0
"(0, 689)",5,5,0
"(0, 690)",5,5,0
"(0, 691)",5,5,0
"(0, 692)",5,5,0
"(0, 693)",5,5,0
"(0, 694)",5,5,0
"(0, 695)",5,5,0
"(0, 696)",5,5,0
"(0, 697)",5,5,0
"(0, 698)",5,5,0
"(0, 699)",5,5,0
"(0, 700)",5,5,0
"(0, 701)",5,5,0
"(0, 702)",5,5,0
"(0, 703)",5,5,0
"(0, 704)",5,5,0
"(0, 705)",5,5,0
"(0, 706)",5,5,0
"(0, 707)",5,5,0
"(0, 708)",5,5,0
"(0, 709)",5,5,0
"(0, 710)",5,5,0
"(0, 711)",5,5,0
"(0, 712)",5,5,0
"(0, 713)",5,5,0
"(0, 714)",5,5,0
"(0, 715)",5,5,0
"(0, 716)",5,5,0
"(0, 717)",5,5,0
"(0, 718)",5,5,0
"(0, 719)",5,5,0
"(0, 720)",5,5,0
"(0, 721)",5,5,0
"(0, 722)",5,5,0
"(0, 723)",5,5,0
"(0, 724)",5,5,0
"(0, 725)",5,5,0
"(0, 726)",5,5,0
"(0, 727)",5,5,0
"(0, 728)",5,5,0
"(0, 729)",5,5,0
"(0, 730)",5,5,0
"(0, 731)",5,5,0
"(0, 732)",5,5,0
"(0, 733)",5,5,0
"(0, 734)",5,5,0
"(0, 735)",5,5,0
"(0, 736)",5,5,0
"(0, 737)",5,5,0
"(0, 738)",5,5,0
"(0, 739)",5,5,0
"(0, 740)",5,5,0
"(0, 741)",5,5,0
"(0, 742)",5,5,0
"(0, 743)",5,5,0
"(0, 744)",5,5,0
"(0, 745)",5,5,0
"(0, 746)",5,5,0
"(0, 747)",5,5,0
"(0, 748)",5,5,0
"(0, 749)",5,5,0
"(0, 750)",5,5,0
"(0, 751)",5,5,0
"(0, 752)",5,5,0
"(0, 753)",5,5,0
"(0, 754)",5,5,0
"(0, 755)",5,5,0
"(0, 756)",5,5,0
"(0, 757)",5,5,0
"(0, 758)",5,5,0
"(0, 759)",5,5,0
"(0, 760)",5,5,0
"(0, 761)",5,5,0
"(0, 762)",5,5,0
"(0, 763)",5,5,0
"(0, 764)",5,5,0
"(0, 765)",5,5,0
"(0, 766)",5,5,0
"(0, 767)",5,5,0
"(0, 768)",5,5,0
"(0, 769)",5,5,0
"(0, 770)",5,5,0
"(0, 771)",5,5,0
"(0, 772)",5,5,0
"(0, 773)",5,5,0
"(0, 774)",5,5,0
"(0, 775)",5,5,0
"(0, 776)",5,5,0
"(0, 777)",5,5,0
"(0, 778)",5,5,0
"(0, 779)",5,5,0
"(0, 780)",5,5,0
"(0, 781)",5,5,0
"(0, 782)",5,5,0
"(0, 783)",5,5,0
"(0, 784)",5,5,0
"(0, 785)",5,5,0
"(0, 786)",5,5,0
"(0, 787)",5,5,0
"(0, 788)",5,5,0
"(0, 789)",5,5,0
"(0, 790)",5,5,0
"(0, 791)",5,5,0
"(0, 792)",5,5,0
"(0, 793)",5,5,0
"(0, 794)",5,5,0
"(0, 795)",5,5,0
"(0, 796)",5,5,0
"(0, 797)",5,5,0
"(0, 798)",5,5,0
"(0, 799)",5,5,0
"(0, 800)",5,5,0
"(0, 801)",5,5,0
"(0, 802)",5,5,0
"(0, 803)",5,5,0
"(0, 804)",5,5,0
"(0, 805)",5,5,0
"(0, 806)",5,5,0
"(0, 807)",5,5,0
"(0, 808)",5,5,0
"(0, 809)",5,5,0
"(0, 810)",5,5,0
"(0, 811)",5,5,0
"(0, 812)",5,5,0
"(0, 813)",5,5,0
"(0, 814)",5,5,0
"(0, 815)",5,5,0
"(0, 816)",5,5,0
"(0, 817)",5,5,0
"(0, 818)",5,5,0
"(0, 819)",5,5,0
"(0, 820)",5,5,0
"(0, 821)",5,5,0
"(0, 822)",5,5,0
"(0, 823)",5,5,0
"(0, 824)",5,5,0
"(0, 825)",5,5,0
"(0, 826)",5,5,0
"(0, 827)",5,5,0
"(0, 828)",5,5,0
"(0, 829)",5,5,0
"(0, 830)",5,5,0
"(0, 831)",5,5,0
"(0, 832)",5,5,0
"(0, 833)",5,5,0
"(0, 834)",5,5,0
"(0, 835)",5,5,0
"(0, 836)",5,5,0
"(0, 837)",5,5,0
"(0, 838)",5,5,0
"(0, 839)",5,5,0
"(0, 840)",5,5,0
"(0, 841)",5,5,0
"(0, 842)",5,5,0
"(0, 843)",5,5,0
"(0, 844)",5,5,0
"(0, 845)",5,5,0
"(0, 846)",5,5,0
"(0, 847)",5,5,0
"(0, 848)",5,5,0
"(0, 849)",5,5,0
"(0, 850)",5,5,0
"(0, 851)",5,5,0
"(0, 852)",5,5,0
"(0, 853)",5,5,0
"(0, 854)",5,5,0
"(0, 855)",5,5,0
"(0, 856)",5,5,0
"(0, 857)",5,5,0
"(0, 858)",5,5,0
"(0, 859)",5,5,0
"(0, 860)",5,5,0
"(0, 861)",5,5,0
"(0, 862)",5,5,0
"(0, 863)",5,5,0
"(0, 864)",5,5,0
"(0, 865)",5,5,0
"(0, 866)",5,5,0
"(0, 867)",5,5,0
"(0, 868)",5,5,0
"(0, 869)",5,5,0
"(0, 870)",5,5,0
"(0, 871)",5,5,0
"(0, 872)",5,5,0
"(0, 873)",5,5,0
"(0, 874)",5,5,0
"(0, 875)",5,5,0
"(0, 876)",5,5,0
"(0, 877)",5,5,0
"(0, 878)",5,5,0
"(0, 879)",5,5,0
"(0, 880)",5,5,0
"(0, 881)",5,5,0
"(0, 882)",5,5,0
"(0, 883)",5,5,0
"(0, 884)",5,5,0
"(0, 885)",5,5,0
"(0, 886)",5,5,0
"(0, 887)",5,5,0
"(0, 888)",5,5,0
"(0, 889)",5,5,0
"(0, 890)",5,5,0
"(0, 891)",5,5,0
"(0, 892)",5,5,0
"(0, 893)",5,5,0
"(0, 894)",5,5,0
"(0, 895)",5,5,0
"(0, 896)",5,5,0
"(0, 897)",5,5,0
"(0, 898)",5,5,0
"(0, 899)",5,5,0
"(0, 900)",5,5,0
"(0, 901)",5,5,0
"(0, 902)",5,5,0
"(0, 903)",5,5,0
"(0, 904)",5,5,0
"(0, 905)",5,5,0
"(0, 906)",5,5,0
"(0, 907)",5,5,0
"(0, 908)",5,5,0
"(0, 909)",5,5,0
"(0, 910)",5,5,0
"(0, 911)",5,5,0
"(0, 912)",5,5,0
"(0, 913)",5,5,0
"(0, 914)",5,5,0
"(0, 915)",5,5,0
"(0, 916)",5,5,0
"(0, 917)",5,5,0
"(0, 918)",5,5,0
"(0, 919)",5,5,0
"(0, 920)",5,5,0
"(0, 921)",5,5,0
"(0, 922)",5,5,0
"(0, 923)",5,5,0
"(0, 924)",5,5,0
"(0, 925)",5,5,0
"(0, 926)",5,5,0
"(0, 927)",5,5,0
"(0, 928)",5,5,0
"(0, 929)",5,5,0
"(0, 930)",5,5,0
"(0, 931)",5,5,0
"(0, 932)",5,5,0
"(0, 933)",5,5,0
"(0, 934)",5,5,0
"(0, 935)",5,5,0
"(0, 936)",5,5,0
"(0, 937)",5,5,0
"(0, 938)",5,5,0
"(0, 939)",5,5,0
"(0, 940)",5,5,0
"(0, 941)",5,5,0
"(0, 942)",5,5,0
"(0, 943)",5,5,0
"(0, 944)",5,5,0
"(0, 945)",5,5,0
"(0, 946)",5,5,0
"(0, 947)",5,5,0
"(0, 948)",5,5,0
"(0, 949)",5,5,0
"(0, 950)",5,5,0
"(0, 951)",5,5,0
"(0, 952)",5,5,0
"(0, 953)",5,5,0
"(0, 954)",5,5,0
"(0, 955)",5,5,0
"(0, 956)",5,5,0
"(0, 957)",5,5,0
"(0, 958)",5,5,0
"(0, 959)",5,5,0
"(0, 960)",5,5,0
"(0, 961)",5,5,0
"(0, 962)",5,5,0
"(0, 963)",5,5,0
"(0, 964)",5,5,0
"(0, 965)",5,5,0
"(0, 966)",5,5,0
"(0, 967)",5,5,0
"(0, 968)",5,5,0
"(0, 969)",5,5,0
"(0, 970)",5,5,0
"(0, 971)",5,5,0
"(0, 972)",5,5,0
"(0, 973)",5,5,0
"(0, 974)",5,5,0
"(0, 975)",5,5,0
"(0, 976)",5,5,0
"(0, 977)",5,5,0
"(0, 978)",5,5,0
"(0, 979)",5,5,0
"(0, 980)",5,5,0
"(0, 981)",5,5,0
"(0, 982)",5,5,0
"(0, 983)",5,5,0
"(0, 984)",5,5,0
"(0, 985)",5,5,0
"(0, 986)",5,5,0
"(0, 987)",5,5,0
"(0, 988)",5,5,0
"(0, 989)",5,5,0
"(0, 990)",5,5,0
"(0, 991)",5,5,0
"(0, 992)",5,5,0
"(0, 993)",5,5,0
"(0, 994)",5,5,0
"(0, 995)",5,5,0
"(0, 996)",5,5,0
"(0, 997)",5,5,0
"(0, 998)",5,5,0
"(0, 999)",5,5,0
"(0, 1000)",5,5,0
"(0, 1001)",5,5,0
"(0, 1002)",5,5,0
"(0, 1003)",5,5,0
"(0, 1004)",5,5,0
"(0, 1005)",5,5,0
"(0, 1006)",5,5,0
"(0, 1007)",5,5,0
"(0, 1008)",5,5,0
"(0, 1009)",5,5,0
"(0, 1010)",5,5,0
"(0, 1011)",5,5,0
"(0, 1012)",5,5,0
"(0, 1013)",5,5,0
"(0, 1014)",5,5,0
"(0, 1015)",5,5,0
"(0, 1016)",5,5,0
"(0, 1017)",5,5,0
"(0, 1018)",5,5,0
"(0, 1019)",5,5,0
"(0, 1020)",5,5,0
"(0, 1021)",5,5,0
"(0, 1022)",5,5,0
"(0, 1023)",5,5,0
"(0, 1024)",5,5,0
"(0, 1025)",5,5,0
"(0, 1026)",5,5,0
"(0, 1027)",5,5,0
"(0, 1028)",5,5,0
"(0, 1029)",5,5,0
"(0, 1030)",5,5,0
"(0, 1031)",5,5,0
"(0, 1032)",5,5,0
"(0, 1033)",5,5,0
"(0, 1034)",5,5,0
"(0, 1035)",5,5,0
"(0, 1036)",5,5,0
"(0, 1037)",5,5,0
"(0, 1038)",5,5,0
"(0, 1039)",5,5,0
"(0, 1040)",5,5,0
"(0, 1041)",5,5,0
"(0, 1042)",5,5,0
"(0, 1043)",5,5,0
"(0, 1044)",5,5,0
"(0, 1045)",5,5,0
"(0, 1046)",5,5,0
"(0, 1047)",5,5,0
"(0, 1048)",5,5,0
"(0, 1049)",5,5,0
"(0, 1050)",5,5,0
"(0, 1051)",5,5,0
"(0, 1052)",5,5,0
"(0, 1053)",5,5,0
"(0, 1054)",5,5,0
"(0, 1055)",5,5,0
"(0, 1056)",5,5,0
"(0, 1057)",5,5,0
"(0, 1058)",5,5,0
"(0, 1059)",5,5,0
"(0, 1060)",5,5,0
"(0, 1061)",5,5,0
"(0, 1062)",5,5,0
"(0, 1063)",5,5,0
"(0, 1064)",5,5,0
"(0, 1065)",5,5,0
"(0, 1066)",5,5,0
"(0, 1067)",5,5,0
"(0, 1068)",5,5,0
"(0, 1069)",5,5,0
"(0, 1070)",5,5,0
"(0, 1071)",5,5,0
"(0, 1072)",5,5,0
"(0, 1073)",5,5,0
"(0, 1074)",5,5,0
"(0, 1075)",5,5,0
"(0, 1076)",5,5,0
"(0, 1077)",5,5,0
"(0, 1078)",5,5,0
"(0, 1079)",5,5,0
"(0, 1080)",5,5,0
"(0, 1081)",5,5,0
"(0, 1082)",5,5,0
"(0, 1083)",5,5,0
"(0, 1084)",5,5,0
"(0, 1085)",5,5,0
"(0, 1086)",5,5,0
"(0, 1087)",5,5,0
"(0, 1088)",5,5,0
"(0, 1089)",5,5,0
"(0, 1090)",5,5,0
"(0, 1091)",5,5,0
"(0, 1092)",5,5,0
"(0, 1093)",5,5,0
"(0, 1094)",5,5,0
"(0, 1095)",5,5,0
"(0, 1096)",5,5,0
"(0, 1097)",5,5,0
"(0, 1098)",5,5,0
"(0, 1099)",5,5,0
"(0, 1100)",5,5,0
"(0, 1101)",5,5,0
"(0, 1102)",5,5,0
"(0, 1103)",5,5,0
"(0, 1104)",5,5,0
"(0, 1105)",5,5,0
"(0, 1106)",5,5,0
"(0, 1107)",5,5,0
"(0, 1108)",5,5,0
"(0, 1109)",5,5,0
"(0, 1110)",5,5,0
"(0, 1111)",5,5,0
"(0, 1112)",5,5,0
"(0, 1113)",5,5,0
"(0, 1114)",5,5,0
"(0, 1115)",5,5,0
"(0, 1116)",5,5,0
"(0, 1117)",5,5,0
"(0, 1118)",5,5,0
"(0, 1119)",5,5,0
"(0, 1120)",5,5,0
"(0, 1121)",5,5,0
"(0, 1122)",5,5,0
"(0, 1123)",5,5,0
"(0, 1124)",5,5,0
"(0, 1125)",5,5,0
"(0, 1126)",5,5,0
"(0, 1127)",5,5,0
"(0, 1128)",5,5,0
"(0, 1129)",5,5,0
"(0, 1130)",5,5,0
"(0, 1131)",5,5,0
"(0, 1132)",5,5,0
"(0, 1133)",5,5,0
"(0, 1134)",5,5,0
"(0, 1135)",5,5,0
"(0, 1136)",5,5,0
"(0, 1137)",5,5,0
"(0, 1138)",5,5,0
"(0, 1139)",5,5,0
"(0, 1140)",5,5,0
"(0, 1141)",5,5,0
"(0, 1142)",5,5,0
"(0, 1143)",5,5,0
"(0, 1144)",5,5,0
"(0, 1145)",5,5,0
"(0, 1146)",5,5,0
"(0, 1147)",5,5,0
"(0, 1148)",5,5,0
"(0, 1149)",5,5,0
"(0, 1150)",5,5,0
"(0, 1151)",5,5,0
"(0, 1152)",5,5,0
"(0, 1153)",5,5,0
"(0, 1154)",5,5,0
"(0, 1155)",5,5,0
"(0, 1156)",5,5,0
"(0, 1157)",5,5,0
"(0, 1158)",5,5,0
"(0, 1159)",5,5,0
"(0, 1160)",5,5,0
"(0, 1161)",5,5,0
"(0, 1162)",5,5,0
"(0, 1163)",5,5,0
"(0, 1164)",5,5,0
"(0, 1165)",5,5,0
"(0, 1166)",5,5,0
"(0, 1167)",5,5,0
"(0, 1168)",5,5,0
"(0, 1169)",5,5,0
"(0, 1170)",5,5,0
"(0, 1171)",5,5,0
"(0, 1172)",5,5,0
"(0, 1173)",5,5,0
"(0, 1174)",5,5,0
"(0, 1175)",5,5,0
"(0, 1176)",5,5,0
"(0, 1177)",5,5,0
"(0, 1178)",5,5,0
"(0, 1179)",5,5,0
"(0, 1180)",5,5,0
"(0, 1181)",5,5,0
"(0, 1182)",5,5,0
"(0, 1183)",5,5,0
"(0, 1184)",5,5,0
"(0, 1185)",5,5,0
"(0, 1186)",5,5,0
"(0, 1187)",5,5,0
"(0, 1188)",5,5,0
"(0, 1189)",5,5,0
"(0, 1190)",5,5,0
"(0, 1191)",5,5,0
"(0, 1192)",5,5,0
"(0, 1193)",5,5,0
"(0, 1194)",5,5,0
"(0, 1195)",5,5,0
"(0, 1196)",5,5,0
"(0, 1197)",5,5,0
"(0, 1198)",5,5,0
"(0, 1199)",5,5,0
"(0, 1200)",5,5,0
"(0, 1201)",5,5,0
"(0, 1202)",5,5,0
"(0, 1203)",5,5,0
"(0, 1204)",5,5,0
"(0, 1205)",5,5,0
"(0, 1206)",5,5,0
"(0, 1207)",5,5,0
"(0, 1208)",5,5,0
"(0, 1209)",5,5,0
"(0, 1210)",5,5,0
"(0, 1211)",5,5,0
"(0, 1212)",5,5,0
"(0, 1213)",5,5,0
"(0, 1214)",5,5,0
"(0, 1215)",5,5,0
"(0, 1216)",5,5,0
"(0, 1217)",5,5,0
"(0, 1218)",5,5,0
"(0, 1219)",5,5,0
"(0, 1220)",5,5,0
"(0, 1221)",5,5,0
"(0, 1222)",5,5,0
"(0, 1223)",5,5,0
"(0, 1224)",5,5,0
"(0, 1225)",5,5,0
"(0, 1226)",5,5,0
"(0, 1227)",5,5,0
"(0, 1228)",5,5,0
"(0, 1229)",5,5,0
"(0, 1230)",5,5,0
"(0, 1231)",5,5,0
"(0, 1232)",5,5,0
"(0, 1233)",5,5,0
"(0, 1234)",5,5,0
"(0, 1235)",5,5,0
"(0, 1236)",5,5,0
"(0, 1237)",5,5,0
"(0, 1238)",5,5,0
"(0, 1239)",5,5,0
"(0, 1240)",5,5,0
"(0, 1241)",5,5,0
"(0, 1242)",5,5,0
"(0, 1243)",5,5,0
"(0, 1244)",5,5,0
"(0, 1245)",5,5,0
"(0, 1246)",5,5,0
"(0, 1247)",5,5,0
"(0, 1248)",5,5,0
"(0, 1249)",5,5,0
"(0, 1250)",5,5,0
"(0, 1251)",5,5,0
"(0, 1252)",5,5,0
"(0, 1253)",5,5,0
"(0, 1254)",5,5,0
"(0, 1255)",5,5,0
"(0, 1256)",5,5,0
"(0, 1257)",5,5,0
"(0, 1258)",5,5,0
"(0, 1259)",5,5,0
"(0, 1260)",5,5,0
"(0, 1261)",5,5,0
"(0, 1262)",5,5,0
"(0, 1263)",5,5,0
"(0, 1264)",5,5,0
"(0, 1265)",5,5,0
"(0, 1266)",5,5,0
"(0, 1267)",5,5,0
"(0, 1268)",5,5,0
"(0, 1269)",5,5,0
"(0, 1270)",5,5,0
"(0, 1271)",5,5,0
"(0, 1272)",5,5,0
"(0, 1273)",5,5,0
"(0, 1274)",5,5,0
"(0, 1275)",5,5,0
"(0, 1276)",5,5,0
"(0, 1277)",5,5,0
"(0, 1278)",5,5,0
"(0, 1279)",5,5,0
"(0, 1280)",5,5,0
"(0, 1281)",5,5,0
"(0, 1282)",5,5,0
"(0, 1283)",5,5,0
"(0, 1284)",5,5,0
"(0, 1285)",5,5,0
"(0, 1286)",5,5,0
"(0, 1287)",5,5,0
"(0, 1288)",5,5,0
"(0, 1289)",5,5,0
"(0, 1290)",5,5,0
"(0, 1291)",5,5,0
"(0, 1292)",5,5,0
"(0, 1293)",5,5,0
"(0, 1294)",5,5,0
"(0, 1295)",5,5,0
"(0, 1296)",5,5,0
"(0, 1297)",5,5,0
"(0, 1298)",5,5,0
"(0, 1299)",5,5,0
"(0, 1300)",5,5,0
"(0, 1301)",5,5,0
"(0, 1302)",5,5,0
"(0, 1303)",5,5,0
"(0, 1304)",5,5,0
"(0, 1305)",5,5,0
"(0, 1306)",5,5,0
"(0, 1307)",5,5,0
"(0, 1308)",5,5,0
"(0, 1309)",5,5,0
"(0, 1310)",5,5,0
"(0, 1311)",5,5,0
"(0, 1312)",5,5,0
"(0, 1313)",5,5,0
"(0, 1314)",5,5,0
"(0, 1315)",5,5,0
"(0, 1316)",5,5,0
"(0, 1317)",5,5,0
"(0, 1318)",5,5,0
"(0, 1319)",5,5,0
"(0, 1320)",5,5,0
"(0, 1321)",5,5,0
"(0, 1322)",5,5,0
"(0, 1323)",5,5,0
"(0, 1324)",5,5,0
"(0, 1325)",5,5,0
"(0, 1326)",5,5,0
"(0, 1327)",5,5,0
"(0, 1328)",5,5,0
"(0, 1329)",5,5,0
"(0, 1330)",5,5,0
"(0, 1331)",5,5,0
"(0, 1332)",5,5,0
"(0, 1333)",5,5,0
"(0, 1334)",5,5,0
"(0, 1335)",5,5,0
"(0, 1336)",5,5,0
"(0, 1337)",5,5,0
"(0, 1338)",5,5,0
"(0, 1339)",5,5,0
"(0, 1340)",5,5,0
"(0, 1341)",5,5,0
"(0, 1342)",5,5,0
"(0, 1343)",5,5,0
"(0, 1344)",5,5,0
"(0, 1345)",5,5,0
"(0, 1346)",5,5,0
"(0, 1347)",5,5,0
"(0, 1348)",5,5,0
"(0, 1349)",5,5,0
"(0, 1350)",5,5,0
"(0, 1351)",5,5,0
"(0, 1352)",5,5,0
"(0, 1353)",5,5,0
"(0, 1354)",5,5,0
"(0, 1355)",5,5,0
"(0, 1356)",5,5,0
"(0, 1357)",5,5,0
"(0, 1358)",5,5,0
"(0, 1359)",5,5,0
"(0, 1360)",5,5,0
"(0, 1361)",5,5,0
"(0, 1362)",5,5,0
"(0, 1363)",5,5,0
"(0, 1364)",5,5,0
"(0, 1365)",5,5,0
"(0, 1366)",5,5,0
"(0, 1367)",5,5,0
"(0, 1368)",5,5,0
"(0, 1369)",5,5,0
"(0, 1370)",5,5,0
"(0, 1371)",5,5,0
"(0, 1372)",5,5,0
"(0, 1373)",5,5,0
"(0, 1374)",5,5,0
"(0, 1375)",5,5,0
"(0, 1376)",5,5,0
"(0, 1377)",5,5,0
"(0, 1378)",5,5,0
"(0, 1379)",5,5,0
"(0, 1380)",5,5,0
"(0, 1381)",5,5,0
"(0, 1382)",5,5,0
"(0, 1383)",5,5,0
"(0, 1384)",5,5,0
"(0, 1385)",5,5,0
"(0, 1386)",5,5,0
"(0, 1387)",5,5,0
"(0, 1388)",5,5,0
"(0, 1389)",5,5,0
"(0, 1390)",5,5,0
"(0, 1391)",5,5,0
"(0, 1392)",5,5,0
"(0, 1393)",5,5,0
"(0, 1394)",5,5,0
"(0, 1395)",5,5,0
"(0, 1396)",5,5,0
"(0, 1397)",5,5,0
"(0, 1398)",5,5,0
"(0, 1399)",5,5,0
"(0, 1400)",5,5,0
"(0, 1401)",5,5,0
"(0, 1402)",5,5,0
"(0, 1403)",5,5,0
"(0, 1404)",5,5,0
"(0, 1405)",5,5,0
"(0, 1406)",5,5,0
"(0, 1407)",5,5,0
"(0, 1408)",5,5,0
"(0, 1409)",5,5,0
"(0, 1410)",5,5,0
"(0, 1411)",5,5,0
"(0, 1412)",5,5,0
"(0, 1413)",5,5,0
"(0, 1414)",5,5,0
"(0, 1415)",5,5,0
"(0, 1416)",5,5,0
"(0, 1417)",5,5,0
"(0, 1418)",5,5,0
"(0, 1419)",5,5,0
"(0, 1420)",5,5,0
"(0, 1421)",5,5,0
"(0, 1422)",5,5,0
"(0, 1423)",5,5,0
"(0, 1424)",5,5,0
"(0, 1425)",5,5,0
"(0, 1426)",5,5,0
"(0, 1427)",5,5,0
"(0, 1428)",5,5,0
"(0, 1429)",5,5,0
"(0, 1430)",5,5,0
"(0, 1431)",5,5,0
"(0, 1432)",5,5,0
"(0, 1433)",5,5,0
"(0, 1434)",5,5,0
"(0, 1435)",5,5,0
"(0, 1436)",5,5,0
"(0, 1437)",5,5,0
"(0, 1438)",5,5,0
"(0, 1439)",5,5,0
"(0, 1440)",5,5,0
"(0, 1441)",5,5,0
"(0, 1442)",5,5,0
"(0, 1443)",5,5,0
"(0, 1444)",5,5,0
"(0, 1445)",5,5,0
"(0, 1446)",5,5,0
"(0, 1447)",5,5,0
"(0, 1448)",5,5,0
"(0, 1449)",5,5,0
"(0, 1450)",5,5,0
"(0, 1451)",5,5,0
"(0, 1452)",5,5,0
"(0, 1453)",5,5,0
"(0, 1454)",5,5,0
"(0, 1455)",5,5,0
"(0, 1456)",5,5,0
"(0, 1457)",5,5,0
"(0, 1458)",5,5,0
"(0, 1459)",5,5,0
"(0, 1460)",5,5,0
"(0, 1461)",5,5,0
"(0, 1462)",5,5,0
"(0, 1463)",5,5,0
"(0, 1464)",5,5,0
"(0, 1465)",5,5,0
"(0, 1466)",5,5,0
"(0, 1467)",5,5,0
"(0, 1468)",5,5,0
"(0, 1469)",5,5,0
"(0, 1470)",5,5,0
"(0, 1471)",5,5,0
"(0, 1472)",5,5,0
"(0, 1473)",5,5,0
"(0, 1474)",5,5,0
"(0, 1475)",5,5,0
"(0, 1476)",5,5,0
"(0, 1477)",5,5,0
"(0, 1478)",5,5,0
"(0, 1479)",5,5,0
"(0, 1480)",5,5,0
"(0, 1481)",5,5,0
"(0, 1482)",5,5,0
"(0, 1483)",5,5,0
"(0, 1484)",5,5,0
"(0, 1485)",5,5,0
"(0, 1486)",5,5,0
"(0, 1487)",5,5,0
"(0, 1488)",5,5,0
"(0, 1489)",5,5,0
"(0, 1490)",5,5,0
"(0, 1491)",5,5,0
"(0, 1492)",5,5,0
"(0, 1493)",5,5,0
"(0, 1494)",5,5,0
"(0, 1495)",5,5,0
"(0, 1496)",5,5,0
"(0, 1497)",5,5,0
"(0, 1498)",5,5,0
"(0, 1499)",5,5,0
"(0, 1500)",5,5,0
"(0, 1501)",5,5,0
"(0, 1502)",5,5,0
"(0, 1503)",5,5,0
"(0, 1504)",5,5,0
"(0, 1505)",5,5,0
"(0, 1506)",5,5,0
"(0, 1507)",5,5,0
"(0, 1508)",5,5,0
"(0, 1509)",5,5,0
"(0, 1510)",5,5,0
"(0, 1511)",5,5,0
"(0, 1512)",5,5,0
"(0, 1513)",5,5,0
"(0, 1514)",5,5,0
"(0, 1515)",5,5,0
"(0, 1516)",5,5,0
"(0, 1517)",5,5,0
"(0, 1518)",5,5,0
"(0, 1519)",5,5,0
"(0, 1520)",5,5,0
"(0, 1521)",5,5,0
"(0, 1522)",5,5,0
"(0, 1523)",5,5,0
"(0, 1524)",5,5,0
"(0, 1525)",5,5,0
"(0, 1526)",5,5,0
"(0, 1527)",5,5,0
"(0, 1528)",5,5,0
"(0, 1529)",5,5,0
"(0, 1530)",5,5,0
"(0, 1531)",5,5,0
"(0, 1532)",5,5,0
"(0, 1533)",5,5,0
"(0, 1534)",5,5,0
"(0, 1535)",5,5,0
"(0, 1536)",5,5,0
"(0, 1537)",5,5,0
"(0, 1538)",5,5,0
"(0, 1539)",5,5,0
"(0, 1540)",5,5,0
"(0, 1541)",5,5,0
"(0, 1542)",5,5,0
"(0, 1543)",5,5,0
"(0, 1544)",5,5,0
"(0, 1545)",5,5,0
"(0, 1546)",5,5,0
"(0, 1547)",5,5,0
"(0, 1548)",5,5,0
"(0, 1549)",5,5,0
"(0, 1550)",5,5,0
"(0, 1551)",5,5,0
"(0, 1552)",5,5,0
"(0, 1553)",5,5,0
"(0, 1554)",5,5,0
"(0, 1555)",5,5,0
"(0, 1556)",5,5,0
"(0, 1557)",5,5,0
"(0, 1558)",5,5,0
"(0, 1559)",5,5,0
"(0, 1560)",5,5,0
"(0, 1561)",5,5,0
"(0, 1562)",5,5,0
"(0, 1563)",5,5,0
"(0, 1564)",5,5,0
"(0, 1565)",5,5,0
"(0, 1566)",5,5,0
"(0, 1567)",5,5,0
"(0, 1568)",5,5,0
"(0, 1569)",5,5,0
"(0, 1570)",5,5,0
"(0, 1571)",5,5,0
"(0, 1572)",5,5,0
"(0, 1573)",5,5,0
"(0, 1574)",5,5,0
"(0, 1575)",5,5,0
"(0, 1576)",5,5,0
"(0, 1577)",5,5,0
"(0, 1578)",5,5,0
"(0, 1579)",5,5,0
"(0, 1580)",5,5,0
"(0, 1581)",5,5,0
"(0, 1582)",5,5,0
"(0, 1583)",5,5,0
"(0, 1584)",5,5,0
"(0, 1585)",5,5,0
"(0, 1586)",5,5,0
"(0, 1587)",5,5,0
"(0, 1588)",5,5,0
"(0, 1589)",5,5,0
"(0, 1590)",5,5,0
"(0, 1591)",5,5,0
"(0, 1592)",5,5,0
"(0, 1593)",5,5,0
"(0, 1594)",5,5,0
"(0, 1595)",5,5,0
"(0, 1596)",5,5,0
"(0, 1597)",5,5,0
"(0, 1598)",5,5,0
"(0, 1599)",5,5,0
"(0, 1600)",5,5,0
"(0, 1601)",5,5,0
"(0, 1602)",5,5,0
"(0, 1603)",5,5,0
"(0, 1604)",5,5,0
"(0, 1605)",5,5,0
"(0, 1606)",5,5,0
"(0, 1607)",5,5,0
"(0, 1608)",5,5,0
"(0, 1609)",5,5,0
"(0, 1610)",5,5,0
"(0, 1611)",5,5,0
"(0, 1612)",5,5,0
"(0, 1613)",5,5,0
"(0, 1614)",5,5,0
"(0, 1615)",5,5,0
"(0, 1616)",5,5,0
"(0, 1617)",5,5,0
"(0, 1618)",5,5,0
"(0, 1619)",5,5,0
"(0, 1620)",5,5,0
"(0, 1621)",5,5,0
"(0, 1622)",5,5,0
"(0, 1623)",5,5,0
"(0, 1624)",5,5,0
"(0, 1625)",5,5,0
"(0, 1626)",5,5,0
"(0, 1627)",5,5,0
"(0, 1628)",5,5,0
"(0, 1629)",5,5,0
"(0, 1630)",5,5,0
"(0, 1631)",5,5,0
"(0, 1632)",5,5,0
"(0, 1633)",5,5,0
"(0, 1634)",5,5,0
"(0, 1635)",5,5,0
"(0, 1636)",5,5,0
"(0, 1637)",5,5,0
"(0, 1638)",5,5,0
"(0, 1639)",5,5,0
"(0, 1640)",5,5,0
"(0, 1641)",5,5,0
"(0, 1642)",5,5,0
"(0, 1643)",5,5,0
"(0, 1644)",5,5,0
"(0, 1645)",5,5,0
"(0, 1646)",5,5,0
"(0, 1647)",5,5,0
"(0, 1648)",5,5,0
"(0, 1649)",5,5,0
"(0, 1650)",5,5,0
"(0, 1651)",5,5,0
"(0, 1652)",5,5,0
"(0, 1653)",5,5,0
"(0, 1654)",5,5,0
"(0, 1655)",5,5,0
"(0, 1656)",5,5,0
"(0, 1657)",5,5,0
"(0, 1658)",5,5,0
"(0, 1659)",5,5,0
"(0, 1660)",5,5,0
"(0, 1661)",5,5,0
"(0, 1662)",5,5,0
"(0, 1663)",5,5,0
"(0, 1664)",5,5,0
"(0, 1665)",5,5,0
"(0, 1666)",5,5,0
"(0, 1667)",5,5,0
"(0, 1668)",5,5,0
"(0, 1669)",5,5,0
"(0, 1670)",5,5,0
"(0, 1671)",5,5,0
"(0, 1672)",5,5,0
"(0, 1673)",5,5,0
"(0, 1674)",5,5,0
"(0, 1675)",5,5,0
"(0, 1676)",5,5,0
"(0, 1677)",5,5,0
"(0, 1678)",5,5,0
"(0, 1679)",5,5,0
"(0, 1680)",5,5,0
"(0, 1681)",5,5,0
"(0, 1682)",5,5,0
"(0, 1683)",5,5,0
"(0, 1684)",5,5,0
"(0, 1685)",5,5,0
"(0, 1686)",5,5,0
"(0, 1687)",5,5,0
"(0, 1688)",5,5,0
"(0, 1689)",5,5,0
"(0, 1690)",5,5,0
"(0, 1691)",5,5,0
"(0, 1692)",5,5,0
"(0, 1693)",5,5,0
"(0, 1694)",5,5,0
"(0, 1695)",5,5,0
"(0, 1696)",5,5,0
"(0, 1697)",5,5,0
"(0, 1698)",5,5,0
"(0, 1699)",5,5,0
"(0, 1700)",5,5,0
"(0, 1701)",5,5,0
"(0, 1702)",5,5,0
"(0, 1703)",5,5,0
"(0, 1704)",5,5,0
"(0, 1705)",5,5,0
"(0, 1706)",5,5,0
"(0, 1707)",5,5,0
"(0, 1708)",5,5,0
"(0, 1709)",5,5,0
"(0, 1710)",5,5,0
"(0, 1711)",5,5,0
"(0, 1712)",5,5,0
"(0, 1713)",5,5,0
"(0, 1714)",5,5,0
"(0, 1715)",5,5,0
"(0, 1716)",5,5,0
"(0, 1717)",5,5,0
"(0, 1718)",5,5,0
"(0, 1719)",5,5,0
"(0, 1720)",5,5,0
"(0, 1721)",5,5,0
"(0, 1722)",5,5,0
"(0, 1723)",5,5,0
"(0, 1724)",5,5,0
"(0, 1725)",5,5,0
"(0, 1726)",5,5,0
"(0, 1727)",5,5,0
"(0, 1728)",5,5,0
"(0, 1729)",5,5,0
"(0, 1730)",5,5,0
"(0, 1731)",5,5,0
"(0, 1732)",5,5,0
"(0, 1733)",5,5,0
"(0, 1734)",5,5,0
"(0, 1735)",5,5,0
"(0, 1736)",5,5,0
"(0, 1737)",5,5,0
"(0, 1738)",5,5,0
"(0, 1739)",5,5,0
"(0, 1740)",5,5,0
"(0, 1741)",5,5,0
"(0, 1742)",5,5,0
"(0, 1743)",5,5,0
"(0, 1744)",5,5,0
"(0, 1745)",5,5,0
"(0, 1746)",5,5,0
"(0, 1747)",5,5,0
"(0, 1748)",5,5,0
"(0, 1749)",5,5,0
"(0, 1750)",5,5,0
"(0, 1751)",5,5,0
"(0, 1752)",5,5,0
"(0, 1753)",5,5,0
"(0, 1754)",5,5,0
"(0, 1755)",5,5,0
"(0, 1756)",5,5,0
"(0, 1757)",5,5,0
"(0, 1758)",5,5,0
"(0, 1759)",5,5,0
"(0, 1760)",5,5,0
"(0, 1761)",5,5,0
"(0, 1762)",5,5,0
"(0, 1763)",5,5,0
"(0, 1764)",5,5,0
"(0, 1765)",5,5,0
"(0, 1766)",5,5,0
"(0, 1767)",5,5,0
"(0, 1768)",5,5,0
"(0, 1769)",5,5,0
"(0, 1770)",5,5,0
"(0, 1771)",5,5,0
"(0, 1772)",5,5,0
"(0, 1773)",5,5,0
"(0, 1774)",5,5,0
"(0, 1775)",5,5,0
"(0, 1776)",5,5,0
"(0, 1777)",5,5,0
"(0, 1778)",5,5,0
"(0, 1779)",5,5,0
"(0, 1780)",5,5,0
"(0, 1781)",5,5,0
"(0, 1782)",5,5,0
"(0, 1783)",5,5,0
"(0, 1784)",5,5,0
"(0, 1785)",5,5,0
"(0, 1786)",5,5,0
"(0, 1787)",5,5,0
"(0, 1788)",5,5,0
"(0, 1789)",5,5,0
"(0, 1790)",5,5,0
"(0, 1791)",5,5,0
"(0, 1792)",5,5,0
"(0, 1793)",5,5,0
"(0, 1794)",5,5,0
"(0, 1795)",5,5,0
"(0, 1796)",5,5,0
"(0, 1797)",5,5,0
"(0, 1798)",5,5,0
"(0, 1799)",5,5,0
"(0, 1800)",5,5,0
"(0, 1801)",5,5,0
"(0, 1802)",5,5,0
"(0, 1803)",5,5,0
"(0, 1804)",5,5,0
"(0, 1805)",5,5,0
"(0, 1806)",5,5,0
"(0, 1807)",5,5,0
"(0, 1808)",5,5,0
"(0, 1809)",5,5,0
"(0, 1810)",5,5,0
"(0, 1811)",5,5,0
"(0, 1812)",5,5,0
"(0, 1813)",5,5,0
"(0, 1814)",5,5,0
"(0, 1815)",5,5,0
"(0, 1816)",5,5,0
"(0, 1817)",5,5,0
"(0, 1818)",5,5,0
"(0, 1819)",5,5,0
"(0, 1820)",5,5,0
"(0, 1821)",5,5,0
"(0, 1822)",5,5,0
"(0, 1823)",5,5,0
"(0, 1824)",5,5,0
"(0, 1825)",5,5,0
"(0, 1826)",5,5,0
"(0, 1827)",5,5,0
"(0, 1828)",5,5,0
"(0, 1829)",5,5,0
"(0, 1830)",5,5,0
"(0, 1831)",5,5,0
"(0, 1832)",5,5,0
"(0, 1833)",5,5,0
"(0, 1834)",5,5,0
"(0, 1835)",5,5,0
"(0, 1836)",5,5,0
"(0, 1837)",5,5,0
"(0, 1838)",5,5,0
"(0, 1839)",5,5,0
"(0, 1840)",5,5,0
"(0, 1841)",5,5,0
"(0, 1842)",5,5,0
"(0, 1843)",5,5,0
"(0, 1844)",5,5,0
"(0, 1845)",5,5,0
"(0, 1846)",5,5,0
"(0, 1847)",5,5,0
"(0, 1848)",5,5,0
"(0, 1849)",5,5,0
"(0, 1850)",5,5,0
"(0, 1851)",5,5,0
"(0, 1852)",5,5,0
"(0, 1853)",5,5,0
"(0, 1854)",5,5,0
"(0, 1855)",5,5,0
"(0, 1856)",5,5,0
"(0, 1857)",5,5,0
"(0, 1858)",5,5,0
"(0, 1859)",5,5,0
"(0, 1860)",5,5,0
"(0, 1861)",5,5,0
"(0, 1862)",5,5,0
"(0, 1863)",5,5,0
"(0, 1864)",5,5,0
"(0, 1865)",5,5,0
"(0, 1866)",5,5,0
"(0, 1867)",5,5,0
"(0, 1868)",5,5,0
"(0, 1869)",5,5,0
"(0, 1870)",5,5,0
"(0, 1871)",5,5,0
"(0, 1872)",5,5,0
"(0, 1873)",5,5,0
"(0, 1874)",5,5,0
"(0, 1875)",5,5,0
"(0, 1876)",5,5,0
"(0, 1877)",5,5,0
"(0, 1878)",5,5,0
"(0, 1879)",5,5,0
"(0, 1880)",5,5,0
"(0, 1881)",5,5,0
"(0, 1882)",5,5,0
"(0, 1883)",5,5,0
"(0, 1884)",5,5,0
"(0, 1885)",5,5,0
"(0, 1886)",5,5,0
"(0, 1887)",5,5,0
"(0, 1888)",5,5,0
"(0, 1889)",5,5,0
"(0, 1890)",5,5,0
"(0, 1891)",5,5,0
"(0, 1892)",5,5,0
"(0, 1893)",5,5,0
"(0, 1894)",5,5,0
"(0, 1895)",5,5,0
"(0, 1896)",5,5,0
"(0, 1897)",5,5,0
"(0, 1898)",5,5,0
"(0, 1899)",5,5,0
"(0, 1900)",5,5,0
"(0, 1901)",5,5,0
"(0, 1902)",5,5,0
"(0, 1903)",5,5,0
"(0, 1904)",5,5,0
"(0, 1905)",5,5,0
"(0, 1906)",5,5,0
"(0, 1907)",5,5,0
"(0, 1908)",5,5,0
"(0, 1909)",5,5,0
"(0, 1910)",5,5,0
"(0, 1911)",5,5,0
"(0, 1912)",5,5,0
"(0, 1913)",5,5,0
"(0, 1914)",5,5,0
"(0, 1915)",5,5,0
"(0, 1916)",5,5,0
"(0, 1917)",5,5,0
"(0, 1918)",5,5,0
"(0, 1919)",5,5,0
"(0, 1920)",5,5,0
"(0, 1921)",5,5,0
"(0, 1922)",5,5,0
"(0, 1923)",5,5,0
"(0, 1924)",5,5,0
"(0, 1925)",5,5,0
"(0, 1926)",5,5,0
"(0, 1927)",5,5,0
"(0, 1928)",5,5,0
"(0, 1929)",5,5,0
"(0, 1930)",5,5,0
"(0, 1931)",5,5,0
"(0, 1932)",5,5,0
"(0, 1933)",5,5,0
"(0, 1934)",5,5,0
"(0, 1935)",5,5,0
"(0, 1936)",5,5,0
"(0, 1937)",5,5,0
"(0, 1938)",5,5,0
"(0, 1939)",5,5,0
"(0, 1940)",5,5,0
"(0, 1941)",5,5,0
"(0, 1942)",5,5,0
"(0, 1943)",5,5,0
"(0, 1944)",5,5,0
"(0, 1945)",5,5,0
"(0, 1946)",5,5,0
"(0, 1947)",5,5,0
"(0, 1948)",5,5,0
"(0, 1949)",5,5,0
"(0, 1950)",5,5,0
"(0, 1951)",5,5,0
"(0, 1952)",5,5,0
"(0, 1953)",5,5,0
"(0, 1954)",5,5,0
"(0, 1955)",5,5,0
"(0, 1956)",5,5,0
"(0, 1957)",5,5,0
"(0, 1958)",5,5,0
"(0, 1959)",5,5,0
"(0, 1960)",5,5,0
"(0, 1961)",5,5,0
"(0, 1962)",5,5,0
"(0, 1963)",5,5,0
"(0, 1964)",5,5,0
"(0, 1965)",5,5,0
"(0, 1966)",5,5,0
"(0, 1967)",5,5,0
"(0, 1968)",5,5,0
"(0, 1969)",5,5,0
"(0, 1970)",5,5,0
"(0, 1971)",5,5,0
"(0, 1972)",5,5,0
"(0, 1973)",5,5,0
"(0, 1974)",5,5,0
"(0, 1975)",5,5,0
"(0, 1976)",5,5,0
"(0, 1977)",5,5,0
"(0, 1978)",5,5,0
"(0, 1979)",5,5,0
"(0, 1980)",5,5,0
"(0, 1981)",5,5,0
"(0, 1982)",5,5,0
"(0, 1983)",5,5,0
"(0, 1984)",5,5,0
"(0, 1985)",5,5,0
"(0, 1986)",5,5,0
"(0, 1987)",5,5,0
"(0, 1988)",5,5,0
"(0, 1989)",5,5,0
"(0, 1990)",5,5,0
"(0, 1991)",5,5,0
"(0, 1992)",5,5,0
"(0, 1993)",5,5,0
"(0, 1994)",5,5,0
"(0, 1995)",5,5,0
"(0, 1996)",5,5,0
"(0, 1997)",5,5,0
"(0, 1998)",5,5,0
"(0, 1999)",5,5,0
"(0, 2000)",5,5,0
"(0, 2001)",5,5,0
"(0, 2002)",5,5,0
"(0, 2003)",5,5,0
"(0, 2004)",5,5,0
"(0, 2005)",5,5,0
"(0, 2006)",5,5,0
"(0, 2007)",5,5,0
"(0, 2008)",5,5,0
"(0, 2009)",5,5,0
"(0, 2010)",5,5,0
"(0, 2011)",5,5,0
"(0, 2012)",5,5,0
"(0, 2013)",5,5,0
"(0, 2014)",5,5,0
"(0, 2015)",5,5,0
"(0, 2016)",5,5,0
"(0, 2017)",5,5,0
"(0, 2018)",5,5,0
"(0, 2019)",5,5,0
"(0, 2020)",5,5,0
"(0, 2021)",5,5,0
"(0, 2022)",5,5,0
"(0, 2023)",5,5,0
"(0, 2024)",5,5,0
"(0, 2025)",5,5,0
"(0, 2026)",5,5,0
"(0, 2027)",5,5,0
"(0, 2028)",5,5,0
"(0, 2029)",5,5,0
"(0, 2030)",5,5,0
"(0, 2031)",5,5,0
"(0, 2032)",5,5,0
"(0, 2033)",5,5,0
"(0, 2034)",5,5,0
"(0, 2035)",5,5,0
"(0, 2036)",5,5,0
"(0, 2037)",5,5,0
"(0, 2038)",5,5,0
"(0, 2039)",5,5,0
"(0, 2040)",5,5,0
"(0, 2041)",5,5,0
"(0, 2042)",5,5,0
"(0, 2043)",5,5,0
"(0, 2044)",5,5,0
"(0, 2045)",5,5,0
"(0, 2046)",5,5,0
"(0, 2047)",5,5,0
"(0, 2048)",5,5,0
"(0, 2049)",5,5,0
"(0, 2050)",5,5,0
"(0, 2051)",5,5,0
"(0, 2052)",5,5,0
"(0, 2053)",5,5,0
"(0, 2054)",5,5,0
"(0, 2055)",5,5,0
"(0, 2056)",5,5,0
"(0, 2057)",5,5,0
"(0, 2058)",5,5,0
"(0, 2059)",5,5,0
"(0, 2060)",5,5,0
"(0, 2061)",5,5,0
"(0, 2062)",5,5,0
"(0, 2063)",5,5,0
"(0, 2064)",5,5,0
"(0, 2065)",5,5,0
"(0, 2066)",5,5,0
"(0, 2067)",5,5,0
"(0, 2068)",5,5,0
"(0, 2069)",5,5,0
"(0, 2070)",5,5,0
"(0, 2071)",5,5,0
"(0, 2072)",5,5,0
"(0, 2073)",5,5,0
"(0, 2074)",5,5,0
"(0, 2075)",5,5,0
"(0, 2076)",5,5,0
"(0, 2077)",5,5,0
"(0, 2078)",5,5,0
"(0, 2079)",5,5,0
"(0, 2080)",5,5,0
"(0, 2081)",5,5,0
"(0, 2082)",5,5,0
"(0, 2083)",5,5,0
"(0, 2084)",5,5,0
"(0, 2085)",5,5,0
"(0, 2086)",5,5,0
"(0, 2087)",5,5,0
"(0, 2088)",5,5,0
"(0, 2089)",5,5,0
"(0, 2090)",5,5,0
"(0, 2091)",5,5,0
"(0, 2092)",5,5,0
"(0, 2093)",5,5,0
"(0, 2094)",5,5,0
"(0, 2095)",5,5,0
"(0, 2096)",5,5,0
"(0, 2097)",5,5,0
"(0, 2098)",5,5,0
"(0, 2099)",5,5,0
"(0, 2100)",5,5,0
"(0, 2101)",5,5,0
"(0, 2102)",5,5,0
"(0, 2103)",5,5,0
"(0, 2104)",5,5,0
"(0, 2105)",5,5,0
"(0, 2106)",5,5,0
"(0, 2107)",5,5,0
"(0, 2108)",5,5,0
"(0, 2109)",5,5,0
"(0, 2110)",5,5,0
"(0, 2111)",5,5,0
"(0, 2112)",5,5,0
"(0, 2113)",5,5,0
"(0, 2114)",5,5,0
"(0, 2115)",5,5,0
"(0, 2116)",5,5,0
"(0, 2117)",5,5,0
"(0, 2118)",5,5,0
"(0, 2119)",5,5,0
"(0, 2120)",5,5,0
"(0, 2121)",5,5,0
"(0, 2122)",5,5,0
"(0, 2123)",5,5,0
"(0, 2124)",5,5,0
"(0, 2125)",5,5,0
"(0, 2126)",5,5,0
"(0, 2127)",5,5,0
"(0, 2128)",5,5,0
"(0, 2129)",5,5,0
"(0, 2130)",5,5,0
"(0, 2131)",5,5,0
"(0, 2132)",5,5,0
"(0, 2133)",5,5,0
"(0, 2134)",5,5,0
"(0, 2135)",5,5,0
"(0, 2136)",5,5,0
"(0, 2137)",5,5,0
"(0, 2138)",5,5,0
"(0, 2139)",5,5,0
"(0, 2140)",5,5,0
"(0, 2141)",5,5,0
"(0, 2142)",5,5,0
"(0, 2143)",5,5,0
"(0, 2144)",5,5,0
"(0, 2145)",5,5,0
"(0, 2146)",5,5,0
"(0, 2147)",5,5,0
"(0, 2148)",5,5,0
"(0, 2149)",5,5,0
"(0, 2150)",5,5,0
"(0, 2151)",5,5,0
"(0, 2152)",5,5,0
"(0, 2153)",5,5,0
"(0, 2154)",5,5,0
"(0, 2155)",5,5,0
"(0, 2156)",5,5,0
"(0, 2157)",5,5,0
"(0, 2158)",5,5,0
"(0, 2159)",5,5,0
"(0, 2160)",5,5,0
"(0, 2161)",5,5,0
"(0, 2162)",5,5,0
"(0, 2163)",5,5,0
"(0, 2164)",5,5,0
"(0, 2165)",5,5,0
"(0, 2166)",5,5,0
"(0, 2167)",5,5,0
"(0, 2168)",5,5,0
"(0, 2169)",5,5,0
"(0, 2170)",5,5,0
"(0, 2171)",5,5,0
"(0, 2172)",5,5,0
"(0, 2173)",5,5,0
"(0, 2174)",5,5,0
"(0, 2175)",5,5,0
"(0, 2176)",5,5,0
"(0, 2177)",5,5,0
"(0, 2178)",5,5,0
"(0, 2179)",5,5,0
"(0, 2180)",5,5,0
"(0, 2181)",5,5,0
"(0, 2182)",5,5,0
"(0, 2183)",5,5,0
"(0, 2184)",5,5,0
"(0, 2185)",5,5,0
"(0, 2186)",5,5,0
"(0, 2187)",5,5,0
"(0, 2188)",5,5,0
"(0, 2189)",5,5,0
"(0, 2190)",5,5,0
"(0, 2191)",5,5,0
"(0, 2192)",5,5,0
"(0, 2193)",5,5,0
"(0, 2194)",5,5,0
"(0, 2195)",5,5,0
"(0, 2196)",5,5,0
"(0, 2197)",5,5,0
"(0, 2198)",5,5,0
"(0, 2199)",5,5,0
"(0, 2200)",5,5,0
"(0, 2201)",5,5,0
"(0, 2202)",5,5,0
"(0, 2203)",5,5,0
"(0, 2204)",5,5,0
"(0, 2205)",5,5,0
"(0, 2206)",5,5,0
"(0, 2207)",5,5,0
"(0, 2208)",5,5,0
"(0, 2209)",5,5,0
"(0, 2210)",5,5,0
"(0, 2211)",5,5,0
"(0, 2212)",5,5,0
"(0, 2213)",5,5,0
"(0, 2214)",5,5,0
"(0, 2215)",5,5,0
"(0, 2216)",5,5,0
"(0, 2217)",5,5,0
"(0, 2218)",5,5,0
"(0, 2219)",5,5,0
"(0, 2220)",5,5,0
"(0, 2221)",5,5,0
"(0, 2222)",5,5,0
"(0, 2223)",5,5,0
"(0, 2224)",5,5,0
"(0, 2225)",5,5,0
"(0, 2226)",5,5,0
"(0, 2227)",5,5,0
"(0, 2228)",5,5,0
"(0, 2229)",5,5,0
"(0, 2230)",5,5,0
"(0, 2231)",5,5,0
"(0, 2232)",5,5,0
"(0, 2233)",5,5,0
"(0, 2234)",5,5,0
"(0, 2235)",5,5,0
"(0, 2236)",5,5,0
"(0, 2237)",5,5,0
"(0, 2238)",5,5,0
"(0, 2239)",5,5,0
"(0, 2240)",5,5,0
"(0, 2241)",5,5,0
"(0, 2242)",5,5,0
"(0, 2243)",5,5,0
"(0, 2244)",5,5,0
"(0, 2245)",5,5,0
"(0, 2246)",5,5,0
"(0, 2247)",5,5,0
"(0, 2248)",5,5,0
"(0, 2249)",5,5,0
"(0, 2250)",5,5,0
"(0, 2251)",5,5,0
"(0, 2252)",5,5,0
"(0, 2253)",5,5,0
"(0, 2254)",5,5,0
"(0, 2255)",5,5,0
"(0, 2256)",5,5,0
"(0, 2257)",5,5,0
"(0, 2258)",5,5,0
"(0, 2259)",5,5,0
"(0, 2260)",5,5,0
"(0, 2261)",5,5,0
"(0, 2262)",5,5,0
"(0, 2263)",5,5,0
"(0, 2264)",5,5,0
"(0, 2265)",5,5,0
"(0, 2266)",5,5,0
"(0, 2267)",5,5,0
"(0, 2268)",5,5,0
"(0, 2269)",5,5,0
"(0, 2270)",5,5,0
"(0, 2271)",5,5,0
"(0, 2272)",5,5,0
"(0, 2273)",5,5,0
"(0, 2274)",5,5,0
"(0, 2275)",5,5,0
"(0, 2276)",5,5,0
"(0, 2277)",5,5,0
"(0, 2278)",5,5,0
"(0, 2279)",5,5,0
"(0, 2280)",5,5,0
"(0, 2281)",5,5,0
"(0, 2282)",5,5,0
"(0, 2283)",5,5,0
"(0, 2284)",5,5,0
"(0, 2285)",5,5,0
"(0, 2286)",5,5,0
"(0, 2287)",5,5,0
"(0, 2288)",5,5,0
"(0, 2289)",5,5,0
"(0, 2290)",5,5,0
"(0, 2291)",5,5,0
"(0, 2292)",5,5,0
"(0, 2293)",5,5,0
"(0, 2294)",5,5,0
"(0, 2295)",5,5,0
"(0, 2296)",5,5,0
"(0, 2297)",5,5,0
"(0, 2298)",5,5,0
"(0, 2299)",5,5,0
"(0, 2300)",5,5,0
"(0, 2301)",5,5,0
"(0, 2302)",5,5,0
"(0, 2303)",5,5,0
"(0, 2304)",5,5,0
"(0, 2305)",5,5,0
"(0, 2306)",5,5,0
"(0, 2307)",5,5,0
"(0, 2308)",5,5,0
"(0, 2309)",5,5,0
"(0, 2310)",5,5,0
"(0, 2311)",5,5,0
"(0, 2312)",5,5,0
"(0, 2313)",5,5,0
"(0, 2314)",5,5,0
"(0, 2315)",5,5,0
"(0, 2316)",5,5,0
"(0, 2317)",5,5,0
"(0, 2318)",5,5,0
"(0, 2319)",5,5,0
"(0, 2320)",5,5,0
"(0, 2321)",5,5,0
"(0, 2322)",5,5,0
"(0, 2323)",5,5,0
"(0, 2324)",5,5,0
"(0, 2325)",5,5,0
"(0, 2326)",5,5,0
"(0, 2327)",5,5,0
"(0, 2328)",5,5,0
"(0, 2329)",5,5,0
"(0, 2330)",5,5,0
"(0, 2331)",5,5,0
"(0, 2332)",5,5,0
"(0, 2333)",5,5,0
"(0, 2334)",5,5,0
"(0, 2335)",5,5,0
"(0, 2336)",5,5,0
"(0, 2337)",5,5,0
"(0, 2338)",5,5,0
"(0, 2339)",5,5,0
"(0, 2340)",5,5,0
"(0, 2341)",5,5,0
"(0, 2342)",5,5,0
"(0, 2343)",5,5,0
"(0, 2344)",5,5,0
"(0, 2345)",5,5,0
"(0, 2346)",5,5,0
"(0, 2347)",5,5,0
"(0, 2348)",5,5,0
"(0, 2349)",5,5,0
"(0, 2350)",5,5,0
"(0, 2351)",5,5,0
"(0, 2352)",5,5,0
"(0, 2353)",5,5,0
"(0, 2354)",5,5,0
"(0, 2355)",5,5,0
"(0, 2356)",5,5,0
"(0, 2357)",5,5,0
"(0, 2358)",5,5,0
"(0, 2359)",5,5,0
"(0, 2360)",5,5,0
"(0, 2361)",5,5,0
"(0, 2362)",5,5,0
"(0, 2363)",5,5,0
"(0, 2364)",5,5,0
"(0, 2365)",5,5,0
"(0, 2366)",5,5,0
"(0, 2367)",5,5,0
"(0, 2368)",5,5,0
"(0, 2369)",5,5,0
"(0, 2370)",5,5,0
"(0, 2371)",5,5,0
"(0, 2372)",5,5,0
"(0, 2373)",5,5,0
"(0, 2374)",5,5,0
"(0, 2375)",5,5,0
"(0, 2376)",5,5,0
"(0, 2377)",5,5,0
"(0, 2378)",5,5,0
"(0, 2379)",5,5,0
"(0, 2380)",5,5,0
"(0, 2381)",5,5,0
"(0, 2382)",5,5,0
"(0, 2383)",5,5,0
"(0, 2384)",5,5,0
"(0, 2385)",5,5,0
"(0, 2386)",5,5,0
"(0, 2387)",5,5,0
"(0, 2388)",5,5,0
"(0, 2389)",5,5,0
"(0, 2390)",5,5,0
"(0, 2391)",5,5,0
"(0, 2392)",5,5,0
"(0, 2393)",5,5,0
"(0, 2394)",5,5,0
"(0, 2395)",5,5,0
"(0, 2396)",5,5,0
"(0, 2397)",5,5,0
"(0, 2398)",5,5,0
"(0, 2399)",5,5,0
"(0, 2400)",5,5,0
"(0, 2401)",5,5,0
"(0, 2402)",5,5,0
"(0, 2403)",5,5,0
"(0, 2404)",5,5,0
"(0, 2405)",5,5,0
"(0, 2406)",5,5,0
"(0, 2407)",5,5,0
"(0, 2408)",5,5,0
"(0, 2409)",5,5,0
"(0, 2410)",5,5,0
"(0, 2411)",5,5,0
"(0, 2412)",5,5,0
"(0, 2413)",5,5,0
"(0, 2414)",5,5,0
"(0, 2415)",5,5,0
"(0, 2416)",5,5,0
"(0, 2417)",5,5,0
"(0, 2418)",5,5,0
"(0, 2419)",5,5,0
"(0, 2420)",5,5,0
"(0, 2421)",5,5,0
"(0, 2422)",5,5,0
"(0, 2423)",5,5,0
"(0, 2424)",5,5,0
"(0, 2425)",5,5,0
"(0, 2426)",5,5,0
"(0, 2427)",5,5,0
"(0, 2428)",5,5,0
"(0, 2429)",5,5,0
"(0, 2430)",5,5,0
"(0, 2431)",5,5,0
"(0, 2432)",5,5,0
"(0, 2433)",5,5,0
"(0, 2434)",5,5,0
"(0, 2435)",5,5,0
"(0, 2436)",5,5,0
"(0, 2437)",5,5,0
"(0, 2438)",5,5,0
"(0, 2439)",5,5,0
"(0, 2440)",5,5,0
"(0, 2441)",5,5,0
"(0, 2442)",5,5,0
"(0, 2443)",5,5,0
"(0, 2444)",5,5,0
"(0, 2445)",5,5,0
"(0, 2446)",5,5,0
"(0, 2447)",5,5,0
"(0, 2448)",5,5,0
"(0, 2449)",5,5,0
"(0, 2450)",5,5,0
"(0, 2451)",5,5,0
"(0, 2452)",5,5,0
"(0, 2453)",5,5,0
"(0, 2454)",5,5,0
"(0, 2455)",5,5,0
"(0, 2456)",5,5,0
"(0, 2457)",5,5,0
"(0, 2458)",5,5,0
"(0, 2459)",5,5,0
"(0, 2460)",5,5,0
"(0, 2461)",5,5,0
"(0, 2462)",5,5,0
"(0, 2463)",5,5,0
"(0, 2464)",5,5,0
"(0, 2465)",5,5,0
"(0, 2466)",5,5,0
"(0, 2467)",5,5,0
"(0, 2468)",5,5,0
"(0, 2469)",5,5,0
"(0, 2470)",5,5,0
"(0, 2471)",5,5,0
"(0, 2472)",5,5,0
"(0, 2473)",5,5,0
"(0, 2474)",5,5,0
"(0, 2475)",5,5,0
"(0, 2476)",5,5,0
"(0, 2477)",5,5,0
"(0, 2478)",5,5,0
"(0, 2479)",5,5,0
"(0, 2480)",5,5,0
"(0, 2481)",5,5,0
"(0, 2482)",5,5,0
"(0, 2483)",5,5,0
"(0, 2484)",5,5,0
"(0, 2485)",5,5,0
"(0, 2486)",5,5,0
"(0, 2487)",5,5,0
"(0, 2488)",5,5,0
"(0, 2489)",5,5,0
"(0, 2490)",5,5,0
"(0, 2491)",5,5,0
"(0, 2492)",5,5,0
"(0, 2493)",5,5,0
"(0, 2494)",5,5,0
"(0, 2495)",5,5,0
"(0, 2496)",5,5,0
"(0, 2497)",5,5,0
"(0, 2498)",5,5,0
"(0, 2499)",5,5,0
"(0, 2500)",5,5,0
"(0, 2501)",5,5,0
"(0, 2502)",5,5,0
"(0, 2503)",5,5,0
"(0, 2504)",5,5,0
"(0, 2505)",5,5,0
"(0, 2506)",5,5,0
"(0, 2507)",5,5,0
"(0, 2508)",5,5,0
"(0, 2509)",5,5,0
"(0, 2510)",5,5,0
"(0, 2511)",5,5,0
"(0, 2512)",5,5,0
"(6, 90)",32,32,0
"(6, 91)",32,32,0
"(6, 92)",24,24,0
"(6, 93)",24,24,0
"(6, 94)",24,24,0
"(6, 95)",24,24,0
"(6, 96)",24,24,0
"(6, 97)",24,24,0
"(6, 98)",24,24,0
"(6, 99)",24,24,0
"(6, 100)",24,24,0
"(6, 101)",24,24,0
"(6, 102)",24,24,0
"(6, 103)",24,24,0
"(6, 104)",24,24,0
"(6, 105)",24,24,0
"(6, 106)",24,24,0
"(6, 107)",24,24,0
"(6, 108)",24,24,0
"(6, 109)",24,24,0
"(6, 110)",24,24,0
"(6, 111)",16,16,0
"(6, 112)",16,16,0
"(6, 113)",16,16,0
"(6, 114)",16,16,0
"(6, 115)",16,16,0
"(6, 116)",16,16,0
"(6, 117)",16,16,0
"(6, 118)",16,16,0
"(6, 119)",16,16,0
"(6, 120)",8,8,0
"(6, 121)",8,8,0
"(6, 122)",8,8,0
"(6, 123)",8,8,0
"(6, 124)",8,8,0
"(6, 125)",8,8,0
"(6, 126)",8,8,0
"(6, 127)",8,8,0
"(6, 128)",8,8,0
"(6, 129)",8,8,0
"(6, 130)",8,8,0
"(6, 131)",8,8,0
"(6, 132)",8,8,0
"(6, 133)",8,8,0
"(6, 134)",8,8,0
"(6, 135)",8,8,0
"(6, 136)",8,8,0
"(6, 137)",8,8,0
"(6, 138)",8,8,0
"(6, 139)",8,8,0
"(6, 140)",8,8,0
"(6, 141)",8,8,0
"(6, 142)",8,8,0
"(6, 143)",8,8,0
"(5, 0)",23,23,0
"(5, 1)",23,23,0
"(5, 2)",23,23,0
"(5, 3)",23,16,7
"(5, 4)",23,16,7
"(5, 5)",23,10,13
"(5, 6)",23,10,13
"(5, 7)",23,12,11
"(5, 8)",23,16,7
"(5, 9)",23,16,7
"(5, 10)",23,16,7
"(5, 11)",23,12,11
"(5, 12)",23,8,15
"(5, 13)",23,12,11
"(5, 14)",23,14,9
"(5, 15)",23,14,9
"(5, 16)",23,16,7
"(5, 17)",23,23,0
"(5, 18)",23,23,0
"(5, 19)",23,23,0
"(5, 20)",23,23,0
"(5, 21)",23,23,0
"(5, 22)",23,23,0
"(5, 23)",23,15,8
"(5, 24)",23,18,5
"(5, 25)",23,16,7
"(5, 26)",23,19,4
"(5, 27)",23,23,0
"(5, 28)",23,23,0
"(5, 29)",23,23,0
"(5, 30)",23,23,0
"(5, 31)",23,23,0
"(5, 32)",23,23,0
"(5, 33)",23,23,0
"(5, 34)",23,23,0
"(5, 35)",23,23,0
"(5, 36)",23,23,0
"(5, 37)",23,23,0
"(5, 38)",23,23,0
"(5, 39)",23,23,0
"(5, 40)",23,23,0
"(5, 41)",23,23,0
"(5, 42)",23,23,0
"(5, 43)",23,23,0
"(5, 44)",23,23,0
"(5, 45)",23,23,0
"(5, 46)",23,23,0
"(5, 47)",23,23,0
"(5, 48)",23,23,0
"(5, 49)",23,23,0
"(5, 50)",23,23,0
"(5, 51)",23,23,0
"(5, 52)",23,23,0
"(5, 53)",23,23,0
"(5, 54)",23,23,0
"(5, 55)",23,23,0
"(5, 56)",23,23,0
"(5, 57)",23,23,0
"(5, 58)",23,23,0
"(5, 59)",23,23,0
"(5, 60)",23,23,0
"(5, 61)",23,23,0
"(5, 62)",23,23,0
"(5, 63)",23,23,0
"(5, 64)",23,23,0
"(5, 65)",23,23,0
"(5, 66)",23,23,0
"(5, 67)",23,23,0
"(5, 68)",23,23,0
"(5, 69)",23,23,0
"(5, 70)",23,23,0
"(5, 71)",23,23,0
"(5, 72)",23,23,0
"(5, 73)",23,23,0
"(5, 74)",23,23,0
"(5, 75)",23,23,0
"(5, 76)",23,23,0
"(5, 77)",23,23,0
"(5, 78)",23,23,0
"(5, 79)",23,23,0
"(5, 80)",23,23,0
"(5, 81)",23,23,0
"(5, 82)",23,23,0
"(5, 83)",23,23,0
"(5, 84)",15,15,0
"(5, 85)",15,15,0
"(5, 86)",15,15,0
"(5, 87)",15,15,0
"(5, 88)",15,15,0
"(5, 89)",15,15,0
"(5, 90)",15,15,0
"(5, 91)",15,15,0
"(5, 92)",15,15,0
"(5, 93)",15,15,0
"(5, 94)",15,15,0
"(5, 95)",15,15,0
"(5, 96)",15,15,0
"(5, 97)",15,15,0
"(5, 98)",15,15,0
"(5, 99)",15,15,0
"(5, 100)",15,15,0
"(5, 101)",15,15,0
"(5, 102)",15,15,0
"(5, 103)",8,8,0
"(5, 104)",8,8,0
"(5, 105)",8,8,0
"(5, 106)",8,8,0
"(5, 107)",8,8,0
"(5, 108)",8,8,0
"(5, 109)",8,8,0
"(5, 110)",8,8,0
"(5, 111)",8,8,0
"(5, 112)",8,8,0
"(5, 113)",8,8,0
"(5, 114)",8,8,0
"(5, 115)",8,8,0
"(5, 116)",8,8,0
"(5, 117)",8,8,0
"(5, 118)",8,8,0
"(5, 119)",8,8,0
"(5, 120)",8,8,0
"(5, 121)",8,8,0
"(5, 122)",8,8,0
"(5, 123)",8,8,0
"(5, 124)",8,8,0
"(5, 125)",8,8,0
"(5, 126)",8,8,0
"(5, 127)",8,8,0
"(5, 128)",8,8,0
"(5, 129)",8,8,0
"(5, 130)",8,8,0
"(5, 131)",8,8,0
"(5, 132)",8,8,0
"(5, 133)",8,8,0
"(5, 134)",8,8,0
"(5, 135)",8,8,0
"(5, 136)",8,8,0
"(5, 137)",8,8,0
"(5, 138)",8,8,0
"(5, 139)",8,8,0
"(5, 140)",8,8,0
"(5, 141)",8,8,0
"(5, 142)",8,8,0
"(5, 143)",8,8,0
"(5, 144)",8,8,0
"(2, 0)",15,11,4
"(2, 1)",15,8,7
"(2, 2)",15,8,7
"(2, 3)",15,8,7
"(2, 4)",15,9,6
"(2, 5)",15,12,3
"(2, 6)",15,13,2
"(2, 7)",15,14,1
"(2, 8)",15,11,4
"(2, 9)",15,11,4
"(2, 10)",15,12,3
"(2, 11)",15,12,3
"(2, 12)",15,15,0
"(2, 13)",15,15,0
"(2, 14)",15,15,0
"(2, 15)",15,15,0
"(2, 16)",15,15,0
"(2, 17)",15,15,0
"(2, 18)",15,15,0
"(2, 19)",15,15,0
"(2, 20)",15,15,0
"(2, 21)",15,15,0
"(2, 22)",15,15,0
"(2, 23)",15,15,0
"(2, 24)",15,15,0
"(2, 25)",15,15,0
"(2, 26)",15,10,5
"(2, 27)",15,10,5
"(2, 28)",15,10,5
"(2, 29)",15,15,0
"(2, 30)",15,15,0
"(2, 31)",15,15,0
"(2, 32)",15,15,0
"(2, 33)",15,15,0
"(2, 34)",15,15,0
"(2, 35)",15,15,0
"(2, 36)",15,15,0
"(2, 37)",15,15,0
"(2, 38)",15,15,0
"(2, 39)",15,15,0
"(2, 40)",15,15,0
"(2, 41)",15,15,0
"(2, 42)",9,9,0
"(2, 43)",9,9,0
"(2, 44)",9,9,0
"(2, 45)",9,9,0
"(2, 46)",9,9,0
"(2, 47)",9,9,0
"(2, 48)",9,9,0
"(2, 49)",9,9,0
"(2, 50)",9,9,0
"(2, 51)",9,9,0
"(2, 52)",9,9,0
"(2, 53)",9,9,0
"(2, 54)",9,9,0
"(2, 55)",9,9,0
"(2, 56)",9,9,0
"(2, 57)",9,9,0
"(2, 58)",9,9,0
"(2, 59)",9,9,0
"(2, 60)",9,9,0
"(2, 61)",9,9,0
"(2, 62)",9,9,0
"(2, 63)",9,9,0
"(2, 64)",9,9,0
"(2, 65)",9,9,0
"(2, 66)",9,9,0
"(2, 67)",9,9,0
"(2, 68)",9,9,0
"(2, 69)",9,9,0
"(2, 70)",9,9,0
"(2, 71)",9,9,0
"(2, 72)",9,9,0
"(2, 73)",9,9,0
"(2, 74)",9,9,0
"(2, 75)",9,9,0
"(2, 76)",9,9,0
"(2, 77)",9,9,0
"(2, 78)",9,9,0
"(2, 79)",9,9,0
"(2, 80)",9,9,0
"(2, 81)",9,9,0
"(2, 82)",9,9,0
"(2, 83)",9,9,0
"(2, 84)",9,9,0
"(2, 85)",9,9,0
"(2, 86)",9,9,0
"(2, 87)",9,9,0
"(2, 88)",9,9,0
"(2, 89)",9,9,0
"(2, 90)",9,9,0
"(2, 91)",9,9,0
"(2, 92)",9,9,0
"(2, 93)",9,9,0
"(2, 94)",9,9,0
"(2, 95)",9,9,0
"(2, 96)",9,9,0
"(2, 97)",9,9,0
"(2, 98)",9,9,0
"(2, 99)",9,9,0
"(2, 100)",9,9,0
"(2, 101)",9,9,0
"(2, 102)",9,9,0
"(2, 103)",9,9,0
"(2, 104)",9,9,0
"(2, 105)",9,9,0
"(2, 106)",9,9,0
"(2, 107)",9,9,0
"(2, 108)",9,9,0
"(2, 109)",9,9,0
"(2, 110)",9,9,0
"(2, 111)",9,9,0
"(2, 112)",9,9,0
"(2, 113)",9,9,0
"(2, 114)",9,9,0
"(2, 115)",9,9,0
"(2, 116)",9,9,0
"(2, 117)",9,9,0
"(2, 118)",9,9,0
"(2, 119)",9,9,0
"(2, 120)",9,9,0
"(2, 121)",9,9,0
"(2, 122)",9,9,0
"(2, 123)",9,9,0
"(2, 124)",9,9,0
"(2, 125)",9,9,0
"(2, 126)",9,9,0
"(2, 127)",9,9,0
"(2, 128)",9,9,0
"(2, 129)",9,9,0
"(2, 130)",9,9,0
"(2, 131)",9,9,0
"(2, 132)",9,9,0
"(2, 133)",9,9,0
"(2, 134)",9,9,0
"(2, 135)",9,9,0
"(2, 136)",9,9,0
"(2, 137)",9,9,0
"(2, 138)",9,9,0
"(2, 139)",9,9,0
"(2, 140)",9,9,0
"(2, 141)",9,9,0
"(2, 142)",9,9,0
"(2, 143)",9,9,0
"(2, 144)",9,9,0
"(2, 145)",9,9,0
"(2, 146)",9,9,0
"(2, 147)",9,9,0
"(2, 148)",9,9,0
"(2, 149)",9,9,0
"(2, 150)",9,9,0
"(2, 151)",9,9,0
"(2, 152)",9,9,0
"(2, 153)",9,9,0
"(2, 154)",9,9,0
"(2, 155)",9,9,0
"(2, 156)",9,9,0
"(2, 157)",9,9,0
"(2, 158)",9,9,0
"(2, 159)",9,9,0
"(2, 160)",9,9,0
"(2, 161)",9,9,0
"(2, 162)",9,9,0
"(2, 163)",9,9,0
"(2, 164)",9,9,0
"(2, 165)",9,9,0
"(2, 166)",9,9,0
"(2, 167)",9,9,0
"(2, 168)",9,9,0
"(2, 169)",9,9,0
"(2, 170)",9,9,0
"(2, 171)",9,9,0
"(2, 172)",9,9,0
"(2, 173)",5,5,0
"(2, 174)",5,5,0
"(2, 175)",5,5,0
"(2, 176)",5,5,0
"(2, 177)",5,5,0
"(2, 178)",5,5,0
"(2, 179)",5,5,0
"(2, 180)",5,5,0
"(2, 181)",5,5,0
"(2, 182)",5,5,0
"(2, 183)",5,5,0
"(2, 184)",5,5,0
"(2, 185)",5,5,0
"(2, 186)",5,5,0
"(2, 187)",5,5,0
"(2, 188)",5,5,0
"(2, 189)",5,5,0
"(2, 190)",5,5,0
"(2, 191)",5,5,0
"(2, 192)",5,5,0
"(2, 193)",5,5,0
"(2, 194)",5,5,0
"(3, 0)",17,17,0
"(3, 1)",17,12,5
"(3, 2)",17,12,5
"(3, 3)",17,7,10
"(3, 4)",17,7,10
"(3, 5)",17,7,10
"(3, 6)",17,17,0
"(3, 7)",17,17,0
"(3, 8)",17,17,0
"(3, 9)",17,17,0
"(3, 10)",17,17,0
"(3, 11)",17,17,0
"(3, 12)",17,17,0
"(3, 13)",17,17,0
"(3, 14)",17,17,0
"(3, 15)",17,17,0
"(3, 16)",17,17,0
"(3, 17)",17,17,0
"(3, 18)",17,17,0
"(3, 19)",17,17,0
"(3, 20)",17,17,0
"(3, 21)",17,17,0
"(3, 22)",17,17,0
"(3, 23)",17,17,0
"(3, 24)",17,17,0
"(3, 25)",17,13,4
"(3, 26)",17,13,4
"(3, 27)",17,13,4
"(3, 28)",17,15,2
"(3, 29)",17,15,2
"(3, 30)",17,15,2
"(3, 31)",17,15,2
"(3, 32)",17,17,0
"(3, 33)",17,17,0
"(3, 34)",17,17,0
"(3, 35)",17,17,0
"(3, 36)",17,17,0
"(3, 37)",17,17,0
"(3, 38)",17,17,0
"(3, 39)",17,17,0
"(3, 40)",17,17,0
"(3, 41)",17,17,0
"(3, 42)",17,17,0
"(3, 43)",17,17,0
"(3, 44)",17,17,0
"(3, 45)",17,17,0
"(3, 46)",17,17,0
"(3, 47)",17,17,0
"(3, 48)",17,17,0
"(3, 49)",17,17,0
"(3, 50)",17,17,0
"(3, 51)",17,17,0
"(4, 0)",7,7,0
"(4, 1)",7,7,0
"(4, 2)",7,7,0
"(4, 3)",7,7,0
"(4, 4)",7,7,0
"(4, 5)",7,7,0
"(4, 6)",7,2,5
"(4, 7)",7,2,5
"(4, 8)",7,2,5
"(4, 9)",7,2,5
"(4, 10)",7,5,2
"(4, 11)",7,7,0
"(4, 12)",7,7,0
"(4, 13)",7,7,0
"(4, 14)",7,7,0
"(4, 15)",7,7,0
"(4, 16)",7,7,0
"(4, 17)",7,7,0
"(4, 18)",7,7,0
"(4, 19)",7,7,0
"(4, 20)",7,7,0
"(4, 21)",7,7,0
"(4, 22)",7,7,0
"(4, 23)",7,7,0
"(4, 24)",7,7,0
"(4, 25)",7,7,0
"(4, 26)",7,7,0
"(4, 27)",7,7,0
"(4, 28)",7,7,0
"(4, 29)",7,7,0
"(4, 30)",7,7,0
"(4, 31)",7,7,0
"(4, 32)",7,7,0
"(4, 33)",7,7,0
"(4, 34)",7,2,5
"(4, 35)",7,2,5
"(4, 36)",7,5,2
"(4, 37)",7,7,0
"(4, 38)",7,7,0
"(4, 39)",7,7,0
"(4, 40)",7,7,0
"(4, 41)",7,7,0
"(4, 42)",7,7,0
"(4, 43)",7,7,0
"(4, 44)",7,7,0
"(4, 45)",7,7,0
"(4, 46)",7,7,0
"(4, 47)",7,7,0
"(4, 48)",7,7,0
"(4, 49)",7,7,0
"(4, 50)",7,7,0
"(4, 51)",7,7,0
"(4, 52)",7,7,0
"(4, 53)",7,7,0
"(4, 54)",7,7,0
"(4, 55)",7,7,0
"(4, 56)",7,7,0
"(4, 57)",7,7,0
"(4, 58)",7,7,0
"(4, 59)",7,7,0
"(4, 60)",7,7,0
"(4, 61)",7,7,0
"(4, 62)",7,7,0
"(4, 63)",7,7,0
"(4, 64)",7,7,0
"(4, 65)",7,7,0
"(4, 66)",7,7,0
"(4, 67)",7,7,0
"(4, 68)",7,7,0
"(4, 69)",7,7,0
"(4, 70)",7,7,0
"(4, 71)",7,7,0
"(4, 72)",7,7,0
"(4, 73)",7,7,0
"(4, 74)",7,7,0
"(4, 75)",7,7,0
"(4, 76)",7,7,0
"(4, 77)",7,7,0
"(4, 78)",7,7,0
"(4, 79)",7,7,0
"(4, 80)",7,7,0
"(4, 81)",7,7,0
"(4, 82)",7,7,0
"(4, 83)",7,7,0
"(4, 84)",7,7,0
"(4, 85)",7,7,0
"(4, 86)",7,7,0
"(7, 0)",10,10,0
"(7, 1)",10,10,0
"(7, 2)",10,3,7
"(7, 3)",10,3,7
"(7, 4)",10,10,0
"(7, 5)",10,10,0
"(7, 6)",10,10,0
"(7, 7)",10,10,0
"(7, 8)",10,10,0
"(7, 9)",10,10,0
"(7, 10)",10,10,0
"(7, 11)",10,10,0
"(7, 12)",10,10,0
"(7, 13)",10,10,0
"(7, 14)",10,10,0
"(7, 15)",10,10,0
"(7, 16)",10,3,7
"(7, 17)",10,3,7
"(7, 18)",10,3,7
"(7, 19)",10,6,4
"(7, 20)",10,3,7
"(7, 21)",10,7,3
"(7, 22)",10,3,7
"(7, 23)",10,3,7
"(7, 24)",10,3,7
"(7, 25)",10,6,4
"(7, 26)",10,6,4
"(7, 27)",10,10,0
"(7, 28)",10,10,0
"(7, 29)",10,10,0
"(7, 30)",10,10,0
"(7, 31)",10,10,0
"(7, 32)",10,10,0
"(7, 33)",10,10,0
"(7, 34)",10,10,0
"(7, 35)",10,10,0
"(7, 36)",10,10,0
"(7, 37)",10,10,0
"(7, 38)",10,10,0
"(7, 39)",10,10,0
"(7, 40)",10,10,0
"(7, 41)",10,10,0
"(7, 42)",10,10,0
"(7, 43)",10,10,0
"(7, 44)",10,10,0
"(7, 45)",10,10,0
"(7, 46)",10,10,0
"(7, 47)",10,10,0
"(7, 48)",10,10,0
"(7, 49)",10,10,0
"(7, 50)",10,10,0
"(7, 51)",10,10,0
"(7, 52)",10,10,0
"(7, 53)",10,10,0
"(7, 54)",10,10,0
"(7, 55)",10,10,0
"(7, 56)",10,10,0
"(7, 57)",10,10,0
"(7, 58)",10,10,0
"(7, 59)",10,10,0
"(7, 60)",10,10,0
"(7, 61)",10,10,0
"(7, 62)",10,10,0
"(7, 63)",10,10,0
"(7, 64)",10,10,0
"(7, 65)",10,10,0
"(7, 66)",10,10,0
"(7, 67)",10,10,0
"(7, 68)",10,10,0
"(7, 69)",10,10,0
"(7, 70)",10,10,0
"(7, 71)",10,10,0
"(7, 72)",10,10,0
"(7, 73)",10,10,0
"(7, 74)",10,10,0
"(7, 75)",10,10,0
"(7, 76)",10,10,0
"(7, 77)",10,10,0
"(7, 78)",10,10,0
"(7, 79)",10,10,0
"(7, 80)",10,10,0
"(7, 81)",10,10,0
"(7, 82)",10,10,0
"(7, 83)",10,10,0
"(7, 84)",10,10,0
"(7, 85)",10,10,0
"(7, 86)",10,10,0
"(7, 87)",10,10,0
"(7, 88)",10,10,0
"(7, 89)",10,10,0
"(7, 90)",10,10,0
"(7, 91)",10,10,0
"(7, 92)",10,10,0
"(7, 93)",10,10,0
"(7, 94)",10,10,0
"(7, 95)",10,10,0
"(7, 96)",10,10,0
"(7, 97)",10,10,0
"(7, 98)",10,10,0
"(7, 99)",10,10,0
"(7, 100)",10,10,0
"(7, 101)",10,10,0
"(7, 102)",10,10,0
"(7, 103)",10,10,0
"(7, 104)",10,10,0
"(7, 105)",10,10,0
"(7, 106)",10,10,0
"(7, 107)",10,10,0
"(7, 108)",10,10,0
"(7, 109)",10,10,0
"(7, 110)",10,10,0
"(7, 111)",10,10,0
"(7, 112)",10,10,0
"(7, 113)",10,10,0
"(7, 114)",10,10,0
"(7, 115)",10,10,0
"(7, 116)",10,10,0
"(7, 117)",10,10,0
"(7, 118)",10,10,0
"(7, 119)",10,10,0
"(7, 120)",10,10,0
"(7, 121)",10,10,0
"(7, 122)",10,10,0
"(7, 123)",10,10,0
"(7, 124)",10,10,0
"(7, 125)",10,10,0
"(7, 126)",10,10,0
"(7, 127)",10,10,0
"(7, 128)",10,10,0
"(7, 129)",10,10,0
"(7, 130)",10,10,0
"(7, 131)",10,10,0
"(7, 132)",10,10,0
"(7, 133)",10,10,0
"(7, 134)",10,10,0
"(7, 135)",10,10,0
"(7, 136)",10,10,0
"(7, 137)",10,10,0
"(7, 138)",10,10,0
"(7, 139)",10,10,0
"(7, 140)",10,10,0
"(7, 141)",10,10,0
"(7, 142)",10,10,0
"(7, 143)",10,10,0
"(7, 144)",10,10,0
"(7, 145)",10,10,0
"(7, 146)",10,10,0
"(7, 147)",10,10,0
"(7, 148)",10,10,0
"(7, 149)",10,10,0
"(7, 150)",10,10,0
"(7, 151)",10,10,0
"(7, 152)",10,10,0
"(7, 153)",10,10,0
"(7, 154)",10,10,0
"(7, 155)",10,10,0
"(7, 156)",10,10,0
"(7, 157)",10,10,0
"(7, 158)",10,10,0
"(7, 159)",10,10,0
"(7, 160)",10,10,0
"(7, 161)",10,10,0
"(7, 162)",10,10,0
"(7, 163)",10,10,0
"(7, 164)",10,10,0
"(7, 165)",10,10,0
"(7, 166)",10,10,0
"(7, 167)",10,10,0
"(7, 168)",10,10,0
"(7, 169)",10,10,0
"(7, 170)",10,10,0
"(7, 171)",10,10,0
"(7, 172)",10,10,0
"(7, 173)",10,10,0
"(7, 174)",10,10,0
"(7, 175)",10,10,0
"(7, 176)",10,10,0
"(7, 177)",10,10,0
"(7, 178)",10,10,0
"(7, 179)",10,10,0
"(7, 180)",10,10,0
"(7, 181)",10,10,0
"(7, 182)",10,10,0
"(7, 183)",10,10,0
"(7, 184)",10,10,0
"(7, 185)",10,10,0
"(7, 186)",10,10,0
"(7, 187)",10,10,0
"(7, 188)",10,10,0
"(7, 189)",10,10,0
"(7, 190)",10,10,0
"(7, 191)",10,10,0
"(7, 192)",10,10,0
"(7, 193)",10,10,0
"(7, 194)",10,10,0
"(7, 195)",10,10,0
"(7, 196)",10,10,0
"(7, 197)",10,10,0
"(7, 198)",10,10,0
"(7, 199)",10,10,0
"(7, 200)",10,10,0
"(7, 201)",10,10,0
"(7, 202)",10,10,0
"(7, 203)",10,10,0
"(7, 204)",10,10,0
"(7, 205)",10,10,0
"(7, 206)",10,10,0
"(7, 207)",10,10,0
"(7, 208)",10,10,0
"(7, 209)",10,10,0
"(7, 210)",10,10,0
"(7, 211)",10,10,0
"(7, 212)",10,10,0
"(7, 213)",10,10,0
"(7, 214)",10,10,0
"(7, 215)",10,10,0
"(7, 216)",10,10,0
"(7, 217)",10,10,0
"(7, 218)",10,10,0
"(7, 219)",10,10,0
"(7, 220)",10,10,0
"(7, 221)",10,10,0
"(7, 222)",10,10,0
"(7, 223)",10,10,0
"(7, 224)",10,10,0
"(7, 225)",10,10,0
"(7, 226)",10,10,0
"(7, 227)",10,10,0
"(7, 228)",10,10,0
"(7, 229)",10,10,0
"(7, 230)",10,10,0
"(7, 231)",10,10,0
"(7, 232)",10,10,0
"(7, 233)",10,10,0
"(7, 234)",10,10,0
"(7, 235)",10,10,0
"(7, 236)",10,10,0
"(7, 237)",10,10,0
"(7, 238)",10,10,0
"(7, 239)",10,10,0
"(7, 240)",10,10,0
"(3, 52)",11,11,0
"(3, 53)",11,11,0
"(3, 54)",11,11,0
"(3, 55)",11,11,0
"(3, 56)",11,11,0
"(3, 57)",11,11,0
"(3, 58)",11,11,0
"(3, 59)",11,11,0
"(3, 60)",6,6,0
"(3, 61)",6,6,0
"(3, 62)",6,6,0
"(3, 63)",6,6,0
"(3, 64)",6,6,0
"(3, 65)",6,6,0
"(3, 66)",6,6,0
"(3, 67)",6,6,0
"(3, 68)",6,6,0
"(3, 69)",6,6,0
"(3, 70)",6,6,0
"(3, 71)",6,6,0
"(3, 72)",6,6,0
"(3, 73)",6,6,0
"(3, 74)",6,6,0
"(3, 75)",6,6,0
"(3, 76)",6,6,0
"(3, 77)",6,6,0
"(3, 78)",6,6,0
"(3, 79)",6,6,0
"(14, 66)",160,160,0
"(14, 67)",160,160,0
"(14, 68)",140,140,0
"(14, 69)",120,120,0
"(14, 70)",120,120,0
"(14, 71)",120,120,0
"(14, 72)",120,120,0
"(14, 73)",120,120,0
"(14, 74)",120,120,0
"(14, 75)",120,120,0
"(14, 76)",120,120,0
"(14, 77)",120,120,0
"(14, 78)",100,100,0
"(14, 79)",100,100,0
"(14, 80)",100,100,0
"(14, 81)",100,100,0
"(14, 82)",100,100,0
"(14, 83)",100,100,0
"(14, 84)",100,100,0
"(14, 85)",100,100,0
"(14, 86)",100,100,0
"(14, 87)",80,80,0
"(14, 88)",80,80,0
"(14, 89)",80,80,0
"(14, 90)",80,80,0
"(14, 91)",80,80,0
"(14, 92)",80,80,0
"(14, 93)",80,80,0
"(14, 94)",80,80,0
"(14, 95)",80,80,0
"(14, 96)",80,80,0
"(14, 97)",80,80,0
"(14, 98)",80,80,0
"(14, 99)",80,80,0
"(14, 100)",80,80,0
"(14, 101)",80,80,0
"(14, 102)",80,80,0
"(14, 103)",80,80,0
"(14, 104)",80,80,0
"(14, 105)",80,80,0
"(14, 106)",80,80,0
"(14, 107)",80,80,0
"(14, 108)",60,60,0
"(14, 109)",60,60,0
"(14, 110)",60,60,0
"(14, 111)",60,60,0
"(14, 112)",60,60,0
"(14, 113)",60,60,0
"(14, 114)",60,60,0
"(14, 115)",40,40,0
"(14, 116)",40,40,0
"(14, 117)",40,40,0
"(14, 118)",40,40,0
"(14, 119)",40,40,0
"(13, 0)",57,57,0
"(13, 1)",57,57,0
"(13, 2)",57,43,14
"(13, 3)",57,43,14
"(13, 4)",57,43,14
"(13, 5)",57,43,14
"(13, 6)",57,47,10
"(13, 7)",57,57,0
"(13, 8)",57,57,0
"(13, 9)",57,57,0
"(13, 10)",57,57,0
"(13, 11)",57,57,0
"(13, 12)",57,57,0
"(13, 13)",57,57,0
"(13, 14)",57,57,0
"(13, 15)",57,57,0
"(13, 16)",57,57,0
"(13, 17)",57,57,0
"(13, 18)",57,57,0
"(13, 19)",57,57,0
"(13, 20)",57,57,0
"(13, 21)",57,57,0
"(13, 22)",57,43,14
"(13, 23)",57,43,14
"(13, 24)",57,43,14
"(13, 25)",57,43,14
"(13, 26)",57,52,5
"(13, 27)",57,57,0
"(13, 28)",57,57,0
"(13, 29)",57,57,0
"(13, 30)",57,57,0
"(13, 31)",57,57,0
"(13, 32)",57,43,14
"(13, 33)",57,53,4
"(13, 34)",57,57,0
"(13, 35)",57,57,0
"(13, 36)",57,57,0
"(13, 37)",57,57,0
"(13, 38)",57,57,0
"(13, 39)",57,57,0
"(13, 40)",57,57,0
"(13, 41)",57,57,0
"(13, 42)",57,57,0
"(13, 43)",57,57,0
"(13, 44)",57,57,0
"(13, 45)",57,57,0
"(13, 46)",57,57,0
"(13, 47)",57,57,0
"(13, 48)",38,38,0
"(13, 49)",38,38,0
"(13, 50)",38,38,0
"(13, 51)",38,38,0
"(13, 52)",38,38,0
"(13, 53)",38,38,0
"(13, 54)",38,38,0
"(13, 55)",38,38,0
"(13, 56)",38,38,0
"(13, 57)",38,38,0
"(13, 58)",38,38,0
"(13, 59)",38,38,0
"(13, 60)",38,38,0
"(13, 61)",38,38,0
"(13, 62)",19,19,0
"(13, 63)",19,19,0
"(13, 64)",19,19,0
"(13, 65)",19,19,0
"(13, 66)",19,5,14
"(13, 67)",19,5,14
"(13, 68)",19,5,14
"(13, 69)",19,5,14
"(13, 70)",19,5,14
"(13, 71)",19,5,14
"(13, 72)",19,15,4
"(13, 73)",19,19,0
"(13, 74)",19,19,0
"(13, 75)",19,19,0
"(13, 76)",19,19,0
"(13, 77)",19,19,0
"(13, 78)",19,19,0
"(13, 79)",19,19,0
"(13, 80)",19,19,0
"(11, 0)",925,880,45
"(11, 1)",925,731,194
"(11, 2)",925,679,246
"(11, 3)",925,640,285
"(11, 4)",925,639,286
"(11, 5)",925,684,241
"(11, 6)",925,738,187
"(11, 7)",925,756,169
"(11, 8)",925,741,184
"(11, 9)",925,760,165
"(11, 10)",925,768,157
"(11, 11)",925,733,192
"(11, 12)",925,792,133
"(11, 13)",925,778,147
"(11, 14)",925,773,152
"(11, 15)",925,781,144
"(11, 16)",925,772,153
"(11, 17)",925,776,149
"(11, 18)",925,741,184
"(11, 19)",925,770,155
"(11, 20)",925,825,100
"(11, 21)",925,800,125
"(11, 22)",925,815,110
"(11, 23)",925,840,85
"(11, 24)",925,885,40
"(11, 25)",925,875,50
"(11, 26)",925,900,25
"(11, 27)",925,905,20
"(11, 28)",925,900,25
"(11, 29)",925,910,15
"(11, 30)",925,910,15
"(11, 31)",925,890,35
"(11, 32)",925,865,60
"(11, 33)",908,858,50
"(11, 34)",908,863,45
"(11, 35)",908,888,20
"(11, 36)",908,893,15
"(11, 37)",908,863,45
"(11, 38)",891,841,50
"(11, 39)",891,841,50
"(11, 40)",857,817,40
"(11, 41)",823,794,29
"(11, 42)",792,758,34
"(11, 43)",792,757,35
"(11, 44)",775,720,55
"(11, 45)",775,725,50
"(11, 46)",758,718,40
"(11, 47)",758,743,15
"(11, 48)",758,738,20
"(11, 49)",741,721,20
"(11, 50)",724,694,30
"(11, 51)",724,680,44
"(11, 52)",724,690,34
"(11, 53)",691,672,19
"(11, 54)",658,624,34
"(11, 55)",658,619,39
"(11, 56)",641,607,34
"(11, 57)",641,631,10
"(11, 58)",624,624,0
"(11, 59)",624,624,0
"(11, 60)",590,580,10
"(11, 61)",590,580,10
"(11, 62)",556,556,0
"(11, 63)",556,556,0
"(11, 64)",556,556,0
"(11, 65)",556,541,15
"(11, 66)",556,541,15
"(11, 67)",556,541,15
"(11, 68)",556,541,15
"(11, 69)",540,535,5
"(11, 70)",525,525,0
"(11, 71)",491,482,9
"(11, 72)",491,477,14
"(11, 73)",474,460,14
"(11, 74)",474,469,5
"(11, 75)",474,474,0
"(11, 76)",457,457,0
"(11, 77)",457,457,0
"(11, 78)",457,457,0
"(11, 79)",440,440,0
"(11, 80)",423,423,0
"(11, 81)",423,423,0
"(11, 82)",423,423,0
"(11, 83)",423,423,0
"(11, 84)",423,423,0
"(11, 85)",406,406,0
"(11, 86)",406,406,0
"(11, 87)",389,389,0
"(11, 88)",389,389,0
"(11, 89)",389,389,0
"(11, 90)",389,389,0
"(11, 91)",389,389,0
"(11, 92)",389,389,0
"(11, 93)",389,389,0
"(11, 94)",372,372,0
"(11, 95)",372,372,0
"(11, 96)",355,355,0
"(11, 97)",355,355,0
"(11, 98)",355,355,0
"(11, 99)",355,355,0
"(11, 100)",355,355,0
"(11, 101)",355,355,0
"(11, 102)",355,355,0
"(11, 103)",355,355,0
"(11, 104)",355,355,0
"(11, 105)",355,355,0
"(11, 106)",355,355,0
"(11, 107)",355,355,0
"(11, 108)",355,355,0
"(11, 109)",355,355,0
"(11, 110)",338,338,0
"(11, 111)",338,338,0
"(11, 112)",321,321,0
"(11, 113)",321,321,0
"(11, 114)",321,321,0
"(11, 115)",321,321,0
"(11, 116)",321,321,0
"(11, 117)",321,321,0
"(11, 118)",321,321,0
"(11, 119)",321,321,0
"(11, 120)",321,321,0
"(11, 121)",321,321,0
"(11, 122)",321,321,0
"(11, 123)",304,304,0
"(11, 124)",304,304,0
"(11, 125)",287,287,0
"(11, 126)",287,287,0
"(11, 127)",287,287,0
"(11, 128)",287,287,0
"(11, 129)",287,287,0
"(11, 130)",287,287,0
"(11, 131)",287,287,0
"(11, 132)",287,287,0
"(11, 133)",287,287,0
"(11, 134)",287,287,0
"(11, 135)",287,287,0
"(11, 136)",287,287,0
"(11, 137)",270,270,0
"(11, 138)",270,270,0
"(11, 139)",253,253,0
"(11, 140)",253,253,0
"(11, 141)",253,253,0
"(11, 142)",253,253,0
"(11, 143)",253,253,0
"(11, 144)",253,253,0
"(11, 145)",236,236,0
"(11, 146)",220,220,0
"(11, 147)",220,220,0
"(11, 148)",220,220,0
"(11, 149)",220,220,0
"(11, 150)",220,220,0
"(11, 151)",220,220,0
"(11, 152)",203,203,0
"(11, 153)",186,186,0
"(11, 154)",186,186,0
"(11, 155)",186,186,0
"(11, 156)",186,186,0
"(11, 157)",186,186,0
"(11, 158)",186,186,0
"(11, 159)",186,186,0
"(11, 160)",186,186,0
"(11, 161)",186,186,0
"(11, 162)",186,186,0
"(11, 163)",169,169,0
"(11, 164)",169,169,0
"(11, 165)",169,169,0
"(11, 166)",169,169,0
"(11, 167)",169,169,0
"(11, 168)",169,169,0
"(11, 169)",169,169,0
"(11, 170)",169,169,0
"(11, 171)",169,169,0
"(11, 172)",169,169,0
"(11, 173)",169,169,0
"(11, 174)",153,153,0
"(11, 175)",153,153,0
"(11, 176)",153,153,0
"(11, 177)",153,153,0
"(11, 178)",136,136,0
"(11, 179)",136,136,0
"(11, 180)",136,136,0
"(11, 181)",136,136,0
"(11, 182)",136,136,0
"(11, 183)",119,119,0
"(11, 184)",119,119,0
"(11, 185)",102,102,0
"(11, 186)",102,102,0
"(11, 187)",68,68,0
"(11, 188)",68,68,0
"(11, 189)",68,68,0
"(11, 190)",68,68,0
"(11, 191)",68,68,0
"(11, 192)",68,68,0
"(11, 193)",68,68,0
"(11, 194)",68,68,0
"(11, 195)",68,68,0
"(11, 196)",68,68,0
"(11, 197)",51,51,0
"(11, 198)",51,51,0
"(11, 199)",51,51,0
"(11, 200)",51,51,0
"(11, 201)",51,51,0
"(11, 202)",51,51,0
"(11, 203)",51,51,0
"(11, 204)",51,51,0
"(11, 205)",51,51,0
"(11, 206)",51,51,0
"(11, 207)",51,51,0
"(11, 208)",51,51,0
"(11, 209)",51,51,0
"(11, 210)",51,51,0
"(11, 211)",51,51,0
"(11, 212)",51,51,0
"(11, 213)",51,51,0
"(11, 214)",51,51,0
"(11, 215)",51,51,0
"(11, 216)",51,51,0
"(11, 217)",34,34,0
"(11, 218)",34,34,0
"(11, 219)",34,34,0
"(11, 220)",34,34,0
"(11, 221)",34,34,0
"(11, 222)",34,34,0
"(11, 223)",34,34,0
"(11, 224)",34,34,0
"(10, 0)",202,202,0
"(10, 1)",202,178,24
"(10, 2)",202,136,66
"(10, 3)",202,146,56
"(10, 4)",202,174,28
"(10, 5)",202,156,46
"(10, 6)",202,142,60
"(10, 7)",202,150,52
"(10, 8)",202,174,28
"(10, 9)",202,170,32
"(10, 10)",202,161,41
"(10, 11)",202,161,41
"(10, 12)",202,161,41
"(10, 13)",202,155,47
"(10, 14)",202,170,32
"(10, 15)",202,160,42
"(10, 16)",202,174,28
"(10, 17)",202,183,19
"(10, 18)",202,179,23
"(10, 19)",202,193,9
"(10, 20)",202,202,0
"(10, 21)",202,197,5
"(10, 22)",202,188,14
"(10, 23)",202,188,14
"(10, 24)",202,188,14
"(10, 25)",202,188,14
"(10, 26)",202,188,14
"(10, 27)",202,179,23
"(10, 28)",202,184,18
"(10, 29)",202,183,19
"(10, 30)",202,188,14
"(10, 31)",202,188,14
"(10, 32)",202,202,0
"(10, 33)",202,202,0
"(10, 34)",202,202,0
"(10, 35)",202,202,0
"(10, 36)",202,202,0
"(10, 37)",202,202,0
"(10, 38)",202,202,0
"(10, 39)",202,202,0
"(10, 40)",202,202,0
"(10, 41)",202,202,0
"(10, 42)",171,171,0
"(10, 43)",171,171,0
"(10, 44)",155,155,0
"(10, 45)",155,155,0
"(10, 46)",143,143,0
"(10, 47)",143,143,0
"(10, 48)",143,143,0
"(10, 49)",143,143,0
"(10, 50)",143,143,0
"(10, 51)",143,143,0
"(10, 52)",112,112,0
"(10, 53)",112,112,0
"(10, 54)",112,112,0
"(10, 55)",112,112,0
"(10, 56)",112,112,0
"(10, 57)",112,112,0
"(10, 58)",112,112,0
"(10, 59)",112,112,0
"(10, 60)",112,112,0
"(10, 61)",112,112,0
"(10, 62)",96,96,0
"(10, 63)",96,96,0
"(10, 64)",96,96,0
"(10, 65)",96,96,0
"(10, 66)",96,96,0
"(10, 67)",96,96,0
"(10, 68)",96,96,0
"(10, 69)",96,96,0
"(10, 70)",96,96,0
"(10, 71)",96,96,0
"(10, 72)",96,96,0
"(10, 73)",96,96,0
"(10, 74)",96,96,0
"(10, 75)",96,96,0
"(10, 76)",96,96,0
"(10, 77)",96,96,0
"(10, 78)",96,96,0
"(10, 79)",96,96,0
"(10, 80)",96,96,0
"(10, 81)",96,96,0
"(10, 82)",96,96,0
"(10, 83)",80,80,0
"(10, 84)",80,80,0
"(10, 85)",80,80,0
"(10, 86)",80,80,0
"(10, 87)",80,80,0
"(10, 88)",80,80,0
"(10, 89)",80,80,0
"(10, 90)",80,80,0
"(10, 91)",80,80,0
"(10, 92)",64,64,0
"(10, 93)",64,64,0
"(10, 94)",64,64,0
"(10, 95)",64,64,0
"(10, 96)",64,64,0
"(10, 97)",64,64,0
"(10, 98)",64,64,0
"(10, 99)",64,64,0
"(10, 100)",64,64,0
"(10, 101)",64,64,0
"(10, 102)",64,64,0
"(10, 103)",64,64,0
"(10, 104)",64,64,0
"(10, 105)",64,64,0
"(10, 106)",48,48,0
"(10, 107)",48,48,0
"(10, 108)",48,48,0
"(10, 109)",48,48,0
"(10, 110)",48,48,0
"(10, 111)",48,48,0
"(10, 112)",32,32,0
"(10, 113)",32,32,0
"(10, 114)",32,32,0
"(10, 115)",32,32,0
"(10, 116)",32,32,0
"(10, 117)",32,32,0
"(10, 118)",32,32,0
"(10, 119)",32,32,0
"(10, 120)",32,32,0
"(10, 121)",32,32,0
"(10, 122)",32,32,0
"(10, 123)",32,32,0
"(10, 124)",32,32,0
"(10, 125)",32,32,0
"(10, 126)",32,32,0
"(10, 127)",32,32,0
"(10, 128)",32,32,0
"(10, 129)",32,32,0
"(10, 130)",32,32,0
"(10, 131)",32,32,0
"(10, 132)",32,32,0
"(10, 133)",32,32,0
"(10, 134)",32,32,0
"(10, 135)",32,32,0
"(10, 136)",32,32,0
"(10, 137)",32,32,0
"(10, 138)",32,32,0
"(10, 139)",32,32,0
"(10, 140)",32,32,0
"(10, 141)",32,32,0
"(10, 142)",32,32,0
"(10, 143)",32,32,0
"(10, 144)",16,16,0
"(10, 145)",16,16,0
"(10, 146)",16,16,0
"(10, 147)",16,16,0
"(10, 148)",16,16,0
"(10, 149)",16,16,0
"(10, 150)",16,16,0
"(10, 151)",16,16,0
"(10, 152)",16,16,0
"(10, 153)",16,16,0
"(10, 154)",16,16,0
"(10, 155)",16,16,0
"(10, 156)",16,16,0
"(10, 157)",16,16,0
"(10, 158)",16,16,0
"(10, 159)",16,16,0
"(10, 160)",16,16,0
"(10, 161)",16,16,0
"(10, 162)",16,16,0
"(10, 163)",16,16,0
"(10, 164)",16,16,0
"(10, 165)",16,16,0
"(10, 166)",16,16,0
"(10, 167)",16,16,0
"(10, 168)",16,16,0
"(10, 169)",16,16,0
"(10, 170)",16,16,0
"(10, 171)",16,16,0
"(10, 172)",16,16,0
"(10, 173)",16,16,0
"(10, 174)",16,16,0
"(10, 175)",16,16,0
"(10, 176)",16,16,0
"(10, 177)",16,16,0
"(10, 178)",16,16,0
"(10, 179)",16,16,0
"(10, 180)",16,16,0
"(10, 181)",16,16,0
"(10, 182)",16,16,0
"(10, 183)",16,16,0
"(10, 184)",16,16,0
"(10, 185)",16,16,0
"(10, 186)",16,16,0
"(10, 187)",16,16,0
"(10, 188)",16,16,0
"(10, 189)",16,16,0
"(10, 190)",16,16,0
"(10, 191)",16,16,0
"(10, 192)",16,16,0
"(10, 193)",16,16,0
"(10, 194)",16,16,0
"(10, 195)",16,16,0
"(10, 196)",16,16,0
"(10, 197)",16,16,0
"(10, 198)",16,16,0
"(10, 199)",16,16,0
"(10, 200)",16,16,0
"(10, 201)",16,16,0
"(10, 202)",16,16,0
"(10, 203)",16,16,0
"(10, 204)",16,16,0
"(10, 205)",16,16,0
"(10, 206)",16,16,0
"(10, 207)",16,16,0
"(10, 208)",16,16,0
"(10, 209)",16,16,0
"(10, 210)",16,16,0
"(10, 211)",16,16,0
"(10, 212)",16,16,0
"(10, 213)",16,16,0
"(10, 214)",16,16,0
"(10, 215)",16,16,0
"(10, 216)",16,16,0
"(10, 217)",16,16,0
"(10, 218)",16,16,0
"(10, 219)",16,16,0
"(10, 220)",16,16,0
"(10, 221)",16,16,0
"(10, 222)",16,16,0
"(10, 223)",16,16,0
"(10, 224)",16,16,0
"(10, 225)",16,16,0
"(10, 226)",16,16,0
"(10, 227)",16,16,0
"(10, 228)",16,16,0
"(10, 229)",16,16,0
"(10, 230)",16,16,0
"(10, 231)",16,16,0
"(10, 232)",16,16,0
"(10, 233)",16,16,0
"(10, 234)",16,16,0
"(10, 235)",16,16,0
"(10, 236)",16,16,0
"(10, 237)",16,16,0
"(10, 238)",16,16,0
"(10, 239)",16,16,0
"(10, 240)",16,16,0
"(10, 241)",16,16,0
"(10, 242)",16,16,0
"(10, 243)",16,16,0
"(10, 244)",16,16,0
"(10, 245)",16,16,0
"(10, 246)",16,16,0
"(10, 247)",16,16,0
"(10, 248)",16,16,0
"(10, 249)",16,16,0
"(10, 250)",16,16,0
"(10, 251)",16,16,0
"(10, 252)",16,16,0
"(10, 253)",16,16,0
"(10, 254)",16,16,0
"(10, 255)",16,16,0
"(10, 256)",16,16,0
"(10, 257)",16,16,0
"(10, 258)",16,16,0
"(10, 259)",16,16,0
"(10, 260)",16,16,0
"(10, 261)",16,16,0
"(10, 262)",16,16,0
"(10, 263)",16,16,0
"(10, 264)",16,16,0
"(10, 265)",16,16,0
"(10, 266)",16,16,0
"(10, 267)",16,16,0
"(10, 268)",16,16,0
"(10, 269)",16,16,0
"(10, 270)",16,16,0
"(10, 271)",16,16,0
"(10, 272)",16,16,0
"(10, 273)",16,16,0
"(10, 274)",16,16,0
"(10, 275)",16,16,0
"(10, 276)",16,16,0
"(10, 277)",16,16,0
"(10, 278)",16,16,0
"(10, 279)",16,16,0
"(10, 280)",16,16,0
"(10, 281)",16,16,0
"(10, 282)",16,16,0
"(10, 283)",16,16,0
"(10, 284)",16,16,0
"(10, 285)",16,16,0
"(10, 286)",16,16,0
"(10, 287)",16,16,0
"(10, 288)",16,16,0
"(10, 289)",16,16,0
"(10, 290)",16,16,0
"(10, 291)",16,16,0
"(10, 292)",16,16,0
"(10, 293)",16,16,0
"(10, 294)",16,16,0
"(10, 295)",16,16,0
"(10, 296)",16,16,0
"(10, 297)",16,16,0
"(10, 298)",16,16,0
"(10, 299)",16,16,0
"(10, 300)",16,16,0
"(10, 301)",16,16,0
"(10, 302)",16,16,0
"(10, 303)",16,16,0
"(9, 0)",44,44,0
"(9, 1)",44,31,13
"(9, 2)",44,31,13
"(9, 3)",44,21,23
"(9, 4)",44,21,23
"(9, 5)",44,36,8
"(9, 6)",44,44,0
"(9, 7)",44,44,0
"(9, 8)",44,44,0
"(9, 9)",44,44,0
"(9, 10)",44,31,13
"(9, 11)",44,31,13
"(9, 12)",44,44,0
"(9, 13)",44,44,0
"(9, 14)",44,44,0
"(9, 15)",44,31,13
"(9, 16)",44,31,13
"(9, 17)",44,31,13
"(9, 18)",44,31,13
"(9, 19)",44,44,0
"(9, 20)",44,44,0
"(9, 21)",44,44,0
"(9, 22)",44,44,0
"(9, 23)",44,44,0
"(9, 24)",44,44,0
"(9, 25)",44,44,0
"(9, 26)",44,44,0
"(9, 27)",44,44,0
"(9, 28)",44,44,0
"(9, 29)",44,44,0
"(9, 30)",44,44,0
"(9, 31)",44,44,0
"(9, 32)",44,44,0
"(9, 33)",44,44,0
"(9, 34)",44,44,0
"(9, 35)",44,32,12
"(9, 36)",44,32,12
"(9, 37)",44,44,0
"(9, 38)",44,44,0
"(9, 39)",44,44,0
"(9, 40)",44,44,0
"(9, 41)",44,44,0
"(9, 42)",44,44,0
"(9, 43)",29,29,0
"(9, 44)",15,15,0
"(9, 45)",15,15,0
"(9, 46)",15,15,0
"(9, 47)",15,15,0
"(9, 48)",15,15,0
"(9, 49)",15,15,0
"(9, 50)",15,15,0
"(9, 51)",15,15,0
"(9, 52)",15,15,0
"(9, 53)",15,15,0
"(9, 54)",15,15,0
"(9, 55)",15,15,0
"(9, 56)",15,15,0
"(9, 57)",15,15,0
"(9, 58)",15,15,0
"(9, 59)",15,15,0
"(9, 60)",15,15,0
"(9, 61)",15,15,0
"(9, 62)",15,15,0
"(9, 63)",15,15,0
"(9, 64)",15,15,0
"(9, 65)",15,15,0
"(9, 66)",15,15,0
"(9, 67)",15,15,0
"(9, 68)",15,15,0
"(9, 69)",15,15,0
"(9, 70)",15,15,0
"(9, 71)",15,15,0
"(9, 72)",15,15,0
"(9, 73)",15,15,0
"(9, 74)",15,15,0
"(9, 75)",15,15,0
"(9, 76)",15,15,0
"(9, 77)",15,15,0
"(9, 78)",15,15,0
"(9, 79)",15,15,0
"(9, 80)",15,15,0
"(9, 81)",15,15,0
"(9, 82)",15,15,0
"(9, 83)",15,15,0
"(9, 84)",15,15,0
"(9, 85)",15,15,0
"(9, 86)",15,15,0
"(9, 87)",15,15,0
"(9, 88)",15,15,0
"(9, 89)",15,15,0
"(9, 90)",15,15,0
"(9, 91)",15,15,0
"(9, 92)",15,15,0
"(9, 93)",15,15,0
"(9, 94)",15,15,0
"(9, 95)",15,15,0
"(9, 96)",15,15,0
"(9, 97)",15,15,0
"(9, 98)",15,15,0
"(9, 99)",15,15,0
"(9, 100)",15,15,0
"(9, 101)",15,15,0
"(9, 102)",15,15,0
"(9, 103)",15,15,0
"(9, 104)",15,15,0
"(9, 105)",15,15,0
"(9, 106)",15,15,0
"(9, 107)",15,15,0
"(9, 108)",15,15,0
"(9, 109)",15,15,0
"(9, 110)",15,15,0
"(9, 111)",15,15,0
"(9, 112)",15,15,0
"(9, 113)",15,15,0
"(9, 114)",15,15,0
"(9, 115)",15,15,0
"(9, 116)",15,15,0
"(9, 117)",15,15,0
"(9, 118)",15,15,0
"(9, 119)",15,15,0
"(9, 120)",15,15,0
"(9, 121)",15,15,0
"(9, 122)",15,15,0
"(9, 123)",15,15,0
"(9, 124)",15,15,0
"(9, 125)",15,15,0
"(9, 126)",15,15,0
"(9, 127)",15,15,0
"(9, 128)",15,15,0
"(9, 129)",15,15,0
"(9, 130)",15,15,0
"(9, 131)",15,15,0
"(9, 132)",15,15,0
"(9, 133)",15,15,0
"(9, 134)",15,15,0
"(9, 135)",15,15,0
"(9, 136)",15,15,0
"(9, 137)",15,15,0
"(9, 138)",15,15,0
"(9, 139)",15,15,0
"(9, 140)",15,15,0
"(9, 141)",15,15,0
"(9, 142)",15,15,0
"(9, 143)",15,15,0
"(9, 144)",15,15,0
"(11, 225)",17,17,0
"(11, 226)",17,17,0
"(11, 227)",17,17,0
"(11, 228)",17,17,0
"(11, 229)",17,17,0
"(11, 230)",17,17,0
"(11, 231)",17,17,0
"(11, 232)",17,17,0
"(11, 233)",17,17,0
"(11, 234)",17,17,0
"(11, 235)",17,17,0
"(11, 236)",17,17,0
"(11, 237)",17,17,0
"(11, 238)",17,17,0
"(11, 239)",17,17,0
"(11, 240)",17,17,0
"(11, 241)",17,17,0
"(11, 242)",17,17,0
"(11, 243)",17,17,0
"(11, 244)",17,17,0
"(11, 245)",17,17,0
"(11, 246)",17,17,0
"(11, 247)",17,17,0
"(11, 248)",17,17,0
"(11, 249)",17,17,0
"(11, 250)",17,17,0
"(11, 251)",17,17,0
"(11, 252)",17,17,0
"(11, 253)",17,17,0
"(11, 254)",17,17,0
"(11, 255)",17,17,0
"(11, 256)",17,17,0
"(11, 257)",17,17,0
"(11, 258)",17,17,0
"(11, 259)",17,17,0
"(11, 260)",17,17,0
"(11, 261)",17,17,0
"(11, 262)",17,17,0
"(11, 263)",17,17,0
"(11, 264)",17,17,0
"(11, 265)",17,17,0
"(11, 266)",17,17,0
"(11, 267)",17,17,0
"(11, 268)",17,17,0
"(11, 269)",17,17,0
"(11, 270)",17,17,0
"(11, 271)",17,17,0
"(11, 272)",17,17,0
"(11, 273)",17,17,0
"(11, 274)",17,17,0
"(11, 275)",17,17,0
"(11, 276)",17,17,0
"(11, 277)",17,17,0
"(11, 278)",17,17,0
"(11, 279)",17,17,0
"(11, 280)",17,17,0
"(11, 281)",17,17,0
"(11, 282)",17,17,0
"(11, 283)",17,17,0
"(11, 284)",17,17,0
"(11, 285)",17,17,0
"(11, 286)",17,17,0
"(11, 287)",17,17,0
"(11, 288)",17,17,0
"(11, 289)",17,17,0
"(11, 290)",17,17,0
"(11, 291)",17,17,0
"(11, 292)",17,17,0
"(11, 293)",17,17,0
"(11, 294)",17,17,0
"(11, 295)",17,17,0
"(11, 296)",17,17,0
"(11, 297)",17,17,0
"(11, 298)",17,17,0
"(11, 299)",17,17,0
"(11, 300)",17,17,0
"(11, 301)",17,17,0
"(11, 302)",17,17,0
"(11, 303)",17,17,0
"(11, 304)",17,17,0
