hubert_prob,mfcc_prob,openl3_prob,wav2vec2_prob,label
0.0949673763576029,0.48322084577911373,0.06399896180421823,0.2502561552734637,0
0.04066445483465279,0.4981187162249225,0.014879162075572126,0.5016750060716174,0
0.5515781649869202,0.5990408025270995,0.9827887540307878,0.7485749036431272,1
0.84816458228524,0.7309209077893026,0.5367542522139944,0.24563827979482444,1
0.911717172218625,0.6538654860800465,0.9976697477962596,0.684345600588486,1
0.5041567812796777,0.8402781756414178,0.9945616004618418,0.5001425583098054,1
0.08036854418543532,0.6238641615098691,0.02419325469608998,0.3960538375722987,0
0.6868653095925621,0.5311231809563831,0.05033725549557156,0.3788506964207618,0
0.9244182530695738,0.6550792584993754,0.9976903852909074,0.8193579124852288,1
0.8176592550411539,0.8602053053016905,0.9952873220818783,0.5398383069753648,1
0.9049370314898729,0.6913519517985363,0.9989006508175429,0.776110376667834,1
0.836535356266734,0.8515970103904255,0.9163618845754504,0.6530572159567808,1
0.9358344930723835,0.6679656520504632,0.9957774931297099,0.8667216529893328,1
0.807495841466859,0.8624409036652663,0.982733825306657,0.5330314913685439,1
0.07036654875827354,0.3834727409979828,0.029240188123619455,0.28042908793967153,0
0.02930004998659219,0.5393876383757977,0.019786814427969788,0.6244428031252572,0
0.4688255720512811,0.5209194694367144,0.7702759530472799,0.6354895452830776,0
0.0726543585057615,0.3988936855673949,0.041404564374766445,0.5446986438312561,0
0.0619757213283792,0.43076581041029194,0.04328844853770522,0.241757068596623,0
0.031783838398825065,0.5244729121001064,0.011344268954990218,0.5161950045711341,0
0.07036654875827354,0.3834727409979828,0.029240188123619455,0.28042908793967153,0
0.0368946753875132,0.5518908671653677,0.015417261902262105,0.6068689235670537,0
0.9225903245896208,0.6454062980883997,0.9974332138507302,0.8260403007490982,1
0.8736330420656181,0.8227999417411813,0.9961052328171942,0.5825691318822912,1
0.9225903245896208,0.6454062980883997,0.9974332138507302,0.8260403007490982,1
0.9202688838784672,0.8481876105476848,0.9940088854079062,0.6176181987367362,1
0.9178955327000884,0.6312118176938412,0.9959603699277221,0.7824400952998007,1
0.8736330420656181,0.8227999417411813,0.9961052328171942,0.5825691318822912,1
0.9178955327000884,0.6312118176938412,0.9959603699277221,0.7824400952998007,1
0.8888474708651768,0.8547877985986241,0.9881274290326824,0.5932080198580827,1
0.9276789978535096,0.5649829064467256,0.9991402390572911,0.7469057465882317,1
0.5041567812796777,0.8402781756414178,0.9945616004618418,0.5001425583098054,1
0.9334011193901502,0.5380107696405287,0.4815691075157966,0.46277172784716675,0
0.07287697519811198,0.44081961377955414,0.08977513321701625,0.26197805973659705,0
0.027629720552433616,0.5119351494274765,0.006362404360113873,0.6492787271164193,0
0.40673921470130964,0.25629745966343515,0.0014220443105504113,0.295330858547408,0
0.30354843301676976,0.3237807927368506,0.034389076605292564,0.413601887810169,0
0.026975969845039086,0.030874135559509467,0.0017522405587869407,0.31701281316063856,0
0.0007615250648610434,0.5330324157263897,0.5686363524051082,0.41642772484569784,0
0.004527537923622044,0.4865821226357647,0.0038781952451501407,0.8023754652398969,0
0.038486573925140974,0.1778868884268309,0.0017887239104579485,0.2650239013949416,0
0.7627930342860588,0.48360734544285483,0.9656130587388609,0.5514802096070806,1
0.7758431919395726,0.4495320712480022,0.9748473082100618,0.5596298377709731,1
0.06325623844113204,0.2110857798398111,0.783699916743008,0.4579142415194643,0
0.7596387004053916,0.5633476937571998,0.9787743086237514,0.5828599895410133,1
0.7739907251350103,0.45279236893739894,0.9878434768510164,0.581945277878138,1
0.8432330463747015,0.5294354575048783,0.9811680041835574,0.5670720215690109,1
0.33147053509181024,0.5409784782603825,0.5399433440124948,0.5139960813238853,0
0.43056173489135746,0.27052754459649203,0.995983250469739,0.6527976413641762,0
0.012776617301643577,0.1976212362978404,0.00017894226593333776,0.506608368887161,0
0.3282880777456278,0.19324344568616375,0.007417075293301567,0.238251454380985,0
0.307628508299856,0.2902961207880708,0.022060328830688952,0.3142013879814379,0
0.041283147949920766,0.16856965957575884,6.544483378739536e-05,0.34500043337447756,0
0.7593011938983233,0.4837590038820083,0.970812999137703,0.5549515965934345,1
0.7636864138828532,0.48213100028271183,0.9688316377548157,0.5565514760757021,1
0.7756766266424182,0.45453110953800985,0.9876574655607941,0.5879030161131742,1
0.7598422061360366,0.5631971546223525,0.9788369707335871,0.5842822695986624,1
0.20144071842328032,0.2875019863294424,0.0008837314591088901,0.48710492810221034,0
0.7925668925859968,0.418705062632923,0.9815612899549278,0.6030154014578758,1
0.033995866665666785,0.1443043968480728,3.495896512360662e-05,0.33871779779866135,0
0.05534157987185478,0.31998313624497876,0.0717512622480442,0.4844648708650028,0
0.7997131329636612,0.3440087462863093,0.34286372585626834,0.47277835531652973,0
0.008923682852063138,0.27956420723057945,0.009940539322646623,0.23725983000167203,0
0.0045314186633457244,0.12218809465949988,0.10518849665257074,0.4427096167877194,0
0.9148621927150354,0.2527063234556154,0.014167382402997924,0.32604741766091805,0
0.13012525029161792,0.2853094274843063,0.09494984477746705,0.3793001558339893,0
0.03757456276362277,0.2087588532200537,0.24363406723598863,0.38038960158477,0
0.36553559421587195,0.5731703233363887,0.01700545204332281,0.269978914847452,0
0.2167214531047078,0.2867789072228471,0.001552802551000439,0.39680264955062977,0
0.02046102351603436,0.3979537828971769,0.00039730287041609124,0.5257772522934536,0
0.10476744464961234,0.3066484643819115,0.007577847695442011,0.10825100400126145,0
0.3570924213686737,0.7050188046692357,0.019429055601318024,0.2676990473053224,0
0.028808523252876004,0.6382217354285226,0.00030710381864722063,0.17519613954817573,0
0.06949789890793198,0.2513218469356681,0.00047608192956234436,0.3340806564974824,0
0.042561307039649054,0.22917206523975325,0.0021106828824237743,0.6140759376815121,0
0.3323883452794253,0.6842079052633752,0.0001046986695909896,0.5325370878670267,0
0.9241898922175703,0.349190932550679,0.966013972512596,0.8653578902672244,1
0.9215103745772705,0.3370136787416472,0.9929934023104988,0.841269390866972,1
0.5019656911479189,0.19130835836590213,0.0001161906186177506,0.7469714411239822,0
0.19249247628359378,0.7558081935711866,0.6673099994092649,0.7068679825048124,0
0.9241898922175703,0.349190932550679,0.966013972512596,0.8653578902672244,1
0.9146418055774426,0.46479729825302696,0.9790620534784431,0.8792589448153754,1
0.9241898922175703,0.349190932550679,0.966013972512596,0.8653578902672244,1
0.12685934986552155,0.5679049551601604,0.00013565166860078312,0.549246136448863,0
0.22992281062952474,0.5669264712457803,0.04771760375148413,0.47964212743591006,0
0.059262552202121746,0.1688831898727751,0.00776176724806972,0.3145922888649586,0
0.05111436135784612,0.2905507407413984,0.052722392843604304,0.4474209922051426,0
0.07550339794200381,0.3462482474989862,0.09858840589236048,0.4627708730930581,0
0.9263625936853269,0.4304617809978273,0.9720727805372587,0.843801404677738,1
0.9287451210204026,0.3695745412804903,0.9743934223896669,0.846356796778509,1
0.9146418055774426,0.46479729825302696,0.9790620534784431,0.8792589448153754,1
0.9287451210204026,0.3695745412804903,0.9743934223896669,0.846356796778509,1
0.9148055463406681,0.3287790160759946,0.9911089305217876,0.8575911049817622,1
0.22924887043165948,0.31312723323590574,0.00278091764179295,0.46018409774646585,0
0.06790160887130911,0.290093877481241,0.0012424699282042985,0.5095779379510188,0
0.011363681506819868,0.08070993548619593,0.0013032561770666832,0.5716108597647453,0
0.07686806740425328,0.0402836092050612,0.008300641637701122,0.25841157857747565,0
0.05556136010948257,0.09531686530023294,0.01912405898925243,0.4861397806062794,0
0.09011330299227713,0.5351685436013944,0.009499249305675531,0.3530851997535211,0
0.2974740211985964,0.2762809015809504,0.03915077770863501,0.5117534907515643,0
0.2052355543913542,0.5400080821265514,0.8285883432300685,0.5469821268407683,0
0.948888856900136,0.29540912738354785,0.9518764869058866,0.42915843989327845,1
0.9388204174121544,0.291120548961006,0.9560874111666914,0.38468277033182746,1
0.06349833255016987,0.3441074242762621,0.0004066947168500547,0.3259045634828032,0
0.948888856900136,0.29540912738354785,0.9518764869058866,0.42915843989327845,1
0.948888856900136,0.29540912738354785,0.9518764869058866,0.42915843989327845,1
0.9705593525537114,0.36169756319274754,0.9791465246465251,0.529068439133713,1
0.06385205843270604,0.11304469275407593,0.00037590183153135375,0.4177085664917278,0
0.05820987231157476,0.28928830366241376,0.03297623889742303,0.31497756068751565,0
0.2924830897817045,0.6299622320811927,0.14059214519483856,0.24392619050844455,0
0.39590725102381874,0.33845994955689096,0.47273727430165435,0.5044238448251726,0
0.012468769908754734,0.1737851212122494,0.00027983587669964114,0.29137817023891843,0
0.09892850886626428,0.2778009393138444,0.003261569501412309,0.7658169808261718,0
0.9699591199680391,0.37785986336155714,0.9899788028295015,0.5459791147817112,1
0.37730308336785146,0.12161325865840031,0.18672329955927264,0.5358959977985427,1
0.9605895161322007,0.29317635257828706,0.9666062438455497,0.5098935680610268,1
0.9559046743765974,0.2916874745576092,0.26277569082830055,0.28711351004927554,1
0.02503354952164632,0.49826304441916264,0.03523395932325335,0.35577595469848444,0
0.9682554074517665,0.3088278544290301,0.971953940504651,0.4887485041002427,1
0.049376911316626165,0.27038428475257165,0.018057576963642883,0.7673553763053813,0
0.7491203648870302,0.3982922511160618,0.24328112106509228,0.5994913184272679,0
0.2170163885042575,0.6142738329554321,0.024101072476636107,0.3159417483094718,0
0.291814842382781,0.5243514927488214,0.6776954016280845,0.42999592369943196,0
0.5861060214287445,0.622694885751206,0.41025850524517965,0.2482557697356159,0
0.078580455576306,0.548406599028642,0.06870935281699124,0.2769599139126986,0
0.027673118360503738,0.5568967766265952,0.003418583864581054,0.37087959707970525,0
0.06964580779004147,0.7356272608721283,0.03666354407994949,0.18608422122201584,0
0.988526492405298,0.5731951926092973,0.9704414501471754,0.8356994485076018,1
0.9506654688559276,0.6884207253890794,0.9869284353370434,0.746336430494113,1
0.838822154996155,0.7101733013769443,0.9954498191185998,0.5168710256008117,1
0.9932173362513983,0.5468484216301346,0.9679324800845482,0.8379065960601969,1
0.9188298884931204,0.6485825331206793,0.977462106739027,0.7347654226669805,1
0.8706357898869095,0.6840412848490859,0.9984257738490351,0.6725388363475792,1
0.6829156005900762,0.5335025485133932,0.7719758571679266,0.5352084699778282,0
0.988526492405298,0.5731951926092973,0.9704414501471754,0.8356994485076018,1
0.9518003131206281,0.6710826399988988,0.9776357723124532,0.7467801732441032,1
0.8659547587990571,0.7037040216099026,0.9980793472082411,0.5869343652610166,1
0.9842992885746112,0.5345672917125207,0.9856956919900056,0.7987838038668432,1
0.946994805816198,0.682735425436587,0.9844599668928994,0.756664813823147,1
0.8629691565628252,0.7152036843098161,0.9954261257050778,0.6726538637010749,1
0.9842992885746112,0.5345672917125207,0.9856956919900056,0.7987838038668432,1
0.9509039881869622,0.6473081438757325,0.9818098502209223,0.7482370792896433,1
0.838822154996155,0.7101733013769443,0.9954498191185998,0.5168710256008117,1
0.08292150827812582,0.581802029404724,0.07779189149833843,0.22376632763030452,0
0.027673118360503738,0.5568967766265952,0.003418583864581054,0.37087959707970525,0
0.0008380160543159219,0.6227026681007415,0.02946463279763693,0.2212527176862075,0
0.24725891489251944,0.6189086697666122,0.0037854332960028905,0.197516417242083,0
0.08292150827812582,0.581802029404724,0.07779189149833843,0.22376632763030452,0
0.03375348874220515,0.5006011832930848,0.005166061268303007,0.30301353520576196,0
0.0003694392155611246,0.49971829040947247,0.037467016611436615,0.3144666615140241,0
0.04729094724732073,0.553602031089517,0.07745488656517927,0.2605672319530101,0
0.027673118360503738,0.5568967766265952,0.003418583864581054,0.37087959707970525,0
0.0003694392155611246,0.49971829040947247,0.037467016611436615,0.3144666615140241,0
0.9956785509380316,0.537536182028285,0.9879443851242355,0.8434646895312462,1
0.9509039881869622,0.6473081438757325,0.9818098502209223,0.7482370792896433,1
0.8781559401626303,0.7325142028642098,0.9977418637081986,0.6082144643209257,1
0.9857321033033277,0.6190694322620176,0.9856388777246338,0.8267665634605004,1
0.9506654688559276,0.6884207253890794,0.9869284353370434,0.746336430494113,1
0.8345463700209618,0.7136666036549192,0.9949603811564104,0.5977349350173631,1
0.9842992885746112,0.5345672917125207,0.9856956919900056,0.7987838038668432,1
0.9506654688559276,0.6884207253890794,0.9869284353370434,0.746336430494113,1
0.838822154996155,0.7101733013769443,0.9954498191185998,0.5168710256008117,1
0.988526492405298,0.5731951926092973,0.9704414501471754,0.8356994485076018,1
0.9518003131206281,0.6710826399988988,0.9776357723124532,0.7467801732441032,1
0.8629691565628252,0.7152036843098161,0.9954261257050778,0.6726538637010749,1
0.9960490626350751,0.49986846832591564,0.9757999862421809,0.8398169056042479,1
0.9262462579640746,0.6106574779275883,0.9589620833717294,0.7355025882898869,1
0.8560529183934735,0.6787193149280852,0.9959706336867442,0.5914923191755713,1
0.05452768378690889,0.5267507941848341,0.08012537597530074,0.16521159698317434,0
0.01629289290628036,0.5227598518106362,0.0026090551900671555,0.24667141630941788,0
0.0007080401353850082,0.5228491376288829,0.03515904706476328,0.2784152319948064,0
0.020578119715959117,0.21563886655821893,0.03251444537587197,0.3181056133698326,0
0.20224450057744017,0.3497011081059787,0.0016685166531134575,0.30245225452052776,0
0.4734833461138213,0.40008618406662283,0.029534255932333713,0.3180748652853506,0
0.37780789317827157,0.6812487759932297,0.24736658957944552,0.4384290465043325,0
0.09828899215138054,0.8345631203202071,0.16534505745107153,0.3505470370480176,0
0.2815339255089095,0.34671619381548074,0.4822855001786496,0.4688785607166796,0
0.8674144107339622,0.6204138479398184,0.07281013850283344,0.36564056682091084,0
0.5428928382691968,0.1281453452763828,0.2525293321389634,0.33083853567492794,0
0.9416325918364141,0.18140299826620887,0.0006630791405248201,0.4217904446819916,0
0.7966987989232135,0.3458330996705186,0.43456780984573135,0.6384833926511768,0
0.17620484500136382,0.7781439522932962,0.0001188124726269316,0.3530701817311014,0
0.03131036545100117,0.38884499960823266,0.0005037231924497246,0.20562544616529788,0
0.2315136061074938,0.30514383322944416,0.019705150687448936,0.28861639799754374,0
0.22547795764861536,0.21178054367333524,0.03615913273491154,0.5520399519173391,0
0.15497075451447706,0.27225547775279607,0.6911102414564684,0.317914728256794,0
0.36664924700201074,0.43121383770978444,0.1927016227080616,0.6172630718251364,0
0.09788998730591143,0.09829973852564879,0.027670899728132605,0.30312499592327374,0
0.023616631988204694,0.41381269867002973,0.02273111537501302,0.22296805678188145,0
0.6246626582272926,0.2724824881984011,0.1667639666560887,0.2297622008193328,1
0.16491431754672842,0.17932191287165586,0.5054235683400029,0.2121401014747286,1
0.6044910258895406,0.3381082467914587,0.12953383169969437,0.37933331164045675,0
0.9423383927780385,0.5574699229470896,0.9698626535143438,0.23383221471556015,1
0.8479618487652997,0.486712217166685,0.8637102966821713,0.7617404369138041,1
0.001550248297289132,0.7071112081308956,0.003418143652672033,0.3021900669754799,0
0.6308245123609979,0.3055288386504809,0.2206743835527948,0.31595213471001293,1
0.12847462516415487,0.347449640699927,0.35019552270312676,0.1900096732615762,1
0.01790971598639238,0.30210993363013117,0.002656564397946756,0.3982332201023635,0
0.13584670154323983,0.34762362716495954,0.8374959628722521,0.5367262984032243,1
0.3321126488512588,0.5566440084887214,0.2810620337485488,0.4950713271266255,1
0.929161494922933,0.5855063835246115,0.9940469556151652,0.23833656298245312,1
0.8013030714015387,0.5334482641648207,0.8819885681665488,0.8231313985852603,1
0.04416370380992352,0.08856034554788624,0.00035399883572422106,0.3465965455316914,0
0.03760314199353888,0.4955130675996216,0.03173051333188265,0.3079051021348876,0
0.1888292796766454,0.11482716717924486,0.9664066498691547,0.9169892254316698,0
0.04666189256882481,0.4427444549061084,0.0132419558573558,0.27524054221114347,0
0.13092679650963793,0.08311523023771748,0.0036319133534140832,0.4327797025282882,0
0.028288195924502785,0.5160416894694987,0.014797952609903742,0.24383581247533337,0
0.48993424561163307,0.9699745802023412,0.7879668894599037,0.6131394598213852,1
0.4647781541000797,0.9699745802023412,0.7879668894599037,0.20714808589257175,1
0.15124520090616658,0.1699820791730115,0.9263537283318998,0.41567344622195523,1
0.6493279785662491,0.26209873804208655,0.7775191926354525,0.5384608513991392,1
0.938776304831495,0.5819972751723969,0.9880635632140438,0.2805149466769472,1
0.7434273066242644,0.5493186600079912,0.8538748540149029,0.7541041095378376,1
0.9500550704360098,0.5844461695380664,0.9972449040740294,0.2736279315245073,1
0.7434273066242644,0.5493186600079912,0.8538748540149029,0.7541041095378376,1
0.9280618840619804,0.5537805512021956,0.9601812501470077,0.32217086169090925,1
0.779110448645188,0.5351824560207902,0.9033161570814047,0.7312400357982897,1
0.1263469415213334,0.5120959184985413,0.17179957552927314,0.23568936244016717,0
0.07280246429787873,0.10363168134343774,0.0011622540435460066,0.5095190032029265,0
0.1463125079837759,0.42180811606391433,0.024309369137613893,0.2636852797612596,0
0.20793446221631373,0.4451149394833213,0.0025097034233137494,0.4077049087939006,0
0.9610909009522024,0.34055492091524847,0.9906123007002678,0.628924864632914,1
0.9588244007597259,0.3017300728323274,0.9958896868995291,0.607611762262895,1
0.04009788858181682,0.2581326677518725,0.0009582651198518029,0.2362327198074968,0
0.019628882880513447,0.4965853129407878,0.09307887406651782,0.4927602109350595,1
0.9584958428782308,0.43076204384651484,0.9917494837699918,0.6549009698452969,1
0.9610909009522024,0.34055492091524847,0.9906123007002678,0.628924864632914,1
0.20793446221631373,0.4451149394833213,0.0025097034233137494,0.4077049087939006,0
0.445709358424604,0.3114365842500846,0.002150762395402668,0.3840423720689912,0
0.15637138731493733,0.3483700255606299,0.0028933765042359434,0.3961641612097956,0
0.22272846134808566,0.4491490230368398,0.0028485069598230602,0.40505851765791245,0
0.9348919014657596,0.4067140475519299,0.981449784395959,0.6526425100328264,1
0.9588621274396008,0.43474521791594406,0.9947069023406674,0.6402762480622961,1
0.9630172668956776,0.41713586077977044,0.9833427148273113,0.6876066567797704,1
0.8660669597432966,0.4916716107788983,0.5097402258608338,0.06282631217205677,1
0.9555565948075151,0.39522525310970646,0.9878172438679105,0.6851317017638864,1
0.6688246656559383,0.4785640095753822,0.003538093537213349,0.5144116322625538,0
0.16251511697651738,0.31044702365353655,0.0015195899942802421,0.3976370883484406,0
0.31855071094628334,0.28021369678848673,0.000703781929512647,0.3130474523715571,0
0.1609958932867709,0.9022654827099537,0.20100086317970883,0.424503759035352,0
0.8390495725197348,0.6012254373635959,0.9949018883764372,0.4886025871698023,1
0.9596153495987423,0.5335874688311083,0.9950090474820277,0.7187486904658146,1
0.9149671544532617,0.5899096230802398,0.9882861186118507,0.6794787051425663,1
0.9734212203647223,0.48903202086996395,0.974785931068463,0.6623746108870943,1
0.4315590176002045,0.768212361594774,0.03668157277402462,0.5031038409216914,0
0.05650242993317836,0.31299837872985087,0.0005143651541485656,0.5778180988342285,0
0.8390495725197348,0.6012254373635959,0.9949018883764372,0.4886025871698023,1
0.9595854267075226,0.6595355363364875,0.9927978622312004,0.7798884191670886,1
0.8923569551388356,0.6140452552779777,0.9991227185354117,0.6027469932855978,1
0.9736099975884089,0.6614136388109657,0.9913059166540084,0.7594058677946836,1
0.8845953596839464,0.4007442953188894,0.0028353469665819892,0.550674545948916,0
0.9083021313407194,0.6488903649125876,0.9982866600252034,0.6329467534892128,1
0.9780856194240172,0.637048461364238,0.9902255139174649,0.7433171991184077,1
0.3689232104371127,0.3595626808202481,0.0036956301458222914,0.31137255287217847,0
0.08934772018641511,0.730502673652865,0.005883366279105086,0.37855088935019493,0
0.3880967356220428,0.20504006769600255,0.32182821393343514,0.3456637897606194,0
0.25863850855688353,0.6353969025082412,0.1794292282391555,0.48293094231715294,0
0.20611891057111023,0.2921451536755199,0.007524553654747871,0.2975262879696648,0
0.16435614834747217,0.6345884408106366,0.029193517219734972,0.3960921822543182,0
0.8390495725197348,0.6012254373635959,0.9949018883764372,0.4886025871698023,1
0.9528213214853759,0.6197047841736495,0.9916699370261552,0.8258946201117117,1
0.8390495725197348,0.6012254373635959,0.9949018883764372,0.4886025871698023,1
0.3940389589234935,0.8648750484840947,0.6722542759990434,0.46715516938028195,1
0.8390495725197348,0.6012254373635959,0.9949018883764372,0.4886025871698023,1
0.14175198120736357,0.4217183149572539,0.7233741822441003,0.6823341747499909,1
0.8923569551388356,0.6140452552779777,0.9991227185354117,0.6027469932855978,1
0.541029815353913,0.5247364584404246,0.33362682919238046,0.7289603058069728,1
0.8687894571949576,0.5764561494187833,0.9872863070918002,0.48807615439190605,1
0.9870493925115303,0.6077464934851102,0.9703972629760028,0.690015361956485,1
0.6003182604703893,0.2941580422692623,0.1136841133965679,0.49820828527606514,0
0.33192463153466706,0.33518272983811415,0.0011524881095243437,0.2974035301445286,0
0.11946758319543252,0.6544523839161819,0.03275013265391784,0.38465094815608447,0
0.14741853077186617,0.715819778010622,0.18039560471305408,0.7667849645575613,0
0.7074857024013713,0.5073454453426746,0.0019005717914088904,0.38070184995118306,0
0.037239517294640596,0.6974983586463741,0.4737439964257613,0.5219003665469736,0
0.4430484100657781,0.47864350460577615,0.01624900853535109,0.29500642573574926,0
0.003708383944079187,0.5503993579381055,0.22377211806585418,0.5455775487168337,0
0.015251989485277983,0.4744041786879688,0.03570324774634632,0.2568595011882716,0
0.05116739360005905,0.25611294717175076,0.033719444594194244,0.746673867857102,0
0.7244894105425067,0.37843269202197455,0.9985105432460918,0.6679519889198334,0
0.022468368795989544,0.37119948160648103,0.07943876100192997,0.5959047878439468,0
0.8927966766872433,0.6594123505191478,0.20792962036606513,0.4519558908116965,0
0.3089021874407303,0.6814137458365248,0.00029366323490218624,0.1927191246566009,0
0.03522293999669584,0.3754236260816828,0.007265190012187704,0.5417233345856778,0
0.02104015647292685,0.06829958106114141,0.0006495926190126847,0.41825738351757347,0
0.3343978870821312,0.2608449484169486,0.013039403353181486,0.5242212775643197,0
0.007314426948676192,0.29303896214426356,0.0005501138380027914,0.4942415581089699,0
0.19525721990913844,0.13941128595038205,0.005924250948865823,0.25871793218715106,0
0.9063608800127132,0.5156834597444456,0.9853651199584065,0.7565272491723947,1
0.9367129736892615,0.31413916980472995,0.9581586974859754,0.33248718445243963,1
0.8737799166073413,0.6627895645549332,0.9991697290001226,0.46202539091627837,1
0.6750230411351675,0.7328469749034766,0.556349424147201,0.4005597570843035,1
0.33304508573210306,0.22715715584952384,0.000558670481485126,0.6898479550685852,0
0.006847795624048111,0.6889750040234157,0.07497676397224763,0.7055092752469674,0
0.8157012675649207,0.572734927330261,0.9915549377086762,0.7734435116762098,1
0.7562595349350744,0.4113630943405088,0.9771294893281575,0.4021778700669606,1
0.9323411587345387,0.7010251275477886,0.9958347719442011,0.3816897764019293,1
0.7488638190157387,0.7695114967864933,0.9228004802762215,0.4986440154266297,1
0.00925899554454452,0.30292666908861493,0.027553121983444534,0.2792577046766667,0
0.4218855932789919,0.571640222227103,0.4572943252856304,0.4560910620342657,0
0.1023363080509114,0.4898294305473027,0.3501014381641619,0.42455129784919754,0
0.0005359421745020408,0.5812757082582108,0.017260927382602872,0.2936820517621041,0
0.8033581659548258,0.47669695961623243,0.9955861643492178,0.7259310053088877,1
0.819360916140997,0.46744591044183814,0.9760818046390543,0.4407498641358055,1
0.9127274586110337,0.7332155757204063,0.9988307988134979,0.37619582387933787,1
0.8100597657836569,0.7585251656857745,0.9576017668089518,0.4351725830350962,1
0.9196513721796349,0.5275556875968361,0.9976539803388215,0.7493776651038038,1
0.9367129736892615,0.31413916980472995,0.9581586974859754,0.33248718445243963,1
0.9075302417431387,0.7087060299943178,0.9992593942859809,0.3984094711786891,1
0.6750230411351675,0.7328469749034766,0.556349424147201,0.4005597570843035,1
0.007849019269335619,0.2685762195376695,0.07993068186552704,0.34426659451945874,0
0.4597653860837259,0.5358956319437724,0.9246357119886577,0.4429233344441488,0
0.0973568719281717,0.4472407135541894,0.3527228707224789,0.3862722026865599,0
0.0006485405407578905,0.5225134496506729,0.015984450265272513,0.2229391890301964,0
0.014662676322739451,0.25953149851381596,0.000686545957935496,0.5351714454542651,0
0.049606844219180046,0.1505755699836717,0.014799356506032415,0.528851042174194,0
0.7977469883681326,0.36052808836507844,0.8581287709844339,0.790012753243304,1
0.8970120183429763,0.4730924614142913,0.9883635857447183,0.3665015623641948,1
0.9079402609122585,0.3577525722800632,0.9488488753844339,0.8349681185063677,1
0.8599421770507182,0.4669981071898642,0.9846390363716282,0.34887208810215825,1
0.6313773757083271,0.46601308512738904,0.04136790289375508,0.722692347398183,0
0.49740707110604687,0.31964074989303237,0.004847112445453408,0.17187226684360263,1
0.21888137758264556,0.4108455265531494,0.9976709245758303,0.1899126295837321,1
0.666047142526218,0.2051623227210793,0.624432673084411,0.14594416002756702,1
0.896711753017147,0.43974039988985636,0.9963242887025321,0.40267374343658946,1
0.8815843108897449,0.49568622519470085,0.9457318227905062,0.866540831007648,1
0.9046072169016783,0.44783112702648087,0.9852874425354923,0.4845528234485678,1
0.16073693576892636,0.7600263178757932,0.0005677188316701305,0.7033931981042321,0
0.13490145261006614,0.6351425919531386,0.2099123742851499,0.4509284256768677,0
0.0070222228576905694,0.20362750010688585,0.0006415097292327435,0.5208074473173092,0
0.059284463350564365,0.16534285229430185,0.015020872498246293,0.4544570552246265,0
0.02689818446033026,0.29384397084848224,0.0015665666358223211,0.5874824390066097,0
0.022333705766794266,0.23139978574024905,8.780906977047898e-05,0.5624505200176287,0
0.42478266198018083,0.1308803153047543,0.017807232936175827,0.3289438295180242,0
0.9081584410999408,0.5023466905651148,0.9762351140640513,0.8773597721840968,1
0.8935299689644657,0.502530150381375,0.9792493607911756,0.3533876895807744,1
0.07881767321641553,0.6306375082996829,0.0026909384557664553,0.45775085972726814,0
0.8007348450016339,0.3192870071174765,0.9313589384163006,0.7497408388995889,1
0.8548038022928228,0.4030034248411486,0.9969040989938394,0.37482908099157,1
0.00965878030819742,0.17954458147701968,0.0012482044075077952,0.528396498561954,0
0.03163169401755722,0.09212209258906036,0.03853551168286326,0.2310929256918523,0
0.6944615018640051,0.45807038012299917,0.4091806238436393,0.17574766106196935,1
0.8953763869420804,0.6282015461401712,0.9985613581020939,0.824894518150271,1
0.11097280276663697,0.5422233678882639,0.09069110395881522,0.5805084605900671,0
0.92563296283332,0.8206433244067373,0.9818944089946599,0.643654054657117,1
0.8526954964734045,0.6222635738625065,0.9831381692385063,0.3471069317087646,1
0.8857618508518754,0.8467931665904594,0.952432680604513,0.6488834424113988,1
0.853657321431504,0.6559688365911651,0.9924422260248376,0.4374616046405587,1
0.8616163140215417,0.8184747872386604,0.9756571309704448,0.5708200728471968,1
0.8775983960989823,0.6431629597566826,0.9942473537046214,0.6054367939350268,1
0.0054750775100448216,0.4539314044780939,0.7873726102878315,0.17429215926659392,0
0.8564641453247599,0.8233944411030132,0.963679853163783,0.5663217977900689,1
0.868119123069376,0.6188489025612617,0.98954487113494,0.7139379339867672,1
0.034613530652563694,0.030201818906797875,0.18109006670208147,0.5090068597196714,0
0.6883797125835969,0.39246529286803666,0.004167083890928438,0.11111266155824465,0
0.0011665406324401955,0.24166564566553955,0.0006888222249581675,0.5369816479854795,0
0.7346279839342277,0.26612175079702016,0.0018495152621601963,0.727279604420436,0
0.27941970041850384,0.649216915831858,0.0002543157575416494,0.3251833978872164,0
0.12334627336547122,0.38029242657610074,0.2796285675979153,0.4158048304676308,0
0.6209406338146605,0.4517234266940948,0.36146872418998555,0.5592150614475118,0
0.12704611376138356,0.4859507457751151,0.019840532111153605,0.15983485519081864,0
0.2786085393304403,0.06990922636212468,0.0004734235641249681,0.2890540883681708,0
0.009405289206757692,0.39812789045376684,0.0001536365919361991,0.5763125887769557,0
0.0763782912763829,0.2916838979330094,0.5601488167630357,0.38216992097645025,0
0.07574941103381312,0.698098527272302,0.9985782438640601,0.3504746083879144,0
0.3786230097356497,0.1747743720557025,0.00018407876402498622,0.2971177860038006,0
0.006277426219534865,0.6835464948315054,0.0005120297645582884,0.42182642116817015,0
0.08649040808743924,0.408318293209724,0.005138173899236338,0.15205017736451065,0
0.12468118146659798,0.6306991910451805,0.49744217428690796,0.38784354939726084,0
0.03080571630210435,0.5660527202279669,0.00023473900832398758,0.5479668015669241,0
0.9873090326996458,0.5829447633168259,0.9771743755849223,0.526307294670258,1
0.9727924843190945,0.8346261322215445,0.9889833548629192,0.7425516065156653,1
0.8928142007335019,0.7739485908554097,0.9955093870597016,0.5815124989151977,1
0.983728068613495,0.5624647060150356,0.9923800507823136,0.6083035106932447,1
0.9743172108442294,0.812060455509184,0.9873710895743673,0.7455139460177582,1
0.8822460674189148,0.7551809929657192,0.9374411770679734,0.5349472392299935,1
0.5841994946369703,0.45551557850473107,0.021199893475355593,0.4581050075847627,0
0.29210000465376623,0.44233402233275787,0.46789648337877215,0.2336088675731228,0
0.9873090326996458,0.5829447633168259,0.9771743755849223,0.526307294670258,1
0.966152644545135,0.813840563328069,0.9849669945890652,0.6791522200253539,1
0.8968810369796492,0.7601010867088358,0.9914586086034678,0.5211212303316959,1
0.9944298161881476,0.5483798034450617,0.9721105354154441,0.6202796928404429,1
0.966152644545135,0.813840563328069,0.9849669945890652,0.6791522200253539,1
0.8968810369796492,0.7601010867088358,0.9914586086034678,0.5211212303316959,1
0.9899026665982735,0.545884585917079,0.9781186571531902,0.6457135882273167,1
0.9626708065519922,0.7916632678086233,0.983475748137388,0.7530086333396177,1
0.8782418185301374,0.7936577553333868,0.9964469722732618,0.5889801485780949,1
0.05868710305064178,0.40329442311636854,0.004273542064860414,0.15441007952880975,0
0.13568758064721448,0.6066248918975234,0.3680637819311321,0.3720929296115347,0
0.019727015998892202,0.5871275085732067,0.00030730141838591674,0.48214166459592156,0
0.004633695067402352,0.5661743261529552,0.002523881025431584,0.49415748949978067,0
0.5851016168316969,0.404226168585652,0.009148781786204083,0.47150663539193755,0
0.04733239581667753,0.40231213509525315,0.0013140806940893663,0.11927708279285423,0
0.11292260487384852,0.6348377078568092,0.41779502106359095,0.35890439542948155,0
0.029596211300398044,0.6061502194614307,0.0004885028797764342,0.4801706707875819,0
0.5590069463686994,0.40465144978337997,0.008100920099552064,0.3470589750971284,0
0.0707422910767816,0.7071567137341096,0.7608572021572175,0.34657975408879543,0
0.03080917909622748,0.6065869018662284,0.0009109736781108362,0.48669540680095486,0
0.9908543202229046,0.5785475868688639,0.9822918227095734,0.615450742585975,1
0.9626708065519922,0.7916632678086233,0.983475748137388,0.7530086333396177,1
0.8687025794565103,0.7527576411062226,0.9931395777623474,0.5704574201849043,1
0.9873090326996458,0.5829447633168259,0.9771743755849223,0.526307294670258,1
0.9626708065519922,0.7916632678086233,0.983475748137388,0.7530086333396177,1
0.7914471430279041,0.7629310818844784,0.993458573414904,0.22216459663336333,1
0.9943568787541305,0.5870544627707888,0.9741538798450562,0.6632387663758145,1
0.9626708065519922,0.7916632678086233,0.983475748137388,0.7530086333396177,1
0.8702855372005611,0.7498490171457751,0.989879121468673,0.578020037826664,1
0.9944298161881476,0.5483798034450617,0.9721105354154441,0.6202796928404429,1
0.966152644545135,0.813840563328069,0.9849669945890652,0.6791522200253539,1
0.8760860105780849,0.7517600144166514,0.9906716508144503,0.5561732823371623,1
0.9888091303791099,0.5429422635522368,0.9895173087589402,0.6548768363580498,1
0.9760933303051632,0.7618615425943498,0.9695210844076649,0.7499628320250261,1
0.8822460674189148,0.7551809929657192,0.9374411770679734,0.5349472392299935,1
0.014173987758557438,0.42454235365226883,0.08540641060294851,0.43453655451356205,0
0.03548802342039945,0.3461575164970839,0.0011689479550720378,0.15359558080767685,0
0.17156069391728962,0.6674276870344934,0.40052819171606063,0.5049404591665394,0
0.01654533266304723,0.5193742560158091,0.00030624107864350584,0.5845982189092351,0
0.12337275598469805,0.37992745344471984,0.001962970329528504,0.42730604357513696,0
0.923862236960069,0.7320127573788464,0.996234408593475,0.5741052031429429,1
0.7277895435432417,0.3958734575802368,0.018582356956916714,0.7022455670593974,0
0.9423114982956333,0.6915667739482549,0.9832976796504347,0.6002292305278057,1
0.05449019498689804,0.18263769449740022,0.0004907429441481565,0.42505193562244536,0
0.8048995168240709,0.6913409091451687,0.9197055935606773,0.31438683666044676,1
0.4264789488859909,0.5638996383471279,0.002769118528544702,0.5243728333069513,0
0.9494034625205962,0.7438499349017555,0.9953233486705675,0.5989844552804114,1
0.9338102300395406,0.6230452536381899,0.060665470186781145,0.24005737317107445,1
0.10791289283361194,0.25861365248852614,0.014259517380892973,0.6452840775006022,0
0.10808407758285321,0.3184366658860974,0.006252174736838999,0.452597754766908,0
0.1328226565997623,0.37930825238893306,0.000568799013081191,0.5261914858319935,0
0.926382688449768,0.7430902507350592,0.9975991310670751,0.3943498634210757,1
0.9191714813178938,0.7257354133480766,0.9887530706969669,0.35097351700258883,1
0.9295961673029389,0.7127383094154294,0.9966519604055908,0.5792186032051981,1
0.9107798171116003,0.5330489077471753,0.23430092549801498,0.42248685835668537,1
0.9243747960889045,0.7020868815778157,0.9958630974906365,0.5683076293146844,1
0.021474624756954965,0.4039870502976707,0.0008984350936305456,0.3534222249331049,0
0.1053208178969842,0.33159082596585676,0.00010928449241696177,0.45448290892846105,0
0.3742293347647544,0.5176758391340472,0.06278689099911397,0.43736366278463096,0
0.009980532600464316,0.20703850626248751,0.0023986185644313614,0.02694352474461428,0
0.21461233342714753,0.35641980444778465,0.3181439658964809,0.41537500556487766,0
0.14545710996708064,0.5965678326888928,0.0003400991240748458,0.03463594764991159,0
0.14897147913941874,0.33541575196684975,0.004622147773032855,0.25976157777385067,0
0.008360951251520485,0.2555594672203557,0.0026141104013903864,0.8198068013529921,0
0.07541187096921229,0.54679099073632,0.00016907822807474358,0.24947407827349985,0
0.1680655467066294,0.4238811421081766,0.02062257762759562,0.5080859039599718,0
0.3527675007406407,0.45179577621919975,0.011255757827344155,0.3845602937835246,0
0.02453291380095486,0.6282329563722034,0.002924742303570126,0.17267582491177302,0
0.09543914400549607,0.47799735820474537,0.3734405809561023,0.05963550873758198,0
0.7678062286417409,0.13743913636977187,0.023761640268279108,0.42976765622666907,0
0.03218480729940718,0.3350022051830878,0.012918602713938389,0.8681223586038339,0
0.058790031313851965,0.3451126618163255,0.017852841590206593,0.4671311600556058,0
0.21209690893212427,0.38472990943993457,0.01552529205444848,0.7131019228942033,0
0.18066813284228297,0.4853355181500273,0.09748027128050804,0.7307554125933471,0
7.66179828116444e-05,0.18955711975355333,0.06030244763184344,0.1736972307455929,0
0.22826969097098165,0.7278885663408923,0.0025499886103399366,0.6705228850310216,0
0.5628820583817348,0.2647430741091011,0.3956774185006861,0.3656581109917987,0
0.047523983146248214,0.5592102576588882,0.00011124535240906838,0.17250968654197074,0
0.7660670913594846,0.4804989263174932,0.3236358607991286,0.6956024557077958,0
0.0004942354175198594,0.6096134776308969,0.00028902290974209275,0.2988971811836052,0
0.5227536444583921,0.5786450270869482,0.15905851792700748,0.29490313315663,0
0.8314129724040737,0.5513123160368592,0.021229090201802473,0.3622049496516642,0
0.7762008703537485,0.5584308789727676,0.0001984215356050896,0.314526314238168,0
0.0814672191512281,0.7318143634191187,0.6086368087366096,0.21097618011296457,0
0.0014729703423711769,0.17842270243642164,5.096287098694834e-05,0.19913459531366337,0
0.8278659421707224,0.7130942709547072,0.00016599273366554596,0.4393355851497805,0
0.348278866892235,0.6276914702249622,0.0867464320536795,0.5053215110389918,0
0.24701057135178978,0.5921009994987003,0.003836997197313331,0.2981906269067171,0
0.14074900229901424,0.5324694138163949,0.0005447778871325684,0.54071922616463,0
0.10473960243308335,0.36288960178049323,0.09528962937350191,0.2604939233570144,0
0.06600221169631403,0.5668524814800797,0.1180376097136838,0.07083483599563246,0
0.1385794760443042,0.7427010432078448,0.0021582933146761085,0.09822426072217183,0
0.995999018989755,0.5171200759873172,0.9896047600840496,0.7674558583507258,1
0.9892155161891946,0.49208704829108996,0.9993876048899474,0.8004084428268037,1
0.7914926082130224,0.7365457064006048,0.8942377023060281,0.49825239128053145,1
0.32166498113921244,0.6093392270956449,0.0030115087525043097,0.31911646235865415,0
0.9955047305856152,0.4796093928362516,0.9775548938850118,0.7476385696200853,1
0.989685051269433,0.48857499854192304,0.9998611187546614,0.6813601940725692,1
0.7491353340737231,0.7110634022407745,0.9505678000380299,0.3694068123641824,1
0.05695825422626977,0.5138277382961117,0.6297026625038428,0.6207859996683303,0
0.993141104376771,0.602967116254455,0.9902463517590311,0.7537265019465901,1
0.9887197842435286,0.48996923712455986,0.9992363750202139,0.7795254231991112,1
0.7914926082130224,0.7365457064006048,0.8942377023060281,0.49825239128053145,1
0.2467027649764853,0.6436787940129731,0.005979974108901706,0.3709517496762028,0
0.9917549270765973,0.507928246651607,0.9904144257225453,0.7353931183459774,1
0.9932092075088536,0.4641492272265698,0.9965392341178189,0.7671221838277975,1
0.778026502269,0.7353671651238909,0.9286360852024023,0.6007319213723795,1
0.9976928252416816,0.5622467579570974,0.9816114594277665,0.7481914199732249,1
0.9933757786018524,0.4297085771829453,0.9968504589292303,0.792589846400841,1
0.7914926082130224,0.7365457064006048,0.8942377023060281,0.49825239128053145,1
0.10566303440552152,0.3790077178753137,0.10371641028841164,0.29010479985367116,0
0.05439902839159842,0.5709345742333524,0.10709218037679312,0.1083732584224652,0
0.1483629322819065,0.7051618199979333,0.0036269143352172096,0.07878771288656715,0
0.11045404391401988,0.3572542477731522,0.09157917090316035,0.25374017438579805,0
0.041051509246227316,0.5702327814681858,0.06261915115681604,0.0908797776238705,0
0.2122065661930522,0.8038780629651233,0.41705612413851384,0.2120764319652408,0
0.0928708108251363,0.3856547067719891,0.08177903575101132,0.33667544504308405,0
0.06600221169631403,0.5668524814800797,0.1180376097136838,0.07083483599563246,0
0.20998312515673942,0.7541695740316303,0.004484115232805253,0.14036243198312745,0
0.936509069408207,0.6068969947403605,0.9043372855075087,0.5540178153480679,1
0.9334562056080445,0.5133005371742265,0.9928478633758406,0.6625649939395313,1
0.20752546658820192,0.739176296327568,0.9821937714003791,0.3065203050903164,1
0.9917549270765973,0.507928246651607,0.9904144257225453,0.7353931183459774,1
0.9887197842435286,0.48996923712455986,0.9992363750202139,0.7795254231991112,1
0.8165276022536607,0.7703501774721714,0.943071747111076,0.5974053982256712,1
0.22006245796953014,0.5135496377929599,0.9387943224501919,0.5202047579715365,1
0.7340594796676456,0.9743194195051339,0.8705929399460958,0.5945580901016067,1
0.5868740662926875,0.9699745802023412,0.7879668894599037,0.5664050933970001,1
0.9281751887577218,0.6181679070162182,0.9959824820433179,0.5269138182122352,1
0.959562395182569,0.46338920135393596,0.9895856765560782,0.8504648495473601,1
0.4073753315102687,0.7211102148803561,0.955561438731277,0.3484685551807275,1
0.9918816518206329,0.4794897867879238,0.9891530415786727,0.7278110244438282,1
0.98952414918558,0.45934156076112237,0.9998749103008704,0.6722251947173105,1
0.7969045314102171,0.7508132924437247,0.9767622150351953,0.33566425289964397,1
0.5591792291113874,0.5658872881467244,0.004251428636646721,0.4433015093803889,0
0.04920843315943068,0.34762377330911787,0.08203547223179364,0.3685904194021307,0
0.066429619990533,0.5621711247933998,0.08964476552896877,0.11177941400452408,0
0.21888038827610193,0.7569967545706932,0.000519612709424169,0.12393732214171939,0
0.17105526504578725,0.6165546580582606,0.0041373096208329576,0.38277113284704894,0
0.0003794436483315353,0.630590843383479,0.0005674149845831482,0.0526738968933647,0
0.041725366722506894,0.37725244659512097,0.001162543259892573,0.341460058508386,0
0.1781117284440692,0.5526182310176565,0.4484725838344552,0.4316964658918274,0
0.12017922022417545,0.40793622775572036,0.014133186283504243,0.31389185802494224,0
0.24946842916221354,0.307907184457545,0.005593525118266833,0.5442184450157546,0
0.005069966102959392,0.2881155355058876,0.021425548305367574,0.7715845089460684,0
0.4277958994027749,0.503270110871878,3.6992642032204935e-05,0.38421929690954765,0
0.7055852124724469,0.34836938455453414,7.308277986065883e-05,0.6530047431176721,0
0.012822992490356353,0.46115829366237665,1.538299872677489e-06,0.2743064636292943,0
0.27886459222849136,0.11173423376577117,0.21403555876226102,0.36918352788984055,0
0.0019820847807395956,0.3596562853910473,0.02879564278972286,0.386885001406625,0
0.04177833642938476,0.45254415360231043,0.03289784131596794,0.2389000935551321,0
0.23465380594271354,0.8426308762727486,0.008200291570653216,0.2758436648853934,0
0.920089492955929,0.3928726427997977,0.9888918761469663,0.31321063330257254,1
0.8385698102686455,0.4127636026767588,0.882267922934822,0.2829135507851282,1
0.7995936872222972,0.9766576785519616,0.9955486223730969,0.6598897079728633,1
0.9304067624387767,0.4413267535579023,0.9888487089016466,0.5207894564211119,1
0.932086584406702,0.4630775676273716,0.9985297943446255,0.8627378317248122,1
0.7473547635694523,0.7038522952241294,0.9107590246185863,0.286423793736321,1
0.043840236745270204,0.527859149132192,0.0002946750768492001,0.3082673333678019,0
0.2600946884031474,0.808670114609919,0.17055650287787702,0.2731986197354931,1
0.26758474341553307,0.7768588159277131,0.9948775895752674,0.17247125633101051,1
0.7340594796676456,0.9743194195051339,0.8705929399460958,0.5945580901016067,1
0.9287630635036441,0.38007183219220203,0.9883855287009503,0.5165186268933775,1
0.9511534602669295,0.49623309018890505,0.9980741798294215,0.8722265575768338,1
0.31802967787840813,0.4180291939665829,0.9295894211730418,0.5778100508297099,1
0.9376826386122599,0.4732334851123732,0.9877464098763789,0.6513045359632337,1
0.959843576578252,0.45490581843870076,0.9844192001395248,0.8548925900910403,1
0.8778099905412047,0.6909136079001652,0.8920779915661141,0.1781533555164642,1
0.7785137767260061,0.9766576785519616,0.9955486223730969,0.6771439234445632,0
0.0031163590028961317,0.3183277256586384,0.009072590457677306,0.36956422103517605,0
0.04010305723773263,0.40972925166813096,0.001107233676034918,0.18271904883637793,0
0.22730371576781655,0.8402874085705273,0.006169070140231072,0.26397205222467746,0
0.04544615470844401,0.44672058500229633,0.052941669545259494,0.22616449720824736,0
0.0017582556847211847,0.3338263381352032,0.025104908077959797,0.4775735513901899,0
0.03134869719570904,0.4614785641983835,0.006117655771561368,0.25675776260387945,0
0.12980352408188567,0.8016763837095664,0.0025937908153970484,0.2362107492498252,0
0.5969007266685988,0.352804686944977,0.9717386687479943,0.3239605580607751,0
0.0017582556847211847,0.3338263381352032,0.025104908077959797,0.4775735513901899,0
0.04010305723773263,0.40972925166813096,0.001107233676034918,0.18271904883637793,0
0.1246901805148154,0.7842005205634385,0.0007971175241486246,0.1768822666011983,0
0.9262534852432706,0.454322185565454,0.9920372923638452,0.31379818747245797,1
0.5228526151826698,0.4496022061313659,0.8558434259524376,0.7325937501764863,1
0.29099083706361417,0.5083638214978795,0.07266665783313844,0.24380678280468318,1
0.9132221343918702,0.5166586776264749,0.9549902746438232,0.5593085813815085,1
0.8634173903477749,0.3709378056255059,0.13978080728064993,0.3645489380641253,1
0.16103440408603878,0.42218592641346825,0.8889463012264563,0.38924388702373175,1
0.3033512568864555,0.35699577873347144,0.9711386468767343,0.6528645028625072,1
0.3761781588666138,0.38864098816199344,0.9366435242124814,0.28724062937406003,1
0.3464086133331747,0.38301036389842774,0.9291553333842365,0.41787212053508,1
0.984962495466454,0.41214398786639483,0.4763717140270308,0.6288332385667165,1
0.993571091940065,0.48749233129282965,0.722046965607835,0.7072806871677475,1
0.952265041349014,0.6237693606780973,0.9605317115812586,0.26026274713856107,1
0.04920006905511808,0.4800687643553564,0.2005400415611209,0.3610528684773246,0
0.9390941254506392,0.36103578926479246,0.9897164189738292,0.5209986146581995,1
0.9461615929357782,0.4234790901401325,0.9867343733981971,0.8515169764849488,1
0.7584348176794871,0.6505527670575666,0.9069716514939566,0.1324245049941082,1
0.0013913881701477677,0.3143528315142745,0.006711203536456773,0.4720979865793064,0
0.05146221265788001,0.3954770336810141,0.0006786477537234177,0.2607788462230911,0
0.2756242358148375,0.8466249891279636,0.009823181110828255,0.22952754800004962,0
0.05551051368430957,0.2584996614570965,0.1297899018825972,0.6152964231669956,0
0.9598714463330418,0.4262051362610521,0.9846268490458286,0.8037790242088374,1
0.0008478217338896626,0.2417250402682491,0.08665384064075424,0.4218040095923193,0
0.9598714463330418,0.4262051362610521,0.9846268490458286,0.8037790242088374,1
0.05551051368430957,0.2584996614570965,0.1297899018825972,0.6152964231669956,0
0.1484351394118247,0.7848233028103068,0.8577678565156971,0.13518700681822005,0
0.8023499671422708,0.27363539828700756,0.015513097532368292,0.17776481309238282,0
0.042165280677528186,0.23500151387549947,0.13337124731045513,0.5231362024902763,0
0.24991632185672122,0.3011562435425312,0.22160809936762904,0.3488443547404916,1
0.9393629019299398,0.47278061176267794,0.9787879070965882,0.7267843390348939,1
0.8460859554098868,0.44674297118391204,0.3984392020468361,0.637787374302144,1
0.9667244028480659,0.46518020052750997,0.9827756976411469,0.7866024024422785,1
0.0022867368827731494,0.4435648337417803,0.008690462911773006,0.107017128577365,0
0.6314341996635897,0.8139961573983029,0.013123816884382718,0.5743546375782712,0
0.006941950053699112,0.5500411181387721,0.017646306179450278,0.5948486893351544,0
0.27143290039943596,0.1776565843172446,0.03621150770992024,0.12087453519715975,0
0.12232571131096846,0.139869672499369,0.000747203495111397,0.20946876089056282,0
0.08492383709065061,0.07400288420841696,5.514740607604869e-05,0.4568752601597487,0
0.0019285911091704666,0.2511206938989306,0.00767278851028855,0.11444633294083412,0
0.1548673685272549,0.2709467497227903,0.9428117300790911,0.6999024705134282,0
0.15009405177495777,0.36851726689923286,0.006478942837210666,0.529606048938091,0
0.5637291979328981,0.14622867004085044,0.044756484136466906,0.4095683862056322,0
0.13777131095685102,0.38958886988922575,0.5201052917417692,0.24045070869466934,0
0.021816880923473243,0.16382319668557713,0.009376083680942884,0.3714153844737614,0
0.01568618332742364,0.3759725654258108,0.0009657542020714081,0.5532610144482812,0
0.6911585579815331,0.5071786346096208,0.22690912183521048,0.2930884544789625,0
0.2524537753260625,0.30492019781835283,0.003246191451975705,0.34999836287411873,1
0.6926212935151626,0.7187240167265494,0.975246510133383,0.7416984525342463,1
0.0080280696832183,0.29698996864131977,0.0015120701516514673,0.27038735359941996,0
0.8503275517701294,0.6366834307945779,0.989151327798216,0.22295216243356103,1
0.06868839313431649,0.31158987905404023,0.6835803307887949,0.17590848224495917,1
0.6878417828933677,0.7670108885689201,0.954316664198226,0.8078349635925149,1
0.2849289025831733,0.676666884687039,1.1273195011097042e-05,0.5605692224495221,0
0.6475810627641103,0.45414934719881594,4.364562345128956e-05,0.5450632207314896,0
0.31035949366545207,0.6332187386976024,1.9272470678122657e-06,0.6700152450223912,0
0.35281872690000077,0.22362637366523982,0.020586850998220125,0.5210689557811281,0
0.23738386077392387,0.5550104005074711,0.00022369514536122153,0.808910902237095,0
0.6932229368587833,0.7381931404689124,0.963933072196946,0.8351384507453488,1
0.374885542523208,0.5566219816895591,0.5394966941739057,0.4848758348933436,1
0.5900017237542173,0.9699745802023412,0.7879668894599037,0.578911206596517,1
0.3674785082390881,0.5497287542025964,0.6875291320687513,0.41836144243942874,1
0.7898939286232987,0.7114957494522758,0.9600074330914354,0.768007620277935,1
0.009363939187778593,0.48125231655517114,0.010149972673961975,0.39426763826205846,0
0.24443408141509332,0.6261520222643776,7.01375284470695e-06,0.5035523531628094,0
0.9652154188964461,0.2806868549237683,0.8209503833529709,0.511131570273949,0
0.11528182925930029,0.2509679138169884,8.905348449132231e-05,0.33322310166107616,0
0.16094997899857028,0.3616628292953045,0.004300367473075173,0.3221532534213691,0
0.11109845367805725,0.2573058019496865,0.1344972233808642,0.44357001929230405,0
0.2976709893839778,0.5272010562552718,2.2196922611929403e-05,0.631529257729084,0
0.002811853562036413,0.31209739561811695,0.02207036246285763,0.807654611512532,0
0.00791071494641769,0.46755951158962467,0.04438379648204477,0.671616767198057,0
0.3154175816694968,0.11790769813817407,0.023854234073003397,0.44182121991685674,0
0.21014639061198345,0.23510515168001186,0.004700017525425208,0.28546989382471427,0
0.18998664961880232,0.16106880180840052,0.007800983829176337,0.5971921164926173,0
0.1345316938350068,0.027700185445692905,0.0019622754632030465,0.43336884109487245,0
0.06732648344576851,0.24169899739078526,0.016849016995132547,0.4565311666037932,0
0.4190539026653487,0.15638022520406697,0.012687397008210578,0.6527440085164795,0
0.14641835303199136,0.4350110174086921,0.21406008211159394,0.5476104546157738,0
0.7581084849761052,0.5546361393472967,0.9549543517482207,0.5279995207051811,0
0.034717722667972684,0.37484023000354083,0.05697124865968234,0.1683861657333643,0
0.14748028716318076,0.8728448283749255,0.5650174283909007,0.4859859936212077,0
0.7009774761973062,0.3152233434923313,0.15518862352132604,0.469722309753056,0
0.17728808929099565,0.2556378796773279,0.04367201197470874,0.6388556744813224,0
0.009588242721609207,0.6763916601556423,0.0005317161274689891,0.4082446358165053,0
0.0069331280758693084,0.30661661791110867,0.0015619249725166962,0.14727231532931914,0
0.35949241987424474,0.2579458893397978,6.0614243411983196e-05,0.32778521035127145,0
0.6086452714488118,0.3188503608271413,0.310509848125135,0.6736652376061438,0
0.09554582148960376,0.7515781001868235,0.002579215584639324,0.6834523970729882,0
0.14907317111822724,0.7410102906597884,0.03324614407471239,0.5285222849545014,0
0.046146419800869545,0.5390127343476138,0.003311893099402285,0.31836688935493207,0
0.6587318083158383,0.632127618128836,0.01719202802793065,0.10366804417977485,0
0.002609954403988739,0.856105627218028,0.007400279692573842,0.3908282470936191,0
0.11972760049772346,0.1885964439383471,0.0855418944830091,0.404756856925929,0
0.0023299340784890925,0.13466231158674632,0.005233882349269418,0.46094136655779394,0
0.048684825717403235,0.1020858279844866,0.0001716181191344699,0.31048270637949005,0
0.005388330032202711,0.20158984443542446,0.0018084053467076185,0.23014887078973312,0
0.5901454727114985,0.30622725051168104,0.075946155531486,0.4606245479677845,0
0.5699300446093982,0.21220377266201182,0.25151196976270745,0.3852420140530575,0
0.03777124411814718,0.4826575061667727,0.06332466639303108,0.2887621958660249,0
0.570220292885926,0.16778092055804897,0.0004980079854274382,0.7167802394955123,0
0.003302789427185814,0.1911259028189801,0.004265493627744228,0.5918608032476608,0
0.001435939301531936,0.3598361744554006,0.0007342659147007705,0.5873911542755553,0
0.004090071890463334,0.5349643122632108,0.000152516996496996,0.3010977613174988,0
6.853543685572132e-05,0.6211976746114766,0.00020039203891938546,0.5652584421459821,0
0.07600875246839331,0.3141471954128013,0.16324754684686116,0.5834379373543171,0
0.09991710148677986,0.5078043633695359,8.275509167652938e-05,0.29321165916125413,0
0.5701928677195502,0.19306998282508583,0.021834479629413234,0.35594236893979087,0
0.32362481962166817,0.2029231895982841,0.001100652969865914,0.2620556486623406,0
0.9219696111469496,0.5067885380750129,0.9909793347583695,0.606599688495568,1
0.8960068095037329,0.44535049993403963,0.9895098135261363,0.6092948229459059,1
0.5244775834086951,0.4835335752951727,0.00013445632076043395,0.8130494775234118,0
0.9291834848063795,0.5717623826873325,0.9963367687043769,0.6842869717348107,1
0.9427408445792659,0.48616235265523017,0.9646348240850531,0.5897309634533198,1
0.9217155530622695,0.5600282835186908,0.9946641226956212,0.5776140304880707,1
0.2975800460999641,0.5490605144028371,0.004979296359691373,0.3658525188769694,0
0.454033062996398,0.25307238186553654,0.00016505371022399324,0.6741449664545605,0
0.11557470628201781,0.692924730151866,0.48505774014493347,0.13081255429920963,0
0.7023443030264594,0.2686663488997964,0.08292384089971748,0.554352371045165,0
0.2625849543331731,0.5182564838712973,0.001371297848907126,0.5958952886150911,0
0.3700053951209091,0.26081576538186924,0.017004292494450138,0.47359987925997765,0
0.9219881329823,0.4970331981635657,0.9942294561320637,0.587826592748861,1
0.9163722006618135,0.5589531781141294,0.9921305879380441,0.5887347900053185,1
0.9261488417175223,0.5167291089280991,0.9965085926427107,0.6667947839336031,1
0.4071647749138655,0.2361584282306995,0.17643316735462156,0.46091943225389786,1
0.6836284535639437,0.6132091240137824,0.7110892942595045,0.4070839636873962,0
0.9036160353333492,0.5032286866783535,0.9802650463725622,0.667633259069675,1
0.23314591596660292,0.16342436006866978,0.004055575803879419,0.5446238812796137,0
0.004562906461267003,0.5772685019875525,0.00016666991271882897,0.23595053050732223,0
0.014125032736870885,0.4816353259736015,0.0034708564157266996,0.4678008117671396,0
0.49322190489750894,0.5784630511527175,0.07343176390230718,0.22634271083816335,0
0.07120637178049953,0.33086635534242564,0.6533044715496338,0.30430035761626806,1
0.6750937506083593,0.19192505109010913,0.045017578621616275,0.5936806633995023,1
0.0954881460746439,0.20161769128437176,0.7174224322868199,0.7359072358291671,1
0.45782137264019385,0.14328711510330264,0.17013141796800738,0.34778241725472836,1
0.0010902044734724318,0.4214669091172054,0.014306935344543052,0.2927596604704971,0
0.0037345590016499073,0.6246761839247413,6.3255231574022e-05,0.29692834949514924,0
0.0099580938050285,0.4827218161128013,0.006345822094895464,0.3687572762199726,0
0.007280335055472933,0.6941250415038793,0.00011868712443818951,0.3321914888466181,0
0.010242490339363317,0.5802203572316402,0.003339001378773876,0.41507544833336657,0
0.0037622284079834568,0.5740247973116495,0.002796526148807359,0.5362441058036619,0
0.029098021791859538,0.3973781334936046,8.594168583845491e-05,0.13213449822062376,0
0.49308567362204003,0.3348797945354432,0.9348256175188272,0.6615567825060775,1
0.8100349468265977,0.22699465385647036,0.9670433720660314,0.6459179508058749,1
0.0514613824449884,0.26105986828023414,0.9163970384940312,0.5686327867833492,1
0.7081886342087047,0.23351135749532317,0.9877387428712571,0.46162219315012204,1
0.5223415939313489,0.2721089908455639,0.9585143486268699,0.6966139953572436,1
0.7806631626403899,0.2986718933023882,0.9838032395285782,0.5721458791394699,1
0.4636816206760891,0.25863372421293,0.9108210802492709,0.5843330546872748,1
0.832652945667678,0.33615669941975174,0.9498326785528884,0.5913990089415202,1
0.3780817875221765,0.4752290265960075,0.015477709304016946,0.25672626402324084,0
0.053785079314109856,0.3520753388689506,0.035625397473802146,0.5037192804774955,0
0.07944104040974818,0.7404125214090753,0.030762601838623477,0.41898246718339077,0
0.2667013848725569,0.48365308341085655,0.48617997174657046,0.6307721059316559,0
0.07561743786161984,0.6734795802019898,0.004846237933279269,0.3408931343295179,0
0.00995531610155964,0.651748264211047,0.03219642247157054,0.15638572014963958,0
0.0048259811439967945,0.37890495813048297,0.014377461527462563,0.33141000281524957,0
0.20839271926381558,0.19973247598231098,0.24974727204146402,0.5296508368119269,0
0.2032202471963164,0.7563394898694857,0.003174794038129265,0.35835918133254535,0
0.44157739611924635,0.4621103223999579,0.8564279534223385,0.515854176993387,0
0.02512636348931564,0.71363218172462,0.02546665127922147,0.42925805007620843,0
0.3927163573980831,0.6600997729396227,0.005599091140395228,0.39721597630143335,0
0.0770648209497449,0.5083205184198083,0.005546019945323195,0.776151187226632,0
0.4917818447812087,0.26575135457580296,0.004663371310203187,0.27453096156431284,0
0.22438304851945096,0.7419924044673808,0.014287847760957085,0.5518633573087429,0
0.14346519810356922,0.22440186064293646,0.00018171332095097585,0.8191240290221492,0
0.025876508263704957,0.18347257271819467,0.0018716082000358805,0.6472933615817421,0
0.13301085737081647,0.23554730295016027,0.03847963897538124,0.4924691691609092,0
0.34397883266007206,0.6340055520014543,0.022536610727144236,0.22049764941457922,0
0.25703041622126593,0.4243926314505662,0.0003438429515335227,0.5486575515605762,0
0.052142434465048806,0.2697724533429243,0.2075978845706894,0.6226851447927233,0
0.011742691019930054,0.2840029529038664,0.0029945046332218958,0.5137285309608418,0
0.07239078253962263,0.38446037343785744,0.8181630223507953,0.27832513972865974,0
0.03839692087425361,0.19509838017981665,0.0007162996682401383,0.36326450587347253,0
0.36585178733919915,0.5435703497176229,0.014124849346993545,0.6064268076802888,0
0.6279995965603584,0.21902678815757207,0.027844912930012636,0.5823177445963048,0
0.12518366633882982,0.7660510730418164,0.07493551637096925,0.5262016598844159,0
0.0037913718769520873,0.1318113177551977,0.011145786421246388,0.3444941072199679,0
0.1060699271859538,0.27600650598680376,0.0007025017562323158,0.4896063798525536,0
0.009959871758520703,0.25411811752298047,0.007014215871284446,0.39193538398735855,0
0.008735383267319185,0.4402369020316685,0.08850197964640204,0.49187444911986317,0
0.9396657199496936,0.2747846781855495,0.9067736145917605,0.3069724543733419,1
0.4135406744363254,0.3823418268213536,0.9844122986240091,0.4087490718106564,1
0.5152933439338484,0.23712795095327086,0.8164269316437225,0.4272606961824098,1
0.04652538070361514,0.2339756246762183,0.6374494352547706,0.03667817522377768,1
0.9828588715096295,0.8344690815480068,0.9989996121515962,0.32055332756163013,1
0.8940828419954306,0.5719319000800899,0.9732931536102041,0.8494749684262991,1
0.8775032114854782,0.6274130682009578,0.9995469456639098,0.5090790877227841,1
0.9676569041581539,0.30249832054091974,0.9319294807145102,0.4356324987456638,1
0.42099202733336655,0.5931185693775505,0.0059569602345019524,0.4523247336932011,0
0.9625487469430487,0.6358424431746232,0.9994839933651744,0.38931222667813536,1
0.24100780488243104,0.4699747680304174,0.9986935023302724,0.4091490449188252,1
0.5827245355489103,0.3813336349213713,0.9712241847667146,0.3591105227400996,1
0.9798664769767959,0.8337606716021498,0.0005168741643623079,0.17487934032450694,1
0.9804549055044623,0.7727526387540011,0.993377580795343,0.25787042245085146,1
0.8996162837202284,0.5822915573441751,0.9787165097480589,0.8284199235420268,1
0.8950468181504027,0.6388237650903866,0.9985876653126389,0.6138469425202127,1
0.8951713813889479,0.2603743321047889,0.9625622241319275,0.5624179245615144,1
0.985918228376296,0.7949611448295745,0.993609022332563,0.3229147189067981,1
0.8996162837202284,0.5822915573441751,0.9787165097480589,0.8284199235420268,1
0.883422900678092,0.5906783117786979,0.9994301484754756,0.6486020385847868,1
0.9180472605969424,0.3323437143581206,0.9665998211082246,0.5439871334872346,1
0.17909744031788857,0.7405071441602438,0.05549208538816415,0.607527729356455,0
0.003808643991563714,0.13200978517592016,0.011064644713379894,0.3440933551321569,0
0.10858010584814033,0.27582987930603037,0.000486505255093509,0.4905609649323059,0
0.009983951405197113,0.25102136618241927,0.010984575692210022,0.423716865561537,0
0.9153271915241628,0.5789591251977312,0.8019672255214458,0.5912575771702426,0
0.15367090934012423,0.7274614935549484,0.029632132875738324,0.5664377097083211,0
0.001517135062014806,0.1713304802926249,0.013167520346098482,0.24970512037959372,0
0.06942514634603152,0.24991005670818256,0.0004528365831632698,0.4507814377028848,0
0.02490173604415627,0.29605768649817293,0.012847470705380172,0.4237922652198494,0
0.1309665652479972,0.6322123458040968,0.006827859001735137,0.3543500391588513,0
0.11942472447112971,0.7679258638255609,0.08051011049493503,0.5477448053562431,0
0.0026585424899073797,0.1555503904232628,0.008361410303539745,0.24985198066622608,0
0.06942514634603152,0.24991005670818256,0.0004528365831632698,0.4507814377028848,0
0.005736709646368544,0.3007990957280503,0.0038618917067209145,0.4566144069634563,0
0.97776798032517,0.7585024006923858,0.9970089553633276,0.7473776984882176,1
0.9036444327827228,0.6228832944772524,0.9511290151252191,0.8573677896231382,1
0.9108528765329342,0.574973199294374,0.9991357925085531,0.655368275884431,1
0.8419684155306402,0.2677372183186931,0.9688532056670259,0.3592535141471089,1
0.9786763369027348,0.2387500329176706,0.8745607475495665,0.6631197784533158,1
0.8256576870416057,0.31753694903619256,0.9296865033713357,0.35430348359482955,1
0.5331129476863101,0.22988409150672445,0.9781862662911093,0.5921446142527301,1
0.7173462666691962,0.18898364020607342,0.15270491290896243,0.3320477881726926,1
0.9822062924812596,0.843421049307279,0.9902697023083942,0.3392636104959713,1
0.8846846873600546,0.5901525869714757,0.9584803297506592,0.8651702405584863,1
0.8950468181504027,0.6388237650903866,0.9985876653126389,0.6138469425202127,1
0.8886725430509479,0.343559428027492,0.9450879901985048,0.5452042980069849,1
0.9804549055044623,0.7727526387540011,0.993377580795343,0.25787042245085146,1
0.9139350872513594,0.6035306984866687,0.9704162693177562,0.8765847260944167,1
0.9145482898946373,0.5727789084876198,0.9990433442659362,0.644613308927138,1
0.8404507599062584,0.2661055442696177,0.9632521986449893,0.46680325434014425,1
0.986064827349649,0.7720567593770609,0.9983073129243369,0.3006072327030777,1
0.9163213052707807,0.5715296693451013,0.9903038543522762,0.8517600419378315,1
0.8539680930453561,0.5489434352934588,0.9997686299667905,0.5349090627602586,1
0.9400671999655662,0.2998978720728102,0.8916020427665367,0.47958348971262665,1
0.005543443664074118,0.27668942526009943,0.017449643569104084,0.4975091238599187,0
0.18004940564784605,0.7677450775712737,0.12132797403832404,0.48959876599337226,0
0.0003496022952400493,0.1485083810813819,0.008671745258683533,0.28893499336651784,0
0.04941905729000257,0.18478055368120505,0.0003507348057353614,0.47490282335406925,0
0.010448062202838922,0.22498268887318582,0.001518072707052517,0.39919913962696485,0
0.5145492039463203,0.5541555232470979,4.873666305574585e-05,0.6359522191486908,0
0.0713525580521127,0.3113280798755746,0.004129764128459823,0.5268997697921598,0
0.03990859003896004,0.2560563285323981,0.00017808661971111198,0.5061697067965788,0
0.6643697664927175,0.5163563983582353,0.14584988960186482,0.42279123200170055,0
0.26973796068567146,0.38715376776754196,0.0024262523798290257,0.5502003603265151,0
0.018742071335175057,0.5856047296934167,0.03899518298683994,0.08293561539550569,0
0.06558743238231013,0.7481867941257988,0.021397298098622425,0.38636361321601137,0
0.19339579718462158,0.5115137110540801,0.004042379521767598,0.5660992720271903,0
0.8509773297259315,0.6064414925722098,0.9786187049220004,0.845704053594815,1
0.9725979536004722,0.6450359327039357,0.9991566063371436,0.7921733802048301,1
0.7374089161664614,0.5221844415000041,0.9698875887709023,0.5855117600714329,1
0.8584101548039049,0.5746577264249446,0.9151625994158794,0.8321238410355761,1
0.9766922921493609,0.6821535283537409,0.9998662433615569,0.7349347308648292,1
0.8051271308690566,0.447690203436302,0.9017417509431183,0.49027626563560156,1
0.02921623062692387,0.6522303997791133,0.046085053821464946,0.6100246586595227,0
0.8509773297259315,0.6064414925722098,0.9786187049220004,0.845704053594815,1
0.9705559159164243,0.6544139157500389,0.9985244257495397,0.7231503326171317,1
0.8652149331476569,0.5590408196655057,0.9905188375739427,0.6634463868214406,1
0.4868765287441272,0.770324581680342,0.0008348747763631032,0.5910364862875254,0
0.9059181141399557,0.6521181580862508,0.9787798466729681,0.8704252598187112,1
0.9681954104462914,0.6719524738184048,0.9989750173906609,0.6949984349304467,1
0.8440857182451699,0.5673552480336296,0.9813090754283414,0.6862008458069973,1
0.8978113854273942,0.6570433785420702,0.991221572824534,0.8744036536781233,1
0.9749319307366016,0.6922740253412178,0.9995008056206611,0.7259108747008577,1
0.7374089161664614,0.5221844415000041,0.9698875887709023,0.5855117600714329,1
0.021185828032583592,0.5366123175239959,0.0005028486709594241,0.3889893784108425,0
0.32086681396255634,0.17463940248948553,0.01419857996774923,0.2158272594271199,0
0.02486483868984604,0.5010692326546441,0.05207004009883912,0.1115716169475672,0
0.08731375429036793,0.703905325287709,0.02304991946886291,0.37226278342667524,0
0.11864113771683468,0.5205289851427489,0.009269443130106969,0.45886406279801745,0
0.020219476111873354,0.5067602918358121,0.00591597250410756,0.41304005224041107,0
0.08904754168187463,0.7056991507179069,0.05470637507946779,0.3678907904337572,0
0.07581168743230116,0.5336395606387654,0.002277290101466473,0.5130396495018126,0
0.01977462763442112,0.7953653648633097,0.0002642392021016283,0.5641860118907402,0
0.02311794928177743,0.5568346095970992,0.03869783260514928,0.12632109745454034,0
0.0790974559511001,0.7005387768478231,0.012379167039289842,0.3017630571307893,0
0.19549447276778112,0.5117749995942188,0.0022094246236947918,0.5660008245652179,0
0.8509773297259315,0.6064414925722098,0.9786187049220004,0.845704053594815,1
0.9705559159164243,0.6544139157500389,0.9985244257495397,0.7231503326171317,1
0.1951265853732528,0.16296832171827674,0.06884916350333624,0.36183919501985,1
0.9134455413168426,0.6319996140521542,0.988761532268664,0.8923560842921447,1
0.9650899574819963,0.6566682605924468,0.9985741100717352,0.7071254995978419,1
0.8356725905351402,0.15543513613032753,0.3448772406584657,0.20341813875144774,1
0.8509773297259315,0.6064414925722098,0.9786187049220004,0.845704053594815,1
0.9650899574819963,0.6566682605924468,0.9985741100717352,0.7071254995978419,1
0.8430444271623538,0.5942634227623512,0.9870434965641971,0.6428350587124819,1
0.9059181141399557,0.6521181580862508,0.9787798466729681,0.8704252598187112,1
0.9650899574819963,0.6566682605924468,0.9985741100717352,0.7071254995978419,1
0.7374089161664614,0.5221844415000041,0.9698875887709023,0.5855117600714329,1
0.922876411038291,0.587566870546097,0.9663762190482339,0.865452294132797,1
0.9716846668126158,0.6410781204280452,0.9998457448002979,0.7276525459646274,1
0.8964163994142432,0.5103698602504764,0.9120540962414048,0.527525804405734,1
0.02034656613301685,0.5243901933888195,0.008313953742195629,0.12528094667456585,0
0.299787865551551,0.7365879166281164,0.02874441458198093,0.5160875450372847,0
0.22571985643847725,0.47577643603328174,0.007709891178775629,0.4896037222218469,0
0.00019424029525844964,0.33029611988082686,0.0178294366150821,0.5363676081192443,0
0.30874089879122035,0.7550235415850961,0.0006452820177236056,0.6686069222672525,0
0.031879138896338324,0.5843058953472485,0.013905126491408343,0.5646922886238684,0
0.11181475142143607,0.4299457726364426,0.02211168726748733,0.6929335293174936,0
0.08409908113763671,0.5524646970177746,0.00033885375226842547,0.22606557102038086,0
0.0039828704035527,0.4677453269461737,0.0002815028740180217,0.28701176224833974,0
0.04969042385292246,0.4778438397597894,0.11345331188366359,0.4133557880997912,0
0.3862430840770509,0.5283559836139011,0.001072320669309501,0.615262330537153,0
0.5432115114110906,0.5238962634178153,1.2118113314592687e-05,0.1270581436155623,0
0.11515837495769933,0.31296104972006444,0.02625049375643199,0.37820717259565495,0
0.2096298728832193,0.5498128079909419,0.009049595065489647,0.35454268129840566,0
0.2042338130832197,0.5350585410406785,0.09694046095614658,0.4565633798890798,0
0.00428745519604337,0.69279844239132,0.02771908419651431,0.3845517512642858,0
0.8625707712246643,0.6868044346229581,0.9721168060969717,0.5770643456239506,1
0.9330757688260988,0.6809134848849174,0.9988457247642291,0.8672657744851408,1
0.9690001661344858,0.7662624470390832,0.9377627911240357,0.6974797596943833,1
0.8535418087126128,0.7039109393765225,0.944346763447266,0.5767689175263636,1
0.8775092553240176,0.6716604658384913,0.9782049137665738,0.5949477006037012,1
0.8911098352915285,0.6158081501914499,0.9950371978242585,0.9060135795724391,1
0.9658459820383118,0.7851879225777967,0.8760451427796154,0.48731853467128444,1
0.8445440124108902,0.7245035502849765,0.960349869140793,0.5899991448985724,1
0.4176818806396933,0.33841853120508103,0.035155560412969446,0.12919552852393784,0
0.8809032397028786,0.7179830776240791,0.9820440612818421,0.6577086737491084,1
0.9218481888530282,0.667763167940748,0.9982584736631638,0.8768372766237844,1
0.9567555786789301,0.8071551376110105,0.8899660543438429,0.6696389246539826,1
0.8604993976573484,0.7090466443222403,0.9455451207124597,0.5596530829209161,1
0.8625707712246643,0.6868044346229581,0.9721168060969717,0.5770643456239506,1
0.9300184938044229,0.6479545087870281,0.9960614303562028,0.9112644803801654,1
0.9717687268547954,0.812574777714462,0.9452816820162586,0.805912752633101,1
0.8756330452611256,0.7287408772144923,0.9487913676518456,0.5992754696364851,1
0.8625707712246643,0.6868044346229581,0.9721168060969717,0.5770643456239506,1
0.9151485152039301,0.638465742485514,0.9990431853716152,0.8820239060130641,1
0.9631157534372208,0.745501093077885,0.92217743287223,0.7335510718595175,1
0.8275161926112972,0.7486471353622695,0.937207566686126,0.6094494447092565,1
0.1137611045589221,0.33054126286845337,0.02268594848694122,0.3859355445958675,0
0.29979318189592896,0.601077545401688,0.0028971632568332,0.48029905003088186,0
0.21027745340558396,0.549661330656047,0.0980907509106737,0.4655955166429058,0
0.0077198871156306135,0.7087503679303886,0.015623815128607523,0.36370932800827166,0
0.13266813234036426,0.2881367120205548,0.018022858561806274,0.30180427612156013,0
0.3316886679769894,0.6873475075685742,0.010823122664278595,0.43043355407324746,0
0.2514220059205604,0.5648923605554441,0.09409035222901868,0.474392141362524,0
0.006403301818728848,0.7189858145087334,0.02203753217242174,0.42522907020463235,0
0.05496492283748152,0.6247237682478013,0.0492609682757032,0.3537840139719264,0
0.09729585686692398,0.3224584557625557,0.013248171787933187,0.3543211586840219,0
0.29979318189592896,0.601077545401688,0.0028971632568332,0.48029905003088186,0
0.23579072523457603,0.5676732599037003,0.06054559075846008,0.43929603301897546,0
0.006403301818728848,0.7189858145087334,0.02203753217242174,0.42522907020463235,0
0.9211930169517143,0.6241453107816244,0.9813083422457732,0.6422973737359143,1
0.9214448644934198,0.6558191808479712,0.9970846752628034,0.8712699823968152,1
0.9690001661344858,0.7662624470390832,0.9377627911240357,0.6974797596943833,1
0.8604993976573484,0.7090466443222403,0.9455451207124597,0.5596530829209161,1
0.8912607067550041,0.592705571237843,0.9783317576520426,0.6210952365605563,1
0.9214448644934198,0.6558191808479712,0.9970846752628034,0.8712699823968152,1
0.9567555786789301,0.8071551376110105,0.8899660543438429,0.6696389246539826,1
0.8275161926112972,0.7486471353622695,0.937207566686126,0.6094494447092565,1
0.8809032397028786,0.7179830776240791,0.9820440612818421,0.6577086737491084,1
0.9151485152039301,0.638465742485514,0.9990431853716152,0.8820239060130641,1
0.9567555786789301,0.8071551376110105,0.8899660543438429,0.6696389246539826,1
0.8275161926112972,0.7486471353622695,0.937207566686126,0.6094494447092565,1
0.0339731533419473,0.5698950739724263,0.0218964696844142,0.20727050660814733,0
0.8625707712246643,0.6868044346229581,0.9721168060969717,0.5770643456239506,1
0.9218481888530282,0.667763167940748,0.9982584736631638,0.8768372766237844,1
0.9631157534372208,0.745501093077885,0.92217743287223,0.7335510718595175,1
0.8312631731844567,0.6946031839330227,0.9541060160936986,0.5739968246781008,1
0.894875883167283,0.5469718819693647,0.9797639327433904,0.6402220348098421,1
0.8878573073968875,0.6049516060862105,0.9997168679771422,0.8773628519714168,1
0.9658459820383118,0.7851879225777967,0.8760451427796154,0.48731853467128444,1
0.8441857304619401,0.6818654417994309,0.9479972625432311,0.5712346890411618,1
0.17108570285840152,0.7455997435504739,0.38549962062653265,0.2314716722489832,0
0.008181332466784777,0.30415010009151894,0.00026932712270819585,0.07112064660616317,0
0.10936242531925651,0.30513394764743035,0.018489762566453235,0.37430699767515785,0
0.34128255765427923,0.6900728959573753,0.025579566752628524,0.4946453914880938,0
0.4298001542035256,0.5294605421758415,0.11449234932526595,0.33039571558684694,0
0.006961231228636099,0.6919073646315468,0.028210075108071945,0.3262457380868539,0
0.6635014858996918,0.20098552130648792,0.0037861446829978475,0.4018181148876473,0
0.021804599482012854,0.44343915990669314,0.9195661205591389,0.3633570980651629,0
0.03484088303039655,0.1737996314088692,0.028987822201299064,0.3036819325229125,0
0.5687737242539564,0.04554428533679862,0.006198798718243765,0.4167010624336511,0
0.0177908557786878,0.2557267225129744,0.10791726303552503,0.4619558039888433,0
0.020011840747208267,0.1517904668687599,1.432896599089609e-05,0.5180809448019824,0
0.30751115798512235,0.28307351581129214,0.014818286043619604,0.16807645825379805,0
0.03030847779864391,0.21727918827208353,6.512795523603669e-05,0.8080102291134622,0
0.011685130539480563,0.2029231367127002,0.004948875452560651,0.47629119419752586,0
0.20173661916644672,0.29568657976396645,0.008286097489018814,0.5638488916813,0
0.02285649365315161,0.2761747214456403,0.07013830384189611,0.3520059678945532,0
0.2444475062861478,0.49991705053688984,0.0006464402222016239,0.21681536345931895,0
0.001953556427537019,0.32403660990793354,2.420238220393163e-05,0.0814348993545796,0
0.8555538142268851,0.28581675995780764,0.06521704178367058,0.2668559138770179,0
