resnet_prob,ridnet_pca_128_prob,ridnet_pca_128_face_prob,ridnet_pca_256_prob,ridnet_pca_256_face_prob,label
0.9378411209178603,0.999999999174531,0.9999999988993271,0.9999998725945936,1.0,1
0.9829062658997149,0.9944145463023885,0.995956686960317,1.0,1.0,1
0.9186119850627488,0.9988514594566998,0.999849921391469,1.0,0.9999999999994806,1
0.7877851490203366,0.9742986113591923,0.9873219502128324,0.9999942365340394,1.0,1
0.6081263008724955,0.9999153974646892,0.9998952260549995,1.1490805010493522e-10,1.0,1
0.8800248062735659,0.6865961068970857,0.59596399538761,1.0,1.0,1
0.018632262869299258,1.6002845023116503e-11,4.784490556853725e-13,7.768581459697824e-129,5.656567798273692e-122,0
0.5423434052370251,0.004479183628296312,7.227450697660183e-06,3.740419062968652e-98,1.2734804324641922e-64,0
0.5676350194540608,0.05432950650529136,0.050090221125647046,9.914989353825522e-31,1.9101564047780058e-11,1
0.524380839387187,0.7986009464772468,0.9861629476713049,0.9999999995134818,0.9999999999999967,1
0.3111008431617424,0.9984291096729938,0.9370223503310331,1.0,1.0,1
0.8123065442314442,0.842828858309013,0.9178046372708528,0.9999446001650075,0.9999999996941964,1
0.19664079550148464,0.03639218660194736,0.03634847826506331,6.828347778418316e-16,1.7584073084764656e-07,0
0.7765449191552086,0.18228168853482268,0.00832771361675218,1.6764755993174803e-21,3.4343200740717216e-45,0
0.5423922962167297,0.9043843215894964,0.5486672993526779,3.1193687347195204e-09,3.579512399767864e-08,1
0.8351515632213568,0.6200114474187559,0.7470024434105542,0.9948218145612747,0.9999999999999802,1
0.002769331909515206,3.224636321700228e-08,4.092109897139061e-07,3.57707859493126e-39,2.4182559475789412e-62,0
0.019214312053167894,0.019151795198429574,0.002979421722319425,4.050122148022965e-41,1.0,0
0.45273300864172533,0.9999999640591499,0.9999991313755976,1.0,1.0,1
0.7967122203838676,0.8643650513021519,0.9681370344413452,0.9999319489354154,0.9999999999999996,1
0.9912457153413714,0.9999671402941117,0.999996934700442,1.0,1.0,1
0.08170052188594958,0.9919876501882066,0.9995594618610836,0.9999999999377078,1.0,1
0.18955628512530237,0.8973489867714975,0.41618052004925676,7.830806391338155e-53,5.8514263134673105e-21,0
0.24702989487852975,0.2015881695577257,0.17941451932490426,1.8962458952222013e-09,1.6344702332710128e-07,0
0.5437376371706276,0.9997591762732049,0.9999994921549157,0.996491158303164,0.9996604864164458,1
0.5648529777415991,0.7105578945653037,0.7299767648266381,0.028087312389688434,0.0005873105959841911,1
0.1719362206943176,0.002295112875461858,0.07794872731003172,8.850299257275561e-20,1.4371521953346665e-11,0
0.43068614572234637,0.7563504663705001,0.536103156323028,0.9882860323461796,0.9999744477118726,0
0.8744118246372823,0.08136444789869399,1.1543149026260992e-06,8.466068407632058e-83,6.057279950625806e-126,0
0.6989108664003393,0.9183039393180045,0.8574296798889176,1.0,1.0,0
0.5239288444503948,0.0005754626070471294,0.0006957532625864239,1.6814370927730855e-67,1.0986378140978398e-98,0
0.43262989708121546,0.08386650167903108,0.0012359781284566078,2.012893415604034e-11,1.9870536818224535e-48,0
0.5603494156112631,9.698461599650939e-08,9.00150554880609e-08,3.613290980261096e-41,1.0671117713993622e-59,0
0.42550698726756214,0.9577287970482716,0.2867019182490036,1.836072259166363e-30,1.0759777340128433e-20,1
0.09602635904665119,0.43872138274611344,0.45517065557349146,0.9999999999969249,0.015476824501283312,1
0.00018441002797899543,1.4440069364635183e-15,9.305388372022345e-17,5.424966858228534e-228,1.7555663024644515e-93,0
0.007286568184807809,0.715381560656343,3.0043051298490765e-05,5.327155048176846e-40,3.1028658030894816e-97,0
0.048480502874327466,0.3098390176434553,0.1021730420716051,4.8491546058364115e-80,4.1570060284761454e-39,0
0.29031677458289074,0.48227075883753295,8.796019844657881e-09,3.933728026502794e-130,2.789028394060637e-31,0
0.8064536215356383,0.9994233101038884,0.9621512171580439,0.9999999999999998,0.9999896303739486,0
0.24470922273378495,0.12131436070669561,0.0024236729909689826,5.098128285428086e-13,2.6509620299904253e-28,1
0.6809301963565547,0.8379262907879043,0.9998978598184984,1.0,1.0,1
0.887117030857828,0.8776587708198179,0.9957286421433166,1.0,1.0,1
0.005428735380899476,5.906991118844857e-06,8.00390278034593e-05,1.3019694758122967e-41,1.2045348586825952e-43,0
0.1612508570404898,0.19252968736839954,0.9623484814243809,1.0,1.0,1
0.1262705231123162,0.09484072729039945,0.055766659222302284,7.527270674309744e-05,5.0434762115097384e-11,1
0.3799653401850559,0.2881258392614989,0.05717746930017292,2.0765487861987652e-08,0.9999975755788891,0
0.019136073971020604,1.6362389458618584e-05,0.00015732368240356436,0.00022619740531856417,5.273229245743151e-15,0
0.024558331524394163,0.01128086659557698,0.052563912701454656,0.9999999985718107,1.0,1
0.5407317068616181,0.04785059464358013,1.940533001014349e-05,1.4838928591987605e-38,3.723896311304817e-11,0
0.3059757447347626,0.0022171705981963953,0.0020981581735891176,4.6305948267463294e-39,7.079111648046545e-35,1
0.029684545562536413,2.0912198000182967e-05,0.002442867008918388,3.328509563850486e-89,0.9999999999931772,0
0.3970323425804363,0.9903284559006521,0.3823557749389794,0.9999999335560379,0.999999999999994,1
0.8468560329373833,0.009881166734075937,0.8007657199846053,1.073190523430569e-20,2.746984116670728e-16,0
0.9760807301639971,0.9447592406253058,0.9891748194408388,0.9999999999998963,1.0,1
0.3770666907879959,0.703775606895336,0.027561889690261396,2.5750261074921533e-08,6.73180795980069e-27,0
0.8374548538649559,0.003970866100872345,0.0031594510646340665,1.0,0.024888434623269333,0
0.108310820337508,0.008771109257267673,0.004691226853579815,4.2393391147952825e-20,2.4454618917283756e-20,0
0.004234859643233924,0.8844700335121589,0.9894453963430913,0.9895140343931158,2.8100694755655145e-12,0
0.949422811882163,0.9991414795031202,0.9999117809675032,1.0,1.0,1
0.34448636844333186,1.4804120095233377e-05,0.02055727871891519,2.7307085426542153e-74,3.2736700323913596e-71,0
0.11196191308086706,3.028595235144562e-05,2.7782342651089837e-05,1.5842611423176572e-41,1.3325259661359004e-37,0
0.057264463527134345,0.0022171175480813193,0.033058708424002346,9.20045480309779e-43,7.661644742665631e-33,0
0.19376644082701236,0.31883951943465516,0.0520718381875776,1.965365998179327e-33,0.026250911452079268,0
0.47931123351961,0.994275878215571,0.0019465217710697973,0.999999999999329,3.6789306291528267e-122,0
0.7508625856841895,0.9400942757552619,0.15228570841957642,1.252085916599139e-41,4.8041010149692665e-17,0
0.021912500359725737,0.44002923532275146,0.6774597140332173,1.2065668432878118e-20,2.1494715976746542e-30,0
0.06342388054783187,0.16988322795771846,0.000948340953852625,6.886716006337458e-33,1.347623070386557e-29,0
0.8619384413088909,0.3470011250293712,0.1890313790934125,2.1716053520522234e-06,7.22527732582639e-05,0
0.5327121675063049,0.2191005124462907,3.6664224659429944e-06,1.2428564800780946e-22,4.221784786532499e-30,0
0.07780674292630509,2.7216112466080423e-15,7.200475304895767e-15,3.997045887026286e-29,1.409111861097827e-140,0
0.0006629947175227044,9.833084414283595e-12,0.00011908708893979556,1.0435538159180001e-74,1.0,0
0.08262199286811636,0.999949705637782,0.9968071419140201,2.45364019893353e-76,2.1235502092472462e-120,0
0.06224829771874498,7.281215033944544e-12,1.3059234288339183e-13,4.927161300603743e-120,1.759862265286263e-64,0
0.00042116550367896397,0.00012170653543943831,8.209344770260508e-05,7.353590170531015e-39,3.565509647100154e-52,0
0.15120170427334872,0.9995836954602971,0.9129088973953776,9.64172540274907e-06,1.0,1
0.9677810140574441,0.9999999990441657,0.9999421957383902,1.0,1.0,1
0.022141307954834044,0.9999998399881883,0.9999998773033814,1.0,1.0,1
0.17619059789336358,1.5939481818518992e-06,0.9995118272317176,6.587843966384185e-74,1.0174539228809119e-97,0
0.19894483238310526,0.001969352092444178,0.061992647872321165,4.240551853541224e-84,1.7104796141393067e-168,0
0.6874854915055415,1.0,1.0,1.0,1.0,1
0.7146410658309038,1.0,0.9999999999999989,1.0,1.0,1
0.9345003915055643,0.013248464312475254,0.002312584036884143,1.0823057887991028e-64,2.4550950686733034e-44,0
0.5379899467941026,0.9999775352032975,0.24774105657731446,1.0,1.0,1
0.017650370892173382,0.0011778271671169102,0.00405784169209773,1.1671910759415823e-47,1.9082886493279044e-62,0
0.005547254447303363,0.0017059566927230244,0.00015814881966306436,8.527481937012452e-49,3.7293308114338445e-55,0
0.012317698867433592,0.06679070808283458,0.9962788896912277,0.999718234341586,1.0,1
0.8928487955908974,0.9999999998932609,0.9999989873110112,1.0,1.0,1
0.13809003563044378,0.9853081043966554,0.16594882526095245,0.0009815384576288481,1.3329071906033152e-21,0
0.6107599257175848,1.0,0.9999999999999989,1.0,1.0,1
0.8776817336391428,0.0073768136951720435,2.1735276528955385e-05,1.1085641837521278e-67,1.9448785733192763e-06,0
0.05313571017449593,0.8215141714221977,0.008223914638662564,2.5437657813758686e-27,1.4530096656142914e-25,0
0.1474421375971877,1.646433678467319e-07,0.5401604888676026,3.453210577275754e-42,3.07532138626268e-58,0
0.3000141675037218,0.6609360382406941,0.00010155486416775668,1.0,9.421401261130966e-36,0
0.4441892330267358,0.9983233025426671,0.9999688629742288,0.9999999247949286,1.0,1
0.00942848389071478,1.2052538592554106e-11,1.1402588728845079e-07,1.7543907286104126e-89,9.081983466901262e-74,0
0.7654480603765227,1.6563362697379041e-09,9.20128776049441e-06,0.9998118813845309,2.6398308968783086e-31,0
0.08626020222402679,3.345359673369607e-06,0.0001258430829407242,2.1407830391083895e-24,1.0,0
0.00015174769221428734,5.753604249387915e-10,0.24181075229109095,1.0,7.539952986781518e-27,0
0.14461731744663453,0.00021846489140767188,0.0006872051767864316,0.9999999999721974,1.0,0
0.07965532478685261,3.695897551880523e-05,2.0980039400999613e-05,5.134819268692735e-44,1.0094282616993248e-54,1
0.10414742462396856,0.8309467560133881,0.8969928316761182,0.999998916088678,0.9999997394850318,1
0.1484684753445186,0.9999994170863639,0.9999926337606164,1.0,1.0,1
0.051363389190313934,2.8883864777874606e-05,2.32350834989485e-05,7.27239532705642e-21,1.6112889171756105e-37,0
0.5497009739467668,0.9970168371391119,0.996553267958394,0.9999999999999261,1.0,1
0.05622776167791598,0.5106219385890983,0.2724672544575468,1.4348107106137723e-08,2.4487567838645864e-36,1
0.5385257846282597,2.0239692691175504e-11,0.0010540075381614978,6.459550063922498e-76,3.4395912084300604e-62,0
0.2635384031045196,4.805245836961741e-38,6.226325517894558e-18,1.7147294841940354e-177,3.0316924007597007e-238,0
0.7963077986855008,0.9999767320997279,0.9999999999977651,0.999999998172451,1.0,1
0.33783766872582993,0.00010100293287679292,0.0001930784100531728,0.9999999737028096,1.0,0
0.3781283375861226,0.0005005578319651263,0.9999999829694338,1.0,0.9999999060313789,1
0.005488467137691578,5.714051139932394e-13,1.0227444937352714e-08,6.826395561164639e-63,1.1224415308022862e-128,0
0.9178430602097991,0.9999935876213528,0.9999999999967022,1.0,1.0,1
0.01413467474470802,0.3214864399559609,1.7671684121379322e-05,4.074682974236771e-35,1.4664727352201506e-22,0
0.05201805494251076,0.3441484582864345,0.6966449396856792,4.724063047726655e-45,5.146628369705681e-100,1
0.8670138556933255,0.010644178245111078,0.004832517649758227,2.3699033056281647e-36,0.999999963014025,0
0.6069434383235637,0.08961479214051254,4.7012155557131706e-07,8.099321449293798e-44,1.3493547913828288e-12,0
0.02764272156916734,8.668597236483772e-11,4.579718134370348e-14,6.99292881135128e-54,9.484668417150382e-17,0
0.7652341290490695,0.0372657006591981,0.9878336715214745,1.0,1.0,0
0.05583417847500248,0.9999999999999996,1.0,1.0,1.0,1
0.28151891448038885,0.0028644736577357506,2.3367705239861452e-05,0.0012412878839967727,1.0,0
0.037268275160738135,4.805524745640593e-07,0.00019333714889515618,2.31788966758758e-71,1.0941953361079936e-28,0
0.6544620223625914,0.002881971394535099,3.4779629660357776e-05,4.601599709847643e-99,1.5094376896860576e-23,0
0.0010477673364964718,4.9820009614400056e-05,0.000964090258051646,1.375547053433613e-45,2.538003225890903e-40,0
0.6181136230836064,1.0,1.0,1.0,1.0,1
0.9313916870173428,0.9998454449369171,0.9999999926124385,1.0,1.0,1
0.38082022071149757,0.9999968802519206,0.9999999963597137,1.0,1.0,1
0.4221443513499079,0.997392554893586,0.985272984508994,1.0,1.0,1
0.8271859606091377,0.9847508309451768,0.9880609517409756,1.0,1.0,1
0.967147405750858,0.999999620175892,0.9999424013283096,1.0,0.9999993294619587,1
0.6503730707689445,0.255418938936825,0.4334736562917297,0.9999999999984821,0.9999999999974416,1
0.42010126527686076,0.9997103580490521,0.9996563404710822,7.44678042370321e-14,0.9999999999999494,1
0.734409585854297,0.997593060334532,0.98910898798451,0.9999979477497882,1.0,1
0.0444472973870227,0.0007000205753806923,0.00014407822600002673,8.720340200521206e-34,0.9999960420698255,0
0.4221443513499079,0.9973925548935858,0.9852729845089938,1.0,1.0,1
0.8153455343277829,0.989339305590106,0.9844365671439116,1.0,1.0,1
0.9732639192180118,0.977323077729772,0.997327439551498,1.0,1.0,1
0.8568789708304111,0.999516323095307,0.9997449110591654,1.0,1.0,1
0.9573605191089062,0.9912905134590411,0.9958211638382654,1.0,1.0,1
0.9778404402700196,0.9994872299334853,0.9999999154670092,1.0,1.0,1
0.15691466483781535,3.8657806504242877e-26,8.663455846623208e-20,2.188174411636625e-52,1.053345585647488e-71,0
0.07265300809796679,0.019581694341245248,0.00812819222761585,4.4697905947522013e-07,6.641960700548525e-07,0
0.37687210824729883,0.058609834110501344,0.027165937516470905,8.693426032555159e-07,3.578319841345073e-07,0
0.538585902360128,1.0,1.0,1.0,1.0,1
0.9313916870173428,0.9998454449369171,0.9999999926124385,1.0,1.0,1
0.9053710213537164,0.994433207443446,0.9996742752834225,1.0,1.0,1
0.8873509384051033,5.558799862465488e-05,3.409906019095209e-09,3.4697972354215114e-58,1.0,0
0.9724464205122823,1.0,1.0,1.0,1.0,1
0.9695180952936314,0.9935226480314299,0.9999999995939306,1.0,0.999999860798246,1
0.809249481138541,0.9999968802519206,0.9999999963597137,1.0,1.0,1
0.9724464205122823,1.0,1.0,1.0,1.0,1
0.40694994260052436,0.6396176322299342,0.9999992838423741,1.0,0.4243280110717455,1
0.8568915474054549,0.7178720711685482,0.7675876151864294,1.0,1.0,1
0.3648644371963743,7.585532376610101e-21,4.270462524318714e-17,1.2295177175782823e-121,1.320656964306065e-89,0
0.6124438577982539,0.018812718374502733,0.0018420584702891652,2.651970272899132e-07,3.05257808783188e-07,0
0.48224018017439246,0.09515518940434017,0.0010787050080036796,1.698022310455681e-24,4.291261161253215e-49,0
0.8360333104132762,0.9795424806071822,0.9757314844889384,1.0,1.0,1
0.9190525465683044,0.9847508309451772,0.9880609517409754,1.0,1.0,1
0.9006405572810064,0.8942693634425661,0.5512548500265292,1.0,0.9999999894629653,1
0.248652811669115,5.584685357178792e-18,1.3249596293955996e-22,3.793356986520178e-37,1.3374431303062673e-07,0
0.618710090433035,0.012974849462561817,0.006479032904037888,2.634761221058905e-07,3.0732692189661644e-07,0
0.48224018017439246,0.09515518940434414,0.0010787050080036558,1.6980223104556572e-24,4.291261161252971e-49,0
0.6371907374268685,3.4314204435013483e-46,2.620749568928453e-33,3.406710080030292e-142,4.2294707024016386e-101,0
0.036798529530995425,0.005814214158285288,0.009294504536770366,3.218606858216569e-07,7.305504823156345e-08,0
0.7557271453890063,0.7513429169203858,0.07416445756854992,1.0,1.0,0
0.8423573755567003,0.9758607326982622,0.9919434703868654,1.0,1.0,0
0.2370920629966571,0.11715365188846728,0.01637086524783426,3.002288266358952e-16,0.005539311791871756,0
0.27331815984162244,0.0033091086095725494,0.0007215301884170961,4.4661761338589605e-29,7.133803789424833e-30,0
0.7825449524476317,0.9810205487829314,0.9997233889832453,1.0,0.999999999997182,1
0.5644798607979784,0.9999887076947664,0.9999957960689508,2.3332855627198557e-08,1.0,1
0.1530934246808581,0.9972782266647175,0.9965764901289427,0.12687418454079533,1.0,1
0.04357141939971733,4.833290445534806e-12,7.044882547759059e-09,4.876943795902134e-32,1.106575651748896e-55,0
0.037798610520922885,1.0077966343162814e-09,2.526849785575002e-08,2.908805604525055e-52,1.4959550365357258e-42,0
0.14743496039732104,1.1101194729918414e-08,5.87148264387096e-06,1.2651701112167768e-79,7.818208510080026e-51,0
0.6603620535749841,1.989288927260728e-09,7.720348470049723e-09,3.010324444364761e-65,1.4323371546667433e-28,0
0.005376070933686867,3.0839542367117703e-06,2.200521998123095e-09,6.910967793471602e-147,1.486884753111579e-121,0
0.013907742469085882,4.541752478058783e-05,6.4134967059197044e-09,4.983320452675365e-75,1.0345788946475508e-60,0
0.0016945934456167285,3.936736283641055e-05,3.257535968273488e-09,1.0,0.9999999999999023,0
0.8389535285411188,0.17219903724181548,0.0007070342868145847,4.549486708968168e-16,8.388792510290601e-15,0
0.19295766419667462,1.233631810837705e-07,1.9012013123927215e-07,1.0508802756442588e-66,4.780271746978547e-47,0
0.06582299544157409,6.343829661553489e-09,7.859527107645997e-08,1.1062525423177914e-23,3.2904570080929354e-43,0
0.7729709221223483,0.7866574792685708,0.026197234117078267,5.422650466085299e-23,3.4545250086454584e-24,0
0.31738624140131505,0.0008190610309294615,5.421257588660216e-06,6.903875051923865e-22,5.393617033387471e-48,0
0.05056466248401577,0.957377222864888,0.9966312432406103,1.0,1.0,0
0.1410806298203667,0.0009440292941530884,0.00010884933376337955,2.31958015157011e-24,1.3417922535784322e-42,0
0.43304923180202776,0.004779351695293407,0.013309200804380443,6.871644422982726e-17,9.203772830544993e-31,0
0.8462191816286712,0.0005137363871620597,4.204941872185339e-06,1.6157337474274666e-33,2.1375138808624528e-16,0
0.5930525475966734,0.9999999999999658,1.0,1.0,1.0,1
0.5007099719441956,1.0,1.0,1.0,1.0,1
0.16550001455689178,0.5467212576305693,0.9708361468265811,1.0,0.9998608018172382,1
0.10148321358975189,0.023798869806153342,0.999833062443311,1.0,1.0,1
0.8704728774934629,7.20756659248064e-16,3.917929929552488e-07,1.0,1.6969852717737875e-10,0
0.022348838952359982,0.9986253464831922,0.9999040492132304,1.0,1.0,1
0.938295922774219,0.9999675832886562,0.999999999999956,1.0,1.0,1
0.022778836816835176,1.1897475688710525e-05,4.814765325377729e-14,7.735574371418893e-50,1.3742479077553118e-64,0
0.28232559683437836,0.015288932369724291,0.08707843140570083,4.657139316279438e-15,4.563193986256506e-16,1
0.1321550282601373,0.10165484115544851,0.04654789540791732,1.0,1.0,1
0.1476734221717886,0.00023925739979715465,3.9251240571192673e-08,0.9999999955227146,2.3397194444402644e-21,0
0.40937569317990496,3.660962454563961e-05,2.7792276096325673e-06,1.0,1.0,1
0.055595277645011626,1.0,1.0,1.0,1.0,1
0.8032798613970407,0.028123536742538195,0.25149930851424224,8.095445264584675e-43,7.164950321875911e-28,0
0.673580746942538,1.871446378582247e-26,3.499045252807834e-30,1.5680407785601606e-51,1.353662638053634e-75,0
0.5549290462498238,0.9999999999999658,1.0,1.0,1.0,1
0.9318351435586456,1.0,1.0,1.0,1.0,1
0.9221506668578698,1.0,1.0,1.0,1.0,1
0.8799152005774336,1.0,1.0,1.0,1.0,1
0.3131977693686313,0.999999999999998,1.0,1.0,1.0,1
0.38022239131767516,1.0,1.0,1.0,1.0,1
0.7845295983800409,0.6469157839308851,0.9522381384562819,2.5230708607807205e-30,0.9999999999906029,0
0.26348034648804874,5.44331442288702e-08,0.003666565035984786,0.9999999999999958,0.9999991770817818,0
0.5386970817452179,0.807636995119167,0.27551683996294846,1.7168068145222026e-08,0.9999999999999931,1
0.12515372919910622,0.9998980198322546,0.9999998731911562,1.0,1.0,1
0.9474235586745271,0.26043146371366005,0.3603587537741599,3.0630391091381e-10,6.854929244362604e-07,0
0.1152686600483351,9.441518232551708e-30,1.523360134795577e-15,2.6121460283630466e-74,8.157192854677432e-21,0
0.8615321985406511,0.8676427457215208,0.42521353764472175,0.9999999999995117,0.8985840498929644,0
0.6421921209227687,7.353745160167038e-06,3.3382487390636943e-06,4.2603802534775996e-26,5.3694152129271385e-36,0
0.5273041011059563,0.5210710127381479,0.1898917265145155,1.0,1.0,0
0.9992880696631409,0.003403818156995732,0.0006519191947945299,9.198822780725794e-24,1.4120531763616771e-06,0
0.003910881864729719,0.0060126226713130716,5.469887907844471e-06,2.312745013453008e-132,3.874407827628503e-51,0
0.011021081706440124,0.999999738574116,0.9999999999234002,1.0,1.0,1
0.8924270565708049,0.9999999999709706,1.0,0.996382437972273,1.0,1
0.6853064830419274,0.939716841382386,0.9997105916446695,1.0,1.0,1
0.7446747682623229,1.0,1.0,1.0,1.0,1
0.4809382278948828,0.8768410100597686,0.8371152558547365,0.965464980325076,0.9671565124994017,1
0.8970337229598792,0.1554655781943015,1.6595315901951797e-05,2.27548001324376e-18,1.128469656314894e-40,0
0.5119307059816774,0.9999999998375015,0.9999999999977061,1.0,1.0,1
0.6834026665319606,0.9999999998375015,0.9999999999977061,1.0,1.0,1
0.8574080992948557,0.9943361814866745,0.9970440901410444,0.00019325093532554361,1.0,0
0.06477339932656521,0.9825069506315032,0.9121072421834799,1.0,1.0,1
0.26986766411503804,0.2472836878821299,0.10342874013890696,1.571541845035635e-14,1.5044153841067332e-08,0
0.9985530239160245,0.9363103342846477,0.9406466912331273,0.999999999996833,1.0,1
0.9311974813090734,0.6792790827561691,0.9998100467427063,1.0,1.0,1
0.9676031785411399,0.6885510052348588,0.013828253414912211,1.7405212607580266e-48,8.869645640877811e-69,0
0.7881474160678307,0.9999999999998883,0.999999999999561,0.9999999994971123,1.0,1
0.8730202482720245,0.07241238957031076,0.041236123205192224,2.2342694124063818e-23,3.3601524350035776e-13,0
0.5916810137494851,0.5396921314002052,0.14963674288374668,7.667763098592798e-31,1.1852069691903487e-48,0
0.08815667758393139,0.008269029433156182,0.0001932492878984929,1.3735611602673554e-11,4.4298674834696855e-37,0
0.3532346374548119,0.4084991916036106,0.6870754450410591,2.715264056087895e-08,3.316845693963544e-09,0
0.5871531118343485,0.011070453129430865,0.005851866222988037,0.9999963529427093,3.35873460025657e-06,1
0.43499254582754054,0.9972919061531815,0.9934079166882,1.0,1.0,1
0.3749556006603144,0.981062695844771,0.9250194039156222,0.9938084683471309,0.9974470027983421,1
0.9691542676845916,0.9964408346294492,0.7240672712951183,1.0,1.0,1
0.9179640154272907,0.16083478804545268,0.936863491821312,1.0,0.9999916250341466,1
0.3611264763528331,0.9993377343622449,0.9975872358013492,1.0,1.0,1
0.3786301549572786,0.5313479181941432,0.5132189354969252,0.34344996123396027,0.0030285081063899416,1
0.002997561876099908,0.013284665803178471,0.0031503075666103036,1.2508356120947246e-14,1.0874068118843526e-59,0
0.16433519349246314,0.2025154892461289,4.5324322063620304e-07,1.5000750226829584e-30,2.745163190038544e-47,0
0.5500470626146424,0.9992743057459861,0.9996077375873148,0.9999963341062106,1.0,1
0.9636489087572897,0.6409541322671781,0.6983754577993389,0.9999932179344062,1.0,1
0.7466357393257315,0.9988841747549224,0.9937952838151083,0.9999989183962962,1.0,1
0.7779746598708415,0.6177981283501225,0.43319701276424866,0.999999071526889,1.0,1
0.7294714293012018,0.0059286245758725835,0.0002948888806249462,1.6951799660150334e-17,1.854598441360355e-16,0
0.7295433713827001,6.778528903369268e-05,0.025524593143079918,5.706834072871222e-52,9.754092397100716e-75,0
0.09536766472192838,0.9575704262168262,0.9234172412327049,0.23959040113795554,0.016411252348833578,0
0.7478989358980465,0.9633063843893994,0.9835705290064325,1.0,1.0,1
0.657543354240554,0.9891626357069098,0.9367405269783572,0.9999999999907501,0.9999999237613051,1
0.8288420322159107,0.9960385589367995,0.41760414800025786,0.9999999999999991,0.9668713313680618,1
0.6346430409847518,0.9490836070146863,0.7367399037309297,0.9999992584883547,1.0,1
0.572490174690291,0.9696496297732604,0.9828983887572794,1.0,1.0,1
0.8776632020010429,0.8178379969412557,0.5438991373845441,0.9839127286575875,0.9930802180948174,1
0.49415115794624986,0.00011206813595587775,0.007252726768293119,1.5499616435476082e-36,3.812791675717841e-20,0
0.5925115350217522,0.8565094332501312,0.8769740845318577,0.20430157508170166,5.0699333639283976e-05,0
0.9426288756997674,0.9990600363579091,0.9885334623065132,1.0,0.999986947043076,1
0.5446730375359512,0.35381147196238955,0.14397455659682945,4.5687092426267437e-05,7.160015139277732e-11,1
0.7507772786110877,0.0018195148962287485,0.07317963121916807,1.6478251194184758e-35,1.714140486508016e-55,0
0.23019746007121644,0.029715820657937115,0.0037923783965339566,3.61599867460272e-46,1.0405108805237591e-49,0
0.32359153959996306,0.06141201518058889,0.4180119804869068,0.07862196857747493,0.9999999999688791,0
0.7185083124125146,0.9888630403945114,0.9938866182568478,0.9792512474366395,0.973659267205198,0
0.6248019513449491,0.028658739219004872,0.6167036780837496,0.9999955698548872,8.691367818490808e-06,0
0.9821524764270362,0.2359257048532158,0.766898017220273,5.148736264584634e-14,9.048433655865477e-10,0
0.01594994542563414,3.616839838968056e-11,1.7538384068931636e-09,6.959551307983401e-59,8.048600206477996e-87,0
0.4890060009867004,0.6630515465947561,0.998211111136815,1.0,0.002332125407572327,1
0.4446780262623493,0.936213322867679,0.9908933618462042,0.9999999698454107,1.0,1
0.08729009574822269,0.2844237273553598,0.016479576552822485,0.9988600778140357,1.274930695945618e-17,0
0.006334162620124934,3.84297078731471e-09,1.865070587856131e-07,1.500812932194931e-43,1.0709265924875353e-53,0
0.4468226411506959,0.049285109989875286,0.005675358183492254,4.506005472702597e-52,4.206384902661943e-52,0
0.08261195500085235,7.509050692236696e-14,1.7179796809653048e-19,1.7733423285101773e-52,5.6877781019176e-76,0
0.018052158747537867,0.0024908800912847805,0.0007880231000303605,0.939006549406921,4.605826843230928e-05,0
0.056453659159289564,7.403925784050054e-11,4.633604015225355e-11,1.6144459701067447e-74,2.323860013518392e-75,0
0.4255736456236475,0.01076453196726791,0.00043209359038571773,3.595221021143696e-60,2.7770959791280303e-08,0
0.05132251280430058,0.016829780066954896,3.739786557772768e-06,0.9999999999999136,4.394231039271543e-49,0
0.2899986597899057,0.0007314660578001337,3.924461433617485e-06,1.2246267148850361e-70,2.4488819927496887e-45,0
0.021656326691983273,0.556134687856339,0.6983512362515583,2.0096911831850638e-05,0.0004002059754513905,0
0.4819470178042567,0.0035866513478805947,0.0009579130384021873,2.080932484019468e-34,4.051432728717327e-23,0
0.016188075734574637,0.0006359945766681995,3.45977389182684e-05,1.0,9.751308295384487e-29,0
0.438016082895469,9.201388899619952e-07,2.3765886223468035e-16,4.660281762249241e-141,8.632917702694506e-61,0
0.7920408785625244,4.66246281080425e-05,1.3708693857153855e-14,1.7247541337128452e-187,3.145583982573301e-257,0
0.010713281595653759,6.587243913906529e-05,9.148168250738233e-06,0.9999999999991831,1.712893820023559e-37,0
0.16746917103693548,9.645841686575303e-14,3.2199059145441696e-20,4.2931350770217705e-210,3.034085260361041e-173,0
0.8821311887279057,0.9999998087866943,0.9999999993002093,1.0,1.0,1
0.08276083145160198,0.9999433417431958,0.9998922913521887,1.0,1.0,1
0.8650394678241292,0.16160030841526787,0.3046193391243365,0.9771692564054665,0.9975426868088898,1
0.12142029704182647,0.00036846625298207736,0.9790602204102057,5.4814359951073e-39,4.2204121843850197e-47,1
0.13117625067395564,0.02316895399438004,0.03952936941529594,1.0,1.0,0
0.5442712672459701,0.17629953711172727,0.0014285509975486106,1.0,1.0,0
0.0004938165353690844,0.06949954368690917,0.05537603440659777,7.920418301657033e-27,7.35028378160343e-43,0
0.2678923329428588,0.08871437788004541,0.04459080645361548,8.169921060322833e-201,1.3826268009881877e-121,0
0.3394873221078977,0.40093557109999806,0.34122080112886866,9.795682040918986e-07,8.775065875552764e-07,0
0.22924099225725839,1.0,0.9999999999642328,1.0,1.0,0
0.10653142198354378,0.9241683260765039,0.9772900776732385,1.0,3.075827930723547e-20,1
0.3885511620949057,1.6976325390320235e-07,5.764236434921387e-05,9.766957376970154e-55,7.286057225805731e-34,1
0.020553017905918475,0.7220984136666819,0.5492013184983857,1.0,1.0,1
0.3566299395379589,0.002868905242892589,0.999904832051286,1.0,0.9999991736817095,1
0.851474131092048,0.11388070148521459,0.12893789312061718,1.150013542201913e-17,1.624289418977448e-19,0
0.19332196773776714,0.16600372662907883,0.0822244712045045,1.5070838476967795e-07,6.480425518986517e-07,0
0.5282751793351287,0.2655736179106294,0.22127715362187458,2.2578828149621896e-11,4.566815963297678e-08,0
0.4068645555631236,1.0,0.9999999999642328,1.0,1.0,0
0.08095109790320791,0.00018075850647558222,0.008290044485074168,0.9944967160838989,1.0,0
0.44730630126589177,0.9999764583646223,0.9998473583870442,1.0,1.0,0
0.049754262217786824,0.018349918674302645,0.02586382354929173,1.6655970802926202e-06,3.1436221160918865e-40,0
0.9936465336492379,0.9999999999999991,0.9999999862337707,1.0,1.0,0
0.9220730891922648,0.9999384233325253,0.9999992603923767,1.0,1.0,1
0.24425678826772873,0.41397096163840597,0.25036958722808933,0.9999999996901294,0.934728548200807,1
0.09901327991750498,0.7977220518269931,0.6665762944127162,0.9999988037977734,0.9999888988363124,1
0.09843335306080994,0.00032587843221821146,0.9999999257532042,2.0752646648327096e-27,1.5066331171996146e-43,1
0.9191581521633247,0.9991712155449254,0.9946139501712712,1.0,1.0,1
0.4717304158132951,0.9999999981939283,0.9981090550464703,1.0,1.0,1
0.9929407893212707,0.3219440621694809,0.3362818853114749,1.2828902938039937e-22,1.0713654446834882e-07,1
0.8542040641138245,0.9152041958562558,0.15800580578988194,0.0067025223397278524,0.9528219241116025,1
0.8063540831424467,0.9999092784540485,0.9999986391563926,1.0,1.0,1
0.040862346132169096,0.7965175555466495,0.9977704896772717,1.0,0.9999855241622898,1
0.028858816354196473,2.0451755664633074e-30,3.94266253460939e-20,1.4126104871212614e-167,6.022842474764181e-285,0
0.5243113360453597,0.29897159580021915,0.9830332472539506,1.0,0.9999999999999791,1
0.3581445985580019,0.9501291423936675,0.1686706606768912,1.0,1.0,1
0.993611192405351,0.9999771326964142,0.9999848624368527,1.0,1.0,1
0.633445395811913,0.9928304866385909,0.9943129231105013,1.0,1.0,1
0.2247178909441921,0.6947574560659823,0.48879371120247717,0.9999326314032108,0.9999999999951323,0
0.9237956513271445,0.28402779112829385,0.3869863522405428,0.9953150036320789,1.0,0
0.15532632914910982,0.0001534927739232123,2.6571626800717388e-05,2.3737772983670426e-30,1.3121325910657702e-53,0
0.8681803718746941,0.0028062648275017687,0.9999989828821989,0.3158358697887353,2.8921744016284993e-70,0
0.6968571906075519,0.05968785919988427,0.4433518469777369,0.9999983643887969,0.00020535752498007813,1
0.6612138108051853,0.9999999998341982,0.9999439660532552,1.0,1.0,1
0.043755950372713105,1.0,1.0,1.0,1.0,0
0.960758476661273,0.9997991824071212,0.9999630557033552,1.0,1.0,1
0.9814694775668937,0.9999999999999951,0.9999989350197585,1.0,1.0,1
0.021228149451438354,0.01253469935692183,0.11326870432369808,7.364026461016377e-14,3.1912216041208856e-19,0
0.35557720051585145,1.4730597498760728e-09,1.5181705918124449e-05,1.1919493508961682e-58,1.511095908988672e-55,0
0.2568670873614467,0.00037280013624845415,0.0002384362238763845,1.879360506806788e-85,3.236055452499425e-59,0
0.01061290064850374,0.26474302102527836,0.07014278603384971,6.599711822257319e-47,7.479586613056055e-48,0
0.001745352995618387,0.00025200332695469595,0.00041998602281134793,2.8030133092315763e-23,3.295980872977402e-88,0
0.942991080012774,0.97762535206851,0.9999657820389825,1.0,0.9999967045463988,1
0.9949660827954179,0.9114539028858677,0.9188155525537747,0.9999999999999942,1.0,1
0.9407979040730123,1.0,0.9999999999439371,0.999999878743546,0.9999996105207822,1
0.5660594658351699,0.9999999999961913,0.9999999574812228,1.0,1.0,1
0.0019136677764044127,7.331942329255536e-11,1.0439995187581198e-10,1.0,5.362198135253613e-60,0
0.5670787405286093,0.35540150703203993,0.9956872302252049,0.9999999999999993,0.0021461967832372576,1
0.13714198062651214,0.9998376210209536,0.9997772674265935,1.0,1.0,1
0.921681579690437,1.0,0.999999996498385,0.9999999999684344,0.9999999024908792,1
0.6064831470568093,0.9984806847886133,0.9910805010736331,1.0,1.0,1
0.85404427852192,0.9946703604232215,0.9999999704677409,1.0,7.636430615602907e-22,1
0.8049072837185122,0.9999956266334692,0.9999086913833594,1.0,1.0,1
0.12130423270712654,0.0007202578432775792,0.00038888229878248487,4.441932224389143e-34,3.5607841776452454e-16,0
0.7085587243717884,1.0,0.999999996498385,0.9999999999684344,0.9999999024908792,1
0.98565652952602,0.9999999982604357,0.999999999916432,1.0,1.0,1
0.2065514592622875,1.5690315784346093e-07,4.273007753418796e-06,8.556613179992505e-73,4.281738040260187e-84,0
0.05325028042533284,0.010824348910900793,4.6177481521260136e-05,4.497341175937816e-30,2.614220895330099e-19,0
0.3413672890296124,0.9774723026586101,0.7220388697517217,0.00813654827206654,0.9999999999893574,1
0.2326643163958474,0.0057379603040489825,0.09201856130491075,2.412672941892052e-25,3.0916203005878978e-21,1
0.6012196366040216,0.021106974114818326,0.07128642984888871,3.2974868839633396e-43,8.708982101947333e-47,0
0.019421814207490118,0.35779938764611524,0.9630207483331922,0.005108800501332627,1.0,0
0.1383908369789425,2.484847310862476e-09,1.290365697414203e-11,2.762943280058722e-28,7.7124864656964e-73,0
0.09069466116827725,2.458086325965689e-05,3.9350178885204485e-13,4.353676068966337e-19,2.472111793597276e-37,0
0.8191583516254732,0.9605892355382075,1.5148726925926742e-07,1.9182661806525757e-186,1.6703926458323878e-206,0
0.9848426735841174,0.0018471812130231038,1.6332444482071553e-08,9.388463319515445e-85,5.8444868913751886e-83,0
0.48079994580336854,0.23418096396133015,0.4464948568071777,1.825610259702082e-54,4.949050913804159e-17,0
0.0006824431407276955,1.522738180597337e-08,0.08319578852580589,3.085025562671857e-54,1.0,0
0.770015919201066,0.0047229349127657924,9.50328755088026e-06,4.871535883546571e-83,1.2039568831482354e-72,0
0.06015164033061425,0.5042128069872158,1.8781542304601146e-07,3.817303639156663e-93,1.8608726250691372e-132,0
0.721659471981734,0.9999999989940178,1.0,1.0,1.0,1
0.9477725243575353,0.9990787952281188,1.0,1.0,1.0,1
0.012995140695490019,0.9999343220553132,0.9973084864513276,1.0,1.0,1
0.8067918379121257,1.0,1.0,1.0,1.0,1
0.9221562262025369,0.9999999999805043,0.9999814469168395,1.0,1.0,1
0.08925516216125892,0.9932541907929132,0.9510048617490298,1.0,0.9999999999999991,1
0.04090705354694656,5.050869803504922e-07,0.9999999987888288,1.0,1.0,1
0.9710400398821446,0.2821207301571689,0.6389966450196124,0.9999999949268326,0.7803541465815916,1
0.03481038986856284,0.9732526997907154,0.6919763800748558,1.0,1.0,1
0.08765325581354236,0.026268441821980723,0.006100050038691113,0.9797128453908139,2.3843200797431107e-13,0
0.1052805192263922,0.09830732712690254,0.00016722650425643172,7.535339046769673e-43,4.4058102998336564e-36,0
0.9253878319701038,0.9999999999999998,1.0,1.0,1.0,1
0.7592361770830899,0.9994073597515183,0.999412807668593,1.0,1.0,1
0.5085841687138086,0.08501222065279891,0.004137260561663185,0.7136752557341051,3.6775712122581114e-07,1
0.7714342203867381,0.9999999999999998,1.0,1.0,1.0,1
0.9412769713001706,0.9910463021445202,0.9947622685890988,1.0,1.0,1
0.9755989937951229,0.9649639248890234,0.7020134973618614,1.0,1.0,1
0.08621818666360494,1.960817233134816e-77,3.071178188056853e-31,7.505823234597913e-108,4.218883087703125e-89,0
0.45319238022188796,0.006365263618961235,2.827430663394283e-14,4.0911813317305155e-18,1.64374375674622e-19,0
0.30627081174602433,0.03576264611813279,0.08810436992540135,2.0155962331173473e-117,1.029456385890894e-141,0
0.7604888173729137,0.9999999989940178,1.0,1.0,1.0,1
0.9913240948186584,1.0,1.0,1.0,1.0,1
0.943305656695278,0.9999995975676049,0.9999847737093734,1.0,1.0,1
0.014466661446831813,0.0045810534456856905,0.04525778138224567,8.558022520401859e-24,2.679860538078822e-30,0
0.0036961391362611918,0.9170445652781535,0.0799827574680895,1.0,1.0,0
0.7996412310074116,1.0,1.0,1.0,1.0,1
0.7654730618715525,0.9999999999993556,1.0,1.0,1.0,1
0.9746850622946761,0.9999639075397239,0.9999584429169763,1.0,1.0,1
0.39869657912009593,1.0,1.0,1.0,1.0,1
0.9585496060304352,0.9999999999993556,1.0,1.0,1.0,1
0.9962197862218186,0.9975185443231532,0.9976372441150986,1.0,1.0,1
0.06750574218495603,1.960817233134816e-77,3.071178188056853e-31,7.505823234597913e-108,4.218883087703125e-89,0
0.3117491970431325,0.0063652636189612125,2.8274306633942728e-14,4.091181331730458e-18,1.6437437567462084e-19,0
0.5967556961487184,0.4245973318366675,0.7317585459966324,1.0,1.0,0
0.7200673880128415,1.0,1.0,1.0,1.0,1
0.5609072335616178,0.9999999999974998,0.9928815824705715,1.0,1.0,1
0.9118420084344594,0.9881643069748226,0.9996722546541157,1.0,1.0,1
0.7235065282384234,3.679136172301733e-17,0.006276571229091347,4.3830922440381264e-07,2.584118427818667e-07,0
0.2931729015956424,2.3030423971558091e-07,5.517738632900435e-18,3.8888081578091537e-07,9.961426246000408e-19,0
0.702384531320253,1.7145928279960565e-06,0.0009456508981388884,4.5635414420866884e-52,7.226200471618165e-105,0
0.05066434456409442,5.943353572900736e-32,3.4314520090036276e-38,1.9351513692885715e-105,9.074870742688955e-83,0
0.8509138144655617,0.0063652636189612125,2.8274306633942728e-14,4.091181331730458e-18,1.6437437567462084e-19,0
0.36052404787597614,0.003534408272060021,0.7408797209274836,3.2634174831379808e-15,1.4744621800447379e-22,0
0.06309050548920117,0.00220281178190545,0.9999997484773666,1.0,1.0,0
0.978046994696276,0.39254103857180817,0.936671280042829,7.46157050178332e-05,1.0,0
0.27680825914971713,0.8711971951605457,0.8642525299876247,8.767507523936551e-20,2.377614380741209e-16,0
0.8248237034751092,0.5099743686239959,2.6237533433398995e-06,1.692126565246683e-58,6.584173001488173e-15,0
0.47361599284131223,0.9810144349758604,1.0,1.0,1.0,1
0.23539380453253816,0.7618229452205928,0.9976641136309949,0.9968444209654533,0.9999999999966005,1
0.5851478291137845,0.9834576830294196,0.980796472835202,1.0,1.0,1
0.9329303128337102,0.9509971762891213,0.9697720513180644,1.0,1.2101755704144639e-18,1
0.5224864731971118,0.9752545199616777,0.15120375397176827,0.9999999999868943,0.9999999972387714,1
0.05935768124436599,0.9909428103940063,0.16018529387205518,0.003955588701644414,0.011524568906488305,0
0.7307467685392961,0.7189740454407936,0.6885769321294318,0.9999999880149714,0.9999999974293114,1
0.4890241808712196,0.023832542324706885,5.804884055039306e-05,3.318524630679841e-32,1.0500080193749843e-45,0
0.9964001999387821,0.8761109712479287,0.9490141355322893,1.532995710302922e-07,0.999999999999988,1
0.9793362476157339,0.03611042209185802,0.07566517713357813,9.323639614454463e-31,2.104687725127235e-52,0
0.48207536978941823,0.3125428021096567,0.6413934026009316,0.9999928178195405,0.9999999999998372,1
0.7408932541951502,0.03958391402871639,0.978286169017138,1.5672110400332325e-38,1.0,0
0.9675791807756895,0.30124719143198087,0.9852189814712817,1.0,1.0,1
0.243492469839665,0.9957379856348758,0.9984179538117736,1.0,1.0,1
0.991855193138426,0.31206015452095615,0.9946024679515683,1.0,0.9999999999999998,1
0.21312774876793797,0.9540842392772855,0.9511644163491557,1.0,0.9999643527575589,0
0.910949289586936,0.8774514206639652,0.8573273485768724,0.9999999999909241,0.9999999999999825,1
0.7304881948368834,0.9964565708426609,0.992626035693812,1.0,8.326915882257e-05,0
0.8970301832232516,0.9547095371666082,0.07334113892984728,0.9999997813099061,1.7524520712058375e-08,0
0.6857852495183132,0.9071309238534948,0.7089782246266895,1.0,1.0,0
0.025548843882241164,0.0003441822302935741,3.3874202854517965e-06,3.789110472980653e-54,1.3518132923338412e-62,0
0.2453472132593959,0.6266761589463196,0.9162263253258868,1.0,1.0,1
0.013107314369546794,0.23228412053355513,0.3897284527453048,6.656050877784728e-24,0.9999997480546383,0
0.13641045802755045,0.14219073157711778,0.7411437812951814,6.934096300918169e-14,6.4287925145442045e-15,0
0.4447261463551442,0.00021044095470957423,0.00814935124113271,4.6778825660108244e-24,2.4568319402797715e-62,0
7.111187889805022e-07,0.9997012956890953,0.47169634991441095,0.9999998060321785,0.09487949386672474,0
0.47091527972756286,0.9944037474801496,0.7998886025151654,6.265108308824251e-11,1.6420753548198788e-39,0
0.04321291452049824,0.00025126112421241647,0.11806648166479199,2.3793685033332584e-107,1.0800863476951945e-52,0
0.9078836062026834,0.0005371454186475192,0.0012205452005013989,8.04552533280572e-43,9.192373956987061e-43,0
0.410329657970131,0.004344459551920404,0.23461221179125197,1.2386596807393465e-23,8.023063734731986e-20,0
0.24231736055626357,0.938785680228041,0.02136493608136469,1.5709620428263548e-35,1.349401122464569e-11,0
0.1474073193383703,0.022346179539064186,0.0040706903093628306,1.2468635361474929e-12,3.3829474039279443e-17,0
0.0879332453485353,0.007547491735190159,0.9985323580602651,8.757855636313255e-83,2.6061201612368568e-15,0
0.4624609341463435,4.378195390224148e-05,0.0002224905234224465,2.8552728349198283e-39,4.1057240169308086e-45,0
0.6883421840387923,1.0011785950678293e-05,2.8037781437690536e-06,4.1956233589934e-90,4.442883063854513e-118,0
0.10494373307779994,0.010671074953982868,0.02475589948671602,3.074267421306872e-38,2.0852624158159383e-36,0
0.13573860474314692,3.809846605659e-07,6.150784753307107e-09,2.4533307684622915e-75,5.279061080055902e-117,0
0.5481035654667715,0.00028518540432411247,4.3256795589318494e-06,1.3372178900713416e-88,4.636480464100292e-81,0
0.6019001393059924,1.3918000341126254e-06,8.096071786785391e-07,3.013062795222689e-11,7.12717564719481e-122,0
0.004676641973131869,0.15798058259843253,0.661834644978424,2.148850987561432e-15,2.646239455493399e-66,0
0.31359730151757403,0.5727099683457553,2.1101166688210916e-08,2.252714235624589e-84,5.630625122167584e-28,0
0.18347098104047352,3.0117965305933296e-12,1.2088573611438945e-14,1.6484715338080902e-10,1.0709270203216761e-17,0
0.28128833070536635,0.10183994654582892,1.219513089576436e-06,1.8091105903982156e-126,3.435439738958779e-89,0
0.695887116258987,7.273087101551745e-38,1.0,5.849865830843762e-51,1.0,0
0.0683934006716803,4.989374489594978e-09,0.007269631131960881,5.871404707922982e-54,8.928754616024712e-129,0
0.0009354803190025475,0.0006557550578918804,0.00010590625676019882,3.413615683067693e-29,0.999999831683365,0
0.0017891621260818183,3.8243230229402814e-09,1.224279244547341e-16,4.137029944790681e-29,3.20974318789937e-13,0
6.15289625608345e-05,6.709591103297492e-06,0.008555097902901513,2.2135449951472176e-06,3.882468895245959e-18,0
0.13038308515921362,2.2552343084410344e-12,2.1583803075399386e-08,2.6011108600026412e-98,1.0,0
0.04193366323281265,5.661854222006276e-07,0.9999999224696008,5.057728143924918e-55,5.3472416547530645e-168,0
0.1324468750002207,4.621635466659581e-14,7.703828849422628e-12,4.512783494083944e-79,1.0,0
0.33878191945376884,0.00016762975917437048,6.937439303731991e-05,2.9780291345364377e-53,6.594076562033739e-25,0
0.006659191858627884,1.82987158997949e-10,3.792780010513251e-11,2.5261151491627575e-95,9.774011009667756e-56,0
0.8118910524146886,0.9929096934473067,0.9984039402124074,1.0,0.9999999884660716,1
0.8257922033275027,0.9691828663670815,0.9791505836735347,0.9999999943588636,0.9999999763540318,1
0.9509563481464058,0.9996713026882343,0.9954582887869635,1.0,1.0,1
0.9373288562826438,0.994367505747237,0.9916164632532355,1.0,1.0,1
0.9805971718463892,0.9999999999969849,0.999999832362538,1.0,1.0,1
0.8647657666862886,0.9999999528358914,0.9999996817194643,1.0,0.9999998774351931,1
0.012034849098663612,1.1262021293025245e-07,0.05899412442410609,6.9499607287601386e-93,4.359148336281178e-64,0
0.8727273812583423,0.7493250306452359,0.9974005385867417,1.0,1.0,1
0.8034584679863505,0.9998806664921416,0.9959323055040825,0.9999999999478342,0.9994560097910768,1
0.07891383213453297,0.7222330617105557,0.949439062195479,0.999997237335043,6.350666769618874e-12,1
0.03105563142718495,7.885498086239263e-15,4.757480840066477e-15,1.0,2.6586238603573852e-73,0
0.9929453902024592,0.9890433668692782,0.999999999889168,1.0,1.0,1
0.2577052133902183,0.9999977489206794,0.9998712909465759,1.0,1.0,1
0.7512711454597104,0.97614243533573,0.9946794343417715,0.9999997141929031,0.9999998295542223,1
0.7534001744681078,0.1689297168753924,1.0,3.544153697035756e-209,1.256563186983777e-171,0
0.9327276820895459,0.9982477434117017,0.9911527029297889,1.0,1.0,1
0.5035862755165127,0.9999977489206794,0.9998712909465759,1.0,1.0,1
0.5575524787295429,0.9999999528358914,0.9999996817194643,1.0,0.9999998774351931,1
0.9618271182303193,0.49134793086133166,0.010148905577759024,4.134797843164771e-53,1.0,0
0.9556531544289205,0.5806666871030548,0.9941916331733902,0.9999999999999998,8.007995206442207e-20,0
0.11480462474302104,0.7760511537099184,0.9026391736613806,3.679129807719382e-10,0.9999999999987805,0
0.8314597172617416,0.9917975049485868,0.9777222118168519,0.9999999912453338,0.9999998948159827,1
0.9583154903178727,0.9703415572079767,0.9999998481426189,0.9999997262604728,0.9999996493107213,1
0.8677039931754998,0.999998676513678,0.9905669258699131,1.0,1.0,1
0.9293482802947689,0.9977943216255744,0.995226687451737,0.9999999999995945,0.9999999315160164,1
0.9548743151892425,0.9862486381352202,0.9999971323240837,0.9999999164729699,0.9999999880259959,1
0.9820083427126542,0.999994413199144,0.9841883060259197,1.0,1.0,1
0.9177186208816137,0.9917975049485868,0.9777222118168519,0.9999999912453338,0.9999998948159827,1
0.9583154903178727,0.9703415572079767,0.9999998481426189,0.9999997262604728,0.9999996493107213,1
0.6034226392163922,0.9996713026882343,0.9954582887869635,1.0,1.0,1
0.14164717396132995,0.6013542829980053,0.969689703076211,3.3035854695796226e-99,7.274647697242202e-36,0
0.8087564809865543,0.0005710986674995678,0.002751560239621442,1.2607681808084828e-10,2.4537180213519715e-23,0
0.3827031187641065,0.00030366040494703936,0.05172146208115612,6.0862590499951405e-37,4.8074348846878827e-88,0
0.9754324493737441,0.994367505747237,0.9916164632532355,1.0,1.0,1
0.9375772711701938,0.9999977489206794,0.9998712909465759,1.0,1.0,1
0.8647657666862886,0.9999999528358914,0.9999996817194643,1.0,0.9999998774351931,1
0.6780228104112633,0.5564901589442071,0.001507477380361728,7.243111268179086e-18,1.0,0
0.07098083063044196,0.0001782446958017335,0.0001797771235241423,3.065585915256339e-14,6.33625807909038e-50,0
0.6231547679035494,0.08274420431167824,0.011329372106800873,1.9511156022032874e-15,4.959052787659153e-26,0
0.013144880932329807,3.7358273251394985e-09,3.0789348147059044e-10,1.0986629030638766e-125,7.527051966873763e-95,0
0.03665650441265187,1.862921707485057e-07,8.424579274190655e-08,1.694485246587097e-52,4.555358906511028e-102,0
0.6393297548310557,0.9607472834455204,0.9869764283873048,0.9999999999999998,2.2137281973429636e-45,0
0.26159640106519294,0.0335017269925731,0.0005792522183924199,3.2679576955118375e-45,2.130101581389756e-15,0
0.8246044323617697,0.0032338571081482535,0.0008831306948421226,2.0532980755506645e-44,9.964911904728485e-21,0
0.3062392225185776,0.00022589527496500635,0.001455654998310319,9.933337729274926e-35,3.1388452152015817e-49,0
0.01692001188168885,1.2306089571273013e-09,5.813485008350468e-08,1.000675267195315e-55,1.0,0
0.5461238471153382,0.9816595747523319,0.9592474925500879,0.9999804131896555,0.19429624591889547,1
0.5780575995322121,0.9939299731913663,0.20668042147687046,0.9998900952045839,0.6218317330770473,1
0.4454518317916522,0.9740551233521333,0.72833852648849,1.0,1.0,1
0.731730285040876,3.5119969208950676e-12,1.746447521616022e-17,0.9997557546753942,4.607071869146579e-58,0
0.01285458756996513,2.6456438221230004e-09,4.301341689184124e-15,8.582703766404028e-270,3.415315767972648e-144,0
0.11595099226198084,0.016085812677441025,0.14585311939875517,4.432947789738389e-07,6.4327663543549095e-09,0
0.016793045799033346,1.9657922439106098e-06,2.1880581424938266e-05,4.912541709910763e-27,4.903283398801852e-35,0
0.005115795203180631,1.0890997891601001e-15,1.6919871703208401e-12,2.031278903883051e-168,1.035108372723785e-137,0
0.6628213439816727,7.126988540021387e-06,5.878578010314245e-06,6.739698255607026e-26,1.0,0
0.16183870374185988,1.776127477504987e-05,1.7791458804648814e-10,1.6344457845713777e-39,1.2105446477368824e-89,0
0.23221335283658748,3.397273932476273e-07,2.413319814294548e-09,3.99298192318417e-111,3.329241065064024e-122,0
0.3620608144943613,1.901357370741083e-08,1.4768699053784559e-12,4.758056357840386e-87,0.9999999999999998,0
0.3078997774615544,3.033141207409513e-09,7.544783178865485e-10,1.2793345158963814e-106,2.3910509570949386e-100,0
0.18979545562971395,3.48186696167275e-08,3.4381763082694573e-06,2.3168551692976136e-09,7.07210364811364e-121,0
0.9605406357481652,1.0,1.0,1.0,1.0,1
0.9176124658638081,0.9987127730691878,1.0,1.0,1.0,1
0.9779630402454057,1.0,0.9806627008655646,1.0,1.0,1
0.8798726512801257,0.004446974042517163,0.061369045355636816,5.759652686198994e-19,0.28169254772288493,1
0.1562119055122053,0.4183480977401157,0.1480017252106194,1.0,1.0,1
0.5343806630292662,0.574935200689377,0.3703983398699903,7.92572110482106e-59,2.2803345119341317e-62,1
0.2847946774102242,0.7977180078807309,0.9993101614641302,6.391578485690007e-11,0.9990364253014961,1
0.8869701893039201,0.9645819562963331,0.0022736830776880915,0.9996606914238906,1.0,1
0.21507386541484408,0.9728019993676613,0.9998210708399412,1.0,1.0,1
0.0072432261780725656,8.836871999488157e-17,1.3817888995084973e-08,1.0,1.0,0
0.6195196589435965,0.29367386521660754,0.4601056820654277,0.9999980154799534,1.0,1
0.5124611479124909,0.12423517460961833,0.07246954667073649,1.0,0.9999999999997891,1
0.47270833869290885,0.9937534866423695,0.9660952687859724,1.0,1.0,1
0.9064748301895605,0.9998833510088599,0.8462503541403527,1.0,1.0,1
0.9063473907652013,0.9978510803063815,0.9999997414630937,0.9999999999999962,1.0,1
0.43287405604040086,0.5993131127837064,0.9979063209014083,0.999999918453337,1.0,1
0.3534833131723733,0.9357463181160496,0.8268206094654329,5.906623543445214e-30,7.656652110638646e-58,0
0.8036730751161908,0.9685939976868572,0.999996362293333,0.9975627336046601,0.9998328182036262,0
0.33567791408289377,0.0004031437380178077,0.011545081251069572,9.056959175446182e-20,0.9999996595809819,0
0.011618529764771058,0.00031807500048000993,0.5386725151362639,1.0,1.0,0
0.8904187017203236,1.0,1.0,1.0,1.0,1
0.6566675486925523,0.957721471451531,1.0,1.0,0.9999997720276339,1
0.7489950658349813,1.0,0.9705692156166349,0.9999999999968436,1.0,1
0.8078609208204168,0.017695238118557145,0.0045133619750839645,1.0,1.0,0
0.943960305701511,1.0,1.0,1.0,1.0,1
0.2627678303935784,0.837988969622665,0.9999636293651448,0.06180269878255427,0.9999999357196975,1
0.8767283085615215,0.8358172839495815,0.9246038728142737,0.9996286968903474,1.0,1
0.026571740786517393,0.1953495521124602,3.7543287159276246e-05,0.17222593725491997,1.0,0
0.5837309504355279,1.0,1.0,1.0,1.0,1
0.5682803108074153,0.9755856299105921,1.0,1.0,1.0,1
0.8663764753604631,0.9999349415214752,0.9528733308225678,0.9999999999860656,1.0,1
0.6828554761738386,0.009000306677877214,0.0003196911817511621,1.1002340493305435e-34,0.036341225629244314,0
0.05575174472672646,0.7029652123857428,0.004650692496852598,0.9999999999989988,0.9999917054043513,0
0.34395878330851304,0.9945529491418532,0.6800001478296402,1.401455028674925e-35,0.9999999970149411,0
0.3222991584145691,1.0238319900768473e-06,0.30532698876617703,0.9999999961335913,4.422056101922819e-08,1
0.5266286273037074,0.9999518805679656,0.011184407986412417,1.0,1.0,1
0.5574113244692405,1.6439885851263423e-05,0.999999164359934,1.5386257401748873e-22,0.9999800162889859,1
0.44595671338071413,2.211636538139146e-05,5.010431622208247e-07,5.585738743549031e-54,4.310229715482243e-74,0
0.46003487806685955,4.5253148787638136e-05,0.00011857755711115511,9.876575216934367e-74,9.549211825972837e-53,0
0.7800141438629382,0.08010843174422956,0.988199370232341,0.9998518964040638,1.0310082722678364e-44,0
0.11938831081392984,0.0007274590552973699,0.048002159931255596,5.300289676301271e-17,0.42993191526077956,0
0.08782411321462605,0.0004604044487927224,0.0020382705098632562,4.1105396198222506e-60,1.3832199302147574e-07,0
0.16089351675186309,1.714975378303977e-05,0.026381687369554995,1.0,2.1664269937390204e-24,0
0.647381882864866,7.4442353141329996e-09,1.6427005074362637e-08,1.069073725784697e-86,1.8295429925132283e-59,0
0.6639894488930365,1.6331691023511914e-05,0.00945118543714643,5.478762534807911e-64,2.741761060906076e-96,0
0.04872277916849114,0.04308776796126552,3.9989569160284874e-05,2.9597795172997914e-38,7.211445917142644e-45,0
0.08299475524660281,0.27776581941667683,0.9524971435924866,1.0,3.1846274491748254e-08,0
0.07898822895879669,0.9654180920725037,0.9986499543554758,2.211289447519823e-17,2.4216062470066265e-06,1
0.9300251360502044,0.2775760928553474,0.9999778809085567,0.999999999999938,0.9997617184433855,1
0.4922468444596002,0.9968064246226345,0.945937931929254,0.9997546636579636,1.0,1
0.7011843863591234,0.999922340495978,1.0,1.0,1.0,1
0.19340410166736338,0.7561370873066763,0.3519008427012537,1.7294451277406544e-05,0.9961343203372164,1
0.002059880835166161,0.00014913270188834926,0.00031462691271784383,1.0,1.3141078668707786e-27,0
0.6060363204217775,0.593140590057955,0.9324401416398749,1.0,1.0,1
0.49280793980923604,0.9999991153250835,0.9999999999999472,1.0,1.0,1
0.020638783653245594,9.80550437495521e-05,0.0014403772347251174,6.151906113816892e-28,4.660278230206021e-16,0
0.02310646727921628,2.8017524737621698e-05,1.9057017795976702e-07,2.1908885580323994e-51,3.3266244515634793e-31,0
0.7666905649193262,0.9999999981077252,0.9999999998517985,0.9999999528210433,0.9999998452646759,1
0.508893220818068,2.636703778302728e-09,0.9974764769785855,2.2835762106870115e-153,1.5012095195756123e-11,0
0.6423831858325177,0.7804570728726733,0.9914514582210522,0.9999995882586042,1.0,1
0.9909913456338878,0.9495753364900477,0.707618528564162,0.9993711801501644,1.0,0
0.47662202148103455,0.0006585795517473524,0.00010424362355747551,9.589388229484455e-19,1.218596002142684e-45,0
0.37979208558059957,0.14140987026454668,0.012842963231448434,0.9999881203341435,0.3965556772557688,0
0.06543712329154257,0.015834156316413394,0.0011939426237437402,6.077503435784907e-20,2.1060296650478816e-15,0
0.008952251009256949,0.14657308444251205,0.1056737317243266,0.042476157411277624,0.0342420589952375,0
0.9495023074281026,0.034749174926475106,0.9688457709038625,0.9999999980080629,2.4783929953827597e-06,0
0.06597145643656188,0.012645537725852331,0.44809101340051477,1.8259974701990314e-23,1.870490926019857e-12,0
0.0005388469426959351,0.10670123581136473,0.7470747387557133,0.9999999991505875,0.9999971331241886,0
0.013064447971564136,0.019346563113147065,0.039926444075169196,1.6102233685206636e-28,0.9551987845750244,0
0.005172798886133727,0.004441823274245273,0.14982668351092537,0.9999999912756156,1.8616328877229092e-06,0
0.8471115473119569,0.0003067776917604257,0.021724395969485215,4.4362249960792954e-55,4.68261322442868e-36,0
0.0028862334931938137,7.788063854004961e-06,0.003574030327723798,0.0005114198454433292,1.2300104818375393e-20,0
0.11678938810493164,1.966863706593723e-05,1.098421724724164e-07,0.9998042500097724,4.6134548192358785e-35,0
0.0032840015317132233,0.00022615861448118556,0.00037548991739126664,9.732947160585202e-25,3.145666234058878e-44,0
0.2878682491107244,0.6364056961280472,0.9145253388761395,0.9999953575548891,0.9999951188806239,1
0.5200838106325332,7.194448743560335e-12,1.600132228607124e-09,7.175374188394039e-65,9.023260131313181e-67,0
0.7700038527731267,0.15730382562030853,5.001507678000928e-05,1.0,1.0,1
0.0011128917033711285,0.5110402582053898,0.041467927104178126,6.491006822151613e-24,7.376880032136966e-14,1
0.17895792621917192,8.22615070381632e-08,1.1574444953721136e-07,1.1679798460925547e-95,1.7489997833906144e-46,0
0.9448265623773081,0.20383485165314288,0.0455959629873281,1.1538110270976506e-07,9.785274058955683e-06,1
0.09325323447310274,0.989922997865127,0.9929176787702164,1.0,1.0,1
0.7095528318672577,0.9845454315758838,0.9680732057869949,0.0024182997671505736,0.9848057448292397,0
0.8662582398985386,0.9189650449541922,0.9116122275148189,0.9999981100085662,0.9999987441480902,1
0.13631333441172336,0.0008973390055711932,0.0005264625941084149,0.9812350187599248,2.2160251907110204e-14,0
0.5720056549058365,0.6322521635629472,0.9202896784209099,0.99999999974363,0.9999996172963673,1
0.00912656898676555,2.2030396838665755e-07,1.496423419776317e-07,1.2434489459916999e-54,3.2803667010165828e-37,0
0.8606848715870563,0.8215023285782378,0.9312944900579143,0.9999999972643401,0.9999985121374095,1
0.1829381101677186,0.005056919965550176,0.00331373688720097,3.4226398317115406e-29,1.4334878215476982e-37,0
0.7839883954166503,0.9010257763430517,0.8739240179058906,0.0057239952444533585,0.000759377797431341,1
0.36754475217931337,0.9663119853966675,0.9610724085496961,0.998056259971245,0.5995799801418882,0
0.46572709435798443,0.8530946489187242,0.7504672407785051,0.01150865752461301,0.0006670900603342146,0
0.5151267755412414,0.9765500149752409,0.4733488365330958,5.520618836747994e-19,2.0669832068479975e-09,0
0.024506349987824312,0.7252150588736811,0.06914831715381294,1.6118241461707283e-07,2.900158103602735e-15,0
0.014998438887623736,0.8706043791825736,0.1403845403685066,5.053757418067839e-21,8.574614045418349e-15,1
0.19078486064981653,0.8429082372231573,0.9554729826751117,1.0,1.0,0
0.005931013684885462,0.8642659478683281,0.9413525002658033,2.188433934699125e-24,1.171915178686694e-117,0
0.25860434445940617,0.3049302872563089,0.6365271141678346,5.573245999907858e-08,0.999962520428427,0
0.5080417211655881,0.45344086788490995,0.23084985456186857,6.553864918473358e-08,5.222312616608513e-09,0
0.0003457081368374802,0.00410247850754816,0.002225334119488014,3.6867507059600504e-39,2.20185430434453e-28,0
0.04587762856406181,0.01862995572939225,0.03877835990559491,5.749373789515105e-16,2.790000644150503e-21,0
0.663386588446184,1.4541876274080006e-07,1.5389546874029673e-06,3.894797187078875e-44,8.793589338828728e-49,0
0.02550212001160811,0.2708717319027327,0.0030097002530964072,1.7469510061551878e-22,5.327279685425396e-20,0
0.004993705514768866,9.969708028966927e-07,1.893338825640427e-07,1.500302090352377e-42,1.3241376007256207e-76,0
0.9937357000837695,0.715611800238426,0.03501744263347663,0.9999999999973497,0.9988445134415671,0
0.05677233802045453,1.4685113811936004e-09,7.178442055572963e-08,7.114202723332953e-119,1.3042532146317618e-66,0
0.0013526486485796654,1.9594424805520895e-10,6.398693699907996e-09,1.9294857537915435e-36,2.148035031514874e-156,0
0.027851480263717338,6.423544259646372e-07,7.434551472338641e-05,7.263932024839313e-35,8.127824275804938e-36,0
0.36681884539401155,3.151909941149429e-10,3.8577108619334186e-11,4.4793531210795686e-127,1.4662146525740964e-82,0
0.004533652828073077,1.8487841046075302e-08,5.023079836940595e-09,2.830427219516278e-94,3.5681568881949844e-66,0
0.35684512070175556,0.2114031901729455,0.0007108187893371617,1.2402466475918248e-34,9.940284775679711e-23,0
0.6869375419354224,0.0008047405676400636,0.00010746989101092754,3.881523171602858e-42,3.466237229507528e-41,0
0.007261936702935111,4.730202938970498e-05,1.971160417168075e-05,5.266776536678397e-63,1.4365411681159405e-69,0
0.06550856976054223,0.37657332626087897,0.03253153930423699,1.0796669939151846e-59,1.479184327120351e-41,0
0.18714509833824186,0.0006739290678122508,7.405128755400318e-06,1.3583470763787086e-94,2.3050672513425235e-22,0
0.0519824899276229,0.003276587101752806,0.00034037126843040964,1.1323266168756537e-29,3.4723761812295138e-12,0
0.021104931127184343,0.0010705177191391965,3.5756639933443006e-11,1.0124545869850771e-120,2.1745184311831995e-150,0
0.7799685067819214,0.012097230893076818,0.0033037130687607603,3.3626550648188614e-49,7.445509308597615e-10,0
0.12125318627700991,1.2236934897565481e-07,2.3206850841113837e-11,4.1793916549854355e-104,1.7107304634493384e-114,0
0.25351573343643896,2.7710250638570554e-15,2.6591254521209446e-17,4.2204870544443216e-148,3.8622600113440727e-143,0
0.5672733656165954,0.025942584307839998,4.987789192206714e-06,1.1922631329735562e-77,7.169562569124483e-66,0
0.9446777028177907,0.0006511965606240189,0.0038290878966827126,4.830903146126678e-45,3.517938114472834e-34,0
0.02346772121747371,7.850098191583312e-16,3.586722808026025e-18,2.775674766274525e-152,1.6079543072600957e-147,0
0.019536097895552235,0.016432732813780125,1.910925754246301e-08,1.7494036133602436e-61,0.9881677950569062,0
0.02254228647861545,4.700493151578039e-09,4.229726994891e-11,6.125356388337179e-54,1.8969003660025142e-54,0
0.0014489463122726914,2.427476676502345e-07,1.2832779882281984e-05,3.2949863863207697e-93,1.2645809468441096e-34,0
0.30841223637355236,1.3446909740750722e-06,7.711614833057084e-07,3.9418014222334963e-31,3.438170689149652e-58,0
0.029606626609345287,2.8658434965501316e-05,2.6016695036537146e-05,3.5380453986864633e-22,1.2691355432844524e-43,0
0.03119677860648837,0.014831363354760098,0.0007515886137603533,4.5076094188529346e-11,1.2504248847203306e-11,0
0.027371314195539932,0.06347708036867468,0.006150259376948332,1.1129437591382433e-21,2.5619283503354904e-25,0
0.6108774111293335,0.5253094924083979,0.11152003908250542,0.00010523098563114326,0.9993966569984659,0
0.25077816932801306,0.031519153087646835,0.007195651768147396,1.633124963952034e-13,1.502432726224028e-10,0
0.0024491191581951645,0.04766775854754638,3.91595799525107e-06,1.0,2.5817474644295567e-54,0
0.053916546394545725,0.05519918562102982,0.003089207091320076,3.755459019539676e-19,7.211221404121534e-37,0
0.024000817974360017,0.06603826669547255,0.04788766375106707,5.730817621792511e-21,1.5285776878742129e-30,0
0.008606763167154731,0.4101484919335186,0.015062584777364432,4.009472224448849e-08,8.608745272081204e-06,0
0.004318605167253359,0.00761665357223589,0.003842665884471478,6.729008365314214e-18,1.1612907924765851e-23,0
0.011433669287996504,0.004996574780401189,0.002554818034452427,2.858771171676509e-21,4.538344344292423e-34,0
0.6481423607216288,0.6551863267543079,0.4914923084103754,0.3639678423297775,0.9999225134524137,1
0.03146014167061803,0.8734852877508072,0.6006511639059289,0.9999999544188064,0.9999999231736739,1
0.981931008945494,0.6636296218746705,0.9970834867839785,1.0,1.0,1
0.004996411844242275,0.016242063472548206,0.0001679073321625001,3.4793598045553513e-22,3.951306009604531e-13,0
0.5273617893052619,0.928508299872135,0.9405521579606942,0.9999999999909468,0.9999999994620108,1
0.08034902042459685,0.9631287601811587,0.326349969922697,1.047498327878485e-12,0.9998185990586574,1
0.22524847794934816,0.016068646888351662,0.01765332333638546,1.6807800155475687e-12,1.6832898499210088e-35,0
0.008900064956763933,0.014871127751615055,6.710693171673693e-05,8.83874819201047e-14,1.5679748417408316e-24,0
0.5090283848965654,0.920833261644055,0.9678561413799793,1.0,1.0,1
0.10184890017773769,0.178668128109873,0.016249161880492462,2.7313938674329096e-38,1.0195328879452005e-35,0
0.9404959340602381,0.005303915426596395,0.014524946847302522,1.786733815114967e-05,0.3206968730712455,1
0.007549189607798846,0.01795661877869656,0.0005789249812911649,0.9543546410870406,1.1313555659744129e-26,0
0.0002210314515713091,0.0005932396962037495,0.0006074679055665903,1.8535779558946916e-06,5.100544492348796e-24,1
0.02732533636430129,0.14279924293549995,0.049881482843162586,0.12160753371881693,1.9343336488264322e-12,0
0.5803330826722611,0.9875367116554088,0.895737766924954,0.9999999999999998,0.9999999999955662,1
0.2825696332941845,0.6646048215402761,0.9519964808297847,0.9990398912337377,0.9998508540127965,0
0.10254933154208933,0.5620907264974784,0.4834387143450515,3.346804942838305e-08,2.049123600337852e-09,0
0.0015199203877597908,0.08527825119469777,0.0006615379699627953,2.363789660625274e-18,2.6756789686708085e-11,0
0.07822773153305033,0.06382089753114485,0.09246924873081494,1.8360071929467345e-13,4.45008889891655e-07,0
0.564411516769634,0.6635405599610643,0.9765036775843359,1.0,1.0,1
0.555921168712912,0.21019036296224564,0.18461280182811077,0.9999983738054681,0.9999852848202173,1
0.6835601973988656,0.5226773136630414,0.4010252507493675,0.9999996413641391,0.9999043414475033,1
0.911448639774986,0.9827305043023674,0.4102298804079158,0.614145313061658,0.9999999999999913,0
0.7253829213467854,0.9121186399230337,0.9996733927025813,3.860581013892275e-10,1.0,1
0.650954287854277,0.5019228019858436,0.2938197251942323,1.0761491845190908e-11,4.023800285006996e-08,1
0.9235792490614929,0.0076342943946290385,0.00800641345515489,4.9837510466250815e-15,3.786799934155362e-13,1
0.5699262247008449,0.026883716444794006,0.015232399438380586,0.00022702212885121486,0.09411330382658814,1
0.004692605886370255,0.9032409708298725,0.012511265941618577,1.0,3.0276219735113767e-06,0
0.5627842769161611,0.36898525021312223,0.5996255134521847,0.999995631428023,0.999983898157419,1
0.9102796129074482,0.7028701605837145,0.6072974688557038,0.9999548721230714,0.9999082225002666,1
0.324217136713011,0.21019036296224564,0.18461280182811077,0.9999983738054681,0.9999852848202173,1
0.034536370421683026,0.5700669205233735,0.5650363887650443,0.9999245809126126,0.9999048177372502,1
0.4342204270019712,0.9347679671287639,0.964376556708427,0.9999999977489344,0.7838403151372002,0
0.11993516949243398,0.9876188069993326,0.09479484154580815,2.0994455883033855e-83,1.2649653542063475e-17,0
0.6923892808441282,0.3147414724994731,0.4745289667951754,1.49249245514832e-06,3.1793426607096962e-06,0
0.3420472626418841,0.31641115770326944,0.2177731973026786,0.0003032686280385666,0.00015039485913382773,0
0.4258126682407416,0.39804935124132584,0.14221614386140133,0.9999992953277731,0.10717938590846,1
0.8246523120535167,0.6893459214865422,0.6635659325150427,0.8436598282134745,0.0019940881124348745,1
0.7953761564955715,0.2872311163013119,0.2993339911214086,2.1367627012650338e-06,2.04793352165361e-06,0
0.7526144319341548,0.5174845240758984,0.2891786422070959,6.161331736295289e-05,8.814722940506673e-05,0
0.29756182171866813,0.2946126568658884,0.45227175269133535,7.975835154200707e-07,1.9037389255519344e-06,0
0.06758153225808065,0.6305159336359276,0.4888619144972188,6.80463255178144e-05,0.0001516211788945279,0
0.029287270278850967,0.0032534338727053195,0.18364866247671224,4.9269851217227296e-11,0.5061767614815197,0
0.018186527820593126,0.12870886601634443,0.13329995361332167,2.089189721986858e-18,2.203480187067904e-18,0
0.9789049214701747,0.3242221451312002,0.11626720896820449,8.934544039867242e-07,0.00020647205409880172,0
0.5128075322858741,0.002432885737671367,0.000950246923614948,0.9998886980391228,0.9999998962388507,0
0.09577716408901356,0.053606871208444436,0.0849402968938485,2.558251795851187e-24,2.1048134630735483e-65,0
0.6364933325351743,0.06256322181238651,0.08356613630975067,0.7481648551508009,1.3209822314176304e-10,0
0.009562049274627987,0.738621271251612,0.11138915081965794,5.695987056833816e-17,1.4761532866962957e-16,0
0.06070633856365606,0.0256058114496643,0.0024808860630956765,1.0158145003229813e-05,4.4655240172805736e-11,0
0.028686763115305266,0.6244944159012784,0.9749604608266584,0.013976100113669294,7.970372455317952e-15,0
0.023707402316898777,0.5826818621242303,0.4913210310221858,1.8161813332554216e-41,3.1203120100019256e-33,0
0.012034756067848524,0.00857438665511729,0.026403642597836223,1.2880366056995157e-95,1.4999622476286548e-93,0
0.8025703979682187,2.4684078716844537e-12,1.257408427789856e-08,1.0,1.0,0
0.04327439763360749,0.720170099051969,0.024423876314796065,0.7185754615278441,2.345222322305011e-10,0
0.01868273975195528,0.5155438922380047,0.002416323599690193,0.999999999979355,1.0,0
0.0715165551084837,6.298759364945143e-06,0.00021894777307240846,7.548746689368169e-57,2.8812965103276322e-58,0
0.013477059682589398,1.2268205466349021e-05,1.6150076152060084e-05,1.4833618164074046e-50,5.664866633058311e-49,0
0.3463349597558311,1.8459524679788953e-06,6.814641738773744e-09,9.837895188364596e-40,5.557983799985886e-10,0
0.10116820253437067,0.00010170671785498985,2.0942024980165219e-07,3.297686377160447e-31,6.469244794592039e-34,0
0.09449442112410808,0.9999999999895572,5.964714583619438e-09,1.0,1.0,0
0.28402668267278014,5.095024732899038e-07,2.5853761360645516e-07,7.747875692228158e-95,4.347311229980168e-61,0
0.0004888508907651394,0.06395190264269826,0.01806913490993165,5.061460904455323e-31,1.3539019032154597e-37,0
0.03499614126741837,0.0027413794281854645,0.0011063172488282107,1.1907135856097516e-41,2.897373661406492e-25,0
0.6172184136964258,0.8973425278050705,0.22740398624718675,3.128445156429835e-43,0.9997045117414471,0
0.029270608709679187,1.6134740625469125e-06,9.638965072838112e-08,1.0,0.926864746858481,0
0.004060343236009881,3.8676058786626715e-06,0.00022055822045139405,5.4322901917745916e-77,8.32188067191181e-58,0
0.3369405814783931,0.02679184665258744,0.28056397561583557,1.0,1.0,0
0.9830528859493257,0.9999999997287481,0.9921963210776852,1.0,1.0,1
0.8515644771504154,1.0,1.0,1.0,1.0,1
0.9082277672977214,0.9999987682868193,1.0,1.0,1.0,1
0.9669196478534448,0.9999999999999962,1.0,1.0,1.0,1
0.3277037801882502,0.02855055439524396,0.8886924846253491,0.38226270757689407,6.494533081390018e-09,0
0.6959325619236383,0.9668970779157674,0.9057296269738058,5.5057244551321256e-05,0.9999999871913897,1
0.7118508562716377,0.9989977444649978,0.940433252975491,0.9999999999999953,0.00012134178372640391,1
0.38369531499107434,0.5648120543738209,0.205932302118824,0.9963988697100538,2.223569730836488e-09,1
0.36592220036483497,8.37743651366601e-05,0.7419335777569799,2.1124505747875277e-21,4.4747430674973085e-05,1
0.7009026522128871,0.0031287126591853804,0.048370732845846066,7.119224523941896e-14,0.006554127910836088,1
0.04800359257076771,0.9999999999999762,0.9999999999993057,1.0,1.0,1
0.9513230767617282,0.9995816713155339,0.9999999724267773,1.0,1.0,1
0.4028879164804133,0.968850652275684,0.8317005953717239,1.0,1.0,1
0.2860723188668633,0.0003374219554443433,0.0002637632981459529,2.7726943309631106e-23,6.540304655122389e-13,0
0.7899724665616256,0.9990543159313002,0.9996811345109176,0.9999999999999996,1.0,1
0.5450636374148132,0.8926571070326034,0.8160188747340632,9.735567072158177e-17,1.0,1
0.8564682673010517,0.9643087446620793,0.9887752703603209,1.4687179581372877e-30,9.120949477210015e-08,1
0.7064639412530619,0.7629850780004733,0.9624117983983592,2.9109623464097076e-05,1.0,1
0.8925724771182759,0.9932953836831775,0.9886472899185011,1.0,1.0,1
0.4561990919103805,0.9999999999893525,0.9999999900610391,1.0,1.0,1
0.5624080587903811,0.9839926538107743,0.9999996610153216,1.0,1.0,1
0.8204162399037489,0.9999175260496324,0.9974917464142474,1.0,1.0,1
0.9296110382184359,0.9358552471131822,0.868502574273029,7.430677300149907e-06,1.514709005139796e-14,0
0.04525018917122217,0.0246739874402274,0.005923383333802396,6.0780015302497664e-33,3.939184779719705e-25,0
0.4707324596103937,0.276952029052584,0.030582960090749383,3.038872269590312e-09,3.329019079768267e-12,0
0.26588479025445794,0.48411921958733634,0.25951308830125647,3.611040211408012e-13,1.8555673138334756e-19,0
0.9830528859493257,0.9999999997287481,0.9921963210776852,1.0,1.0,1
0.9025173195267722,1.0,1.0,1.0,1.0,1
0.9705342531112956,0.9999999999999765,1.0,1.0,1.0,1
0.9462000288196833,1.0,0.9999999999928855,1.0,1.0,1
0.2393315633402496,2.5241137285305256e-12,1.9310055411619802e-17,0.0001636329571296708,1.0,0
0.9676000747942661,0.9999999999999987,0.9901772392852258,1.0,1.0,1
0.9972106903489968,1.0,1.0,1.0,1.0,1
0.9394001809079559,0.9999987682868193,1.0,1.0,1.0,1
0.9462000288196833,1.0,0.9999999999928855,1.0,1.0,1
0.06536535427848672,0.00014667893861600046,2.326452399874868e-07,8.023720838756999e-60,1.9088159709273008e-56,0
0.38146561091599523,0.999871284027371,0.9788275360343104,1.0,1.0,1
0.9410578002332776,1.0,0.9999999991168038,1.0,4.311179864993507e-18,1
0.8873842032213131,0.9999953299738886,0.9999999999163387,1.0,1.0,1
0.8724010723442501,0.9995946819575328,0.997553178285332,1.0,1.0,1
0.20304413494216614,0.05155237168353789,0.1766540899716919,5.927456006344934e-107,2.0264872981822387e-58,0
0.7644572154443419,0.007178841324869199,3.8524003573019906e-11,8.377172304006754e-07,3.9647733900680045e-23,0
0.22027009138016407,0.06285760803176445,1.7602308754081e-16,6.718242779113122e-54,2.3963459328065328e-33,0
0.17301296803717253,0.0005316935583984891,2.712368744889721e-06,4.467681718001956e-113,4.945644853614392e-130,0
0.37516561908921725,0.01799098403863644,0.007212498946638604,3.266814694636041e-14,0.0007700545594796073,1
0.890199486262571,0.9756087061113395,0.9897064789069253,4.423301066488061e-09,0.9999937021337844,1
0.8933734172484434,0.0733959909209729,0.1295476747405051,0.9999999999999967,0.9935010819243005,1
0.34061451846547386,0.19635999185252356,0.13062432016110734,1.0,0.9999999999970566,1
0.9441596136460163,0.9640346769978717,0.8458052527749725,0.9999999999891436,0.9999999999706364,0
0.2709198505554614,0.10513717996155099,0.05362430077180344,3.6660257124329164e-19,0.7421298955131552,0
0.7679295175952267,0.28062225345790587,1.7889191623102508e-06,9.55578010722045e-30,9.282300910357518e-16,0
0.5338896558595927,0.8392405372401558,0.14818517463398612,0.9999997850481626,1.165627235929571e-27,0
0.15359081323478535,0.006990172549286936,0.03874156477968021,6.168660668989003e-144,2.2681197959421684e-74,0
0.7339852530038781,2.5567030474677192e-05,9.465376813219243e-11,3.2655066408473774e-13,7.439070156159952e-15,0
0.231525838781984,0.11028500048315044,2.7143317371735675e-13,1.9654798977189897e-57,2.1149396792706933e-47,0
0.38899150269513283,0.0014355409798663232,0.01513252758843553,9.581360349508374e-113,1.222113961020149e-139,0
0.21401354252512253,0.0048796673834825485,0.045940681665264896,1.8300746373908612e-15,1.942365890171971e-15,0
0.2990561454487692,0.005918620746344697,0.0174097045902935,1.0,3.5500886716922595e-24,0
0.05885476667321158,0.0011555152784905672,1.5306538348446217e-06,1.1105305189673129e-41,5.95674599481254e-36,0
0.5445768078489408,5.843997956600078e-05,0.002975758743886724,1.466079664922759e-13,1.1007794971156341e-29,0
0.1481778115681393,0.11457971634126725,0.07660997733966204,7.038317602935117e-07,2.2065139707126522e-07,0
0.1798129471210789,0.4763729417344719,0.14834830180631584,1.0,1.0,1
0.5318177032561382,0.9999999999907621,0.9999999999999694,1.0,1.0,1
0.2571648368621182,0.8986011090766862,0.9999997161956892,0.9999993130007,1.0,1
0.2571582034883164,0.8857148697891484,0.8498149760402123,1.0,1.0,1
0.1475469462154612,4.151149022922e-10,0.0006807146507211004,6.309151883875228e-71,9.959038388231608e-59,0
0.0008194201742294494,0.22710443322107857,0.8296404485714123,0.00952788872278206,1.0,0
0.6312965288708245,0.008178817840935302,0.012036470253991547,4.804676787994385e-19,1.0079849649999327e-08,0
0.1604488784073206,1.058452766336454e-07,6.90583044528598e-07,4.631039343399204e-149,1.4098870301115114e-89,0
0.08342001168607886,0.9914016627521618,0.9650977300010599,2.731421101131422e-34,1.8966558889545426e-40,0
0.996235543724603,0.991755095976273,0.9999996167393265,1.0,1.0,1
0.8426722886267058,0.9999984558123414,1.0,1.0,1.0,1
0.4382727027972198,0.9833331123506726,0.9163805829897569,1.0,1.0,1
0.9958936050058875,0.9906374900554965,0.9822671553520067,1.0,1.0,1
0.9248850791064542,0.9496230504635319,0.9776586757484288,1.0,1.0,1
0.25497303774387464,1.0,1.0,1.0,1.0,1
0.06747142662406705,0.9816686125677118,0.9999556343929391,1.0,1.0,1
0.32186233800712416,0.8953908905739153,0.9451321994837752,0.9999757602265009,0.9967274602203315,1
0.8946054682647867,0.999999749293472,0.9999999969226763,1.0,1.0,1
0.8288165751416261,0.16384262430500002,0.0047625826466384654,3.700854240150702e-12,8.921290859795176e-24,0
0.6800633354309272,0.9968467066379553,0.9962708463010802,1.0,1.0,1
0.8663643257685684,0.9762203298007356,0.9805671648618255,1.0,1.0,1
0.17036086145024984,1.0,1.0,1.0,1.0,1
0.8268929066187735,0.004036060244073483,0.10088074290656782,0.9953067521789591,0.9999964429856757,0
0.9768428394186583,0.998031504883731,0.988436722141304,1.0,1.0,1
0.9297196792817337,0.9496230504635319,0.9776586757484288,1.0,1.0,1
0.7061899237218275,0.9999999999999634,1.0,1.0,1.0,1
0.11426830453710637,0.0038942729317365207,0.0006160563576158567,1.086123441763458e-07,7.85054353047425e-32,0
0.5292666392584734,1.479682517595447e-17,1.7813752263225328e-25,9.652709227481234e-79,6.240176103051847e-44,0
0.15588048771009158,1.3874935168774302e-31,2.7158287441562953e-36,2.857834554890617e-07,1.4291438012463932e-07,0
0.00859235468585011,0.015998663835934256,0.09529960842167684,0.008895913083670328,0.9999999999999667,0
0.6833514973516005,0.00019200083716006575,0.016788447006242366,7.788985626259166e-09,1.5775550889050468e-19,0
0.8972620562372318,0.9999999999999998,1.0,1.0,1.0,1
0.8983896497232038,0.9999999999995925,1.0,1.0,1.0,1
0.5958392641695628,0.9999947475499968,0.9999927487599998,1.0,0.9999999999999818,1
0.904707234750655,1.0,1.0,1.0,1.0,1
0.4363580032659627,0.999999986742256,0.9999999999999996,1.0,1.0,1
0.8908108790649722,0.9793704118129388,0.9792305317373323,1.0,1.0,1
0.45132912276582343,2.8898554736387382e-08,8.825627477665633e-13,1.1822771527389522e-104,5.064583431009762e-143,0
0.999297082093898,0.9999999988033084,1.0,1.0,1.0,1
0.8940364623286939,0.9999984558123414,1.0,1.0,1.0,1
0.8737718857503665,0.9999999999999971,0.9984861717884617,1.0,0.9999999999999944,1
0.7125518847092088,0.01629305665514273,1.4261987646419668e-05,6.705101165183393e-07,2.428812035881012e-07,0
0.36749279366866333,2.5759464375141974e-23,6.686352147504345e-38,4.090500969027499e-74,2.0644439085279193e-35,0
0.08977285814303523,2.3009825879267432e-39,1.294646426841312e-53,3.876668410207507e-07,3.551010196598489e-07,0
0.9971243701051559,0.9906374900554965,0.9822671553520067,1.0,1.0,1
0.9918610292030424,0.9999999757492156,0.9999995551577714,2.272883024135492e-17,2.5805343783560625e-24,1
0.9415524743780221,0.9999999999247502,0.9999999999999938,0.9999729176786076,1.0,1
0.6197407638259897,0.006902087187686144,0.007659189088865778,4.702301647940712e-53,1.7639238786750507e-103,0
0.597299074533357,1.0237897352531887e-28,9.205831064102566e-48,7.508663988940637e-123,2.248774727640277e-63,0
0.16305625780347113,3.0352376168334525e-33,9.943707812920398e-61,1.0030387681604778e-07,1.1926526053204092e-06,0
0.22569059722607748,0.0018181969397667002,0.0013774566833079877,4.5432382880285664e-51,2.475164565685579e-38,0
0.3112271823598545,7.289972115407902e-36,6.734327942348487e-56,1.9611251309301256e-77,5.029861795663747e-60,0
0.24460791556791697,3.0352376168334525e-33,9.943707812920398e-61,1.0030387681604778e-07,1.1926526053204092e-06,0
0.42374228816895376,0.02649812920250385,0.15106058536250208,8.780328189931295e-08,4.856898060146869e-33,0
0.4760384025467694,0.9999999672691826,0.9999999999996136,1.0,0.9999321299912584,0
0.17461288846810438,1.7158743748692606e-08,2.4470867757218297e-11,3.565775027927777e-61,1.1447981718377703e-94,0
0.815089167366318,0.9999999999999076,1.0,1.0,1.0,1
0.4476491386981361,0.9999999998789495,1.0,1.0,0.9999999846919805,1
0.5121578493958745,0.9999991127942929,0.9999815140122782,0.20817349528731008,0.0009979577129027402,1
0.03551761538209157,1.0961538411872143e-14,2.0790487342947123e-10,1.2863097422547377e-103,7.985322514619419e-97,0
0.06260671912373002,2.0235981274661603e-05,4.8851668589160525e-14,2.3166490886288872e-133,1.2859817374205243e-49,0
0.006239487002069939,9.749284779041308e-07,0.00022632097711839579,3.235393151546915e-17,2.095733162943603e-26,0
0.4278869422266667,6.279947540173236e-09,4.349920906985746e-11,7.780242853132078e-71,4.228555167902274e-65,0
0.16119561121080192,5.562962814309925e-09,1.1639846275740733e-09,5.696238615965494e-93,6.122806266411832e-102,0
0.03424629927371522,9.3061327763747e-06,0.0040062256601319495,2.1551583534564163e-28,2.850814547890352e-43,0
0.11305868551028699,0.00021373829448160324,0.011737143624478535,1.0,0.9999999999999838,0
0.11276808376515929,3.4139409257722816e-06,1.226734455259038e-06,2.5225281860924667e-70,0.999949508839834,0
0.32242526540029687,7.954752022697025e-06,0.0013330906608825417,0.9999999999999978,0.999993778971535,0
0.8592636483197611,0.9511809665265255,0.907016629218373,0.9999999999999991,0.9999999999999953,1
0.6605743115931041,0.9999991555819293,0.9993688795831486,1.0,1.0,1
0.8493091305450753,0.9999999998858036,0.9999999999993947,1.0,1.0,1
0.765936489915423,0.9999999874893958,0.9999998570553892,0.9999999999998077,0.9999833464798222,1
0.9732415250796611,1.0,0.9999999999996623,1.0,1.0,1
0.9931261945487753,1.0,0.9999999965486233,1.0,0.9999995423637302,1
0.9399909317169276,1.0,0.997151877620021,1.0,1.0,1
0.6846007079518069,0.9999999998553526,0.9938854542648694,1.0,1.0,1
0.040248582455298755,0.9996718536577965,0.9994880930059687,1.0,1.0,1
0.5753271211260654,0.9833020903422385,0.972335020763712,1.0,1.0,1
0.252949339686359,0.3384403876727562,0.8587035960323616,1.0,1.0,1
0.8998216454576956,0.9996289210693127,0.9980328529141296,1.0,0.9999999999999991,1
0.019483218993219375,0.0038891524568664647,0.00410590587634499,1.2975899801557951e-11,2.0450946817411614e-71,0
0.9567118367178422,0.9999999745411188,0.9999999999928042,1.0,1.0,1
0.9557825650285413,1.0,0.9999999999998006,1.0,0.9999999997929272,1
0.5551124540907177,1.0,1.0,1.0,1.0,1
0.952280813261497,1.0,1.0,1.0,1.0,1
0.9924359677830856,0.9999999923965533,0.999999999999641,1.0,1.0,1
0.9779776547760335,1.0,0.9979979677598263,1.0,0.9999995110032946,1
0.9556283364297785,1.0,0.9999999979476111,1.0,1.0,1
0.9421664925985894,1.0,0.9991116558350592,1.0,1.0,1
0.21422146742761924,0.003176345038240199,3.983944521219152e-06,2.2901984367751845e-07,3.1143258002397974e-51,0
0.2639674409173779,0.017216662526518215,2.449336494887516e-36,1.0205731959058011e-25,2.736431877776081e-30,0
0.5601138463559686,5.196418374990186e-34,2.3112745433271636e-60,9.391678712006114e-78,1.876401905785556e-112,0
0.058597091223264154,5.282046669111823e-31,1.0091802191806764e-29,4.5467034087440966e-45,1.476093640874764e-104,0
0.8846874373930179,1.0,0.9999999999999967,1.0,1.0,1
0.9363828068834454,0.9809223888090356,1.0,1.0,1.0,1
0.9558403237149367,1.0,1.0,1.0,1.0,1
0.3692374409211065,0.9870013958960258,0.9999999999999987,0.9999997029822562,0.9999999996519036,1
0.9663524731769874,1.0,1.0,1.0,1.0,1
0.7219310665697938,0.9796878081624345,0.9999993273942752,1.0,1.0,1
0.9101106046968978,1.0,1.0,1.0,1.0,1
0.9613277747406482,0.9999999987980606,1.0,0.9999999980613621,0.9999997300527599,1
0.014245615884672857,1.8914971094885195e-05,6.588506614919067e-10,3.530956956545694e-54,4.3522355246341523e-41,0
0.981192493259341,1.0,1.0,1.0,1.0,1
0.9363828068834454,0.980922388809036,1.0,1.0,1.0,1
0.5399351485906876,1.0,0.9999601642060614,1.0,1.0,1
0.7045899326932246,0.9870013958960258,0.9999999999999987,0.9999997029822562,0.9999999996519036,1
0.02168928365243357,0.00710526744446482,8.992560731901595e-06,6.709837743171954e-39,5.583463691104615e-50,0
0.09572568242798901,0.006580149871330111,2.625223577794377e-33,1.4248875760717052e-18,4.05693824247278e-24,0
0.8400702134603083,0.0002222031154497663,0.00028642676293645625,1.0,1.0,0
0.3150079107379452,0.00031486080107913047,0.9970202354855725,3.8426977802038373e-34,1.0,0
0.98725381096301,0.9999994954866583,0.999979156798119,1.0,1.0,1
0.9010491282316986,0.999999985342412,0.9995935036405066,0.9999999999995952,1.0,1
0.842293047900805,0.9999999999999996,0.999998134021814,1.0,1.0,1
0.8648454581821731,0.9999999946761498,0.951740304043362,0.9999999503979284,0.950999888084669,1
0.7052971652280564,0.025030151821348004,0.009797379136538964,9.597192440851004e-08,1.575418756619046e-11,0
0.2181730557176742,0.00033109998665372325,5.34798879571048e-15,6.621541472263701e-09,7.26754895587981e-24,0
0.9778131376442949,1.5904647861145695e-42,1.8907973501993124e-103,5.223483605953453e-87,6.0696638328673336e-207,0
0.11267977224255459,4.922523163136821e-06,1.8682471113533008e-09,2.980497348385701e-07,3.122099605344303e-44,0
0.011419451304663554,1.256787549212641e-05,7.55893099931445e-05,4.052364395018255e-08,2.327556438698034e-39,0
0.4586584303119325,0.025030151821348004,0.009797379136538964,9.597192440851004e-08,1.575418756619046e-11,0
0.8692020602187434,0.017216662526518215,2.449336494887516e-36,1.0205731959058011e-25,2.736431877776081e-30,0
0.6275092941871382,1.5904647861145695e-42,1.8907973501993124e-103,5.223483605953453e-87,6.0696638328673336e-207,0
0.11267977224255459,4.922523163136821e-06,1.8682471113533008e-09,2.980497348385701e-07,3.122099605344303e-44,0
0.39464252493944335,0.020976253739741938,0.5056800687614271,0.9999999999999314,1.0,0
0.7451603162928419,0.00012382090906560498,7.946234160323257e-08,1.3037588199454936e-32,1.0,0
0.5771907345865404,0.633461866543343,0.4074631986804416,1.0,0.9959318184666982,0
0.06577308350087174,1.2206217727985162e-07,0.007545229193576084,3.394344639048761e-42,0.9962832918725661,0
0.0529493746691843,5.6675653447247386e-06,3.621901551921393e-08,0.9999999999994575,9.10195028616736e-68,0
0.04263271100372032,8.188890518113109e-08,0.06352334224091484,1.324044988423086e-67,6.170652760076514e-15,0
0.9513659065687624,0.9999999984428412,0.9999833952486568,1.0,1.0,1
0.1466610094098119,0.8324551418652063,0.8937405846324313,1.0,1.0,1
0.35514234848402176,0.9833667795467381,0.990734263772528,1.0,1.0,1
0.8214509368059543,0.21659309731528617,0.11451060845606004,4.187553957518669e-07,1.8752896107241947e-08,1
0.702198528848033,0.6198154230755928,0.5175284813198006,1.1770845219274062e-13,1.381114596505662e-12,0
0.0030498435751808587,0.0015044546894231517,0.000678675535071813,4.099237490241548e-25,1.1673097173240929e-32,0
0.591855520159128,0.030366049471802787,0.013341255655572481,1.5427987458563645e-16,0.9997084425271063,0
0.004813922548033224,0.30032213948763076,0.5391276281948705,7.184856333479485e-10,4.880182252293384e-13,0
0.01586454393874685,6.320913813364104e-25,1.558971855500113e-06,1.0,1.0,0
0.00011903267723897022,7.702988545614618e-19,1.918390403147892e-11,1.1150567144389558e-23,0.9978428241584948,0
0.006142195098103771,1.4981971429151968e-37,1.6314175101116366e-05,4.417731728193374e-165,1.0633945059021893e-286,0
0.08242727091580342,1.4249366651126734e-06,8.959507203518642e-05,1.6113225769558494e-67,7.56265281022747e-60,0
0.004079467811713083,4.034089369112223e-09,7.706941191085722e-05,3.1149800167039638e-77,1.694322232678097e-37,0
0.0007245802802282297,7.614348624221213e-12,2.3838652859404578e-15,1.0,2.5008096789619473e-101,0
0.6862055402073225,0.9999999659576051,0.4678126265062129,1.1970807487456195e-69,1.0,0
0.00143697539738607,9.537031240661473e-20,6.567565130370758e-12,1.031462532924029e-172,1.4700230770059707e-149,0
0.01476816971768123,1.4159478383781357e-28,1.6902047658182176e-15,2.3662908980578884e-190,8.727797753948524e-210,0
0.009538784046074606,1.2415085321041825e-20,1.7552421866825408e-22,1.0,1.0,0
