facenet_prob,marlin_prob,senet_prob,label
0.5297725872802092,0.6892335757438164,0.995475299881203,1
0.5203555750319875,0.6969529806484526,0.997221281274635,1
0.4586623111039624,0.6378669527336782,0.9873027244693167,1
0.44789491675118065,0.6089519553097075,0.9276980907643873,1
0.5429920003802046,0.507412255446475,0.905442837317907,1
0.41016993480373803,0.39980853323079596,0.18394070343325641,1
0.5011858171428986,0.4345687237759954,0.0001332224306444537,0
0.4038549868640019,0.5949595607725856,0.9919039702977804,0
0.40479776860324335,0.6177130380817107,0.9134541436641087,1
0.44521481855366624,0.668951350214652,0.44822078166029866,1
0.5074285424792293,0.6858687264875646,0.9790032421554963,1
0.450206099969808,0.6542219087724935,0.9360011112154041,1
0.5456301889803992,0.467665833558513,0.23333196524019237,0
0.4313264624653142,0.21895220116315933,0.065638664368421,0
0.3983718255691441,0.6682740882470918,0.9887816529423658,1
0.4213316355736251,0.6211330106518977,0.9144926841902499,1
0.19742399078149814,0.2705304118804578,0.0010410180969326623,0
0.4103930712082334,0.34503615828105516,0.5446824343124612,0
0.5954265145461684,0.7440187970703387,0.9968524966175594,1
0.4456931018724782,0.636932560818567,0.9994558230139814,1
0.47607077829555416,0.6123605065628767,0.9900117773936394,1
0.4091229223376246,0.610330993903729,0.9953679163486624,1
0.5961193968712153,0.7221001052323411,0.022464497894512603,0
0.4779890982109615,0.6760036299213839,0.13481640300042394,0
0.44432161263920733,0.5098725443531096,0.6957645067999216,1
0.4679113941974805,0.3557595133931722,0.4048721339112306,1
0.4610253232886387,0.6242227877314216,0.10881516713353663,0
0.558021165822545,0.7259005467861156,0.5075011397542164,0
0.4911488104827858,0.48832236429838144,0.16543101572194607,0
0.42094890347098485,0.3390072445151519,0.9878448078481766,0
0.3875878417214647,0.39693819833219074,0.014230088005434694,0
0.38956887838915966,0.3652935187932339,0.11586619150290228,0
0.5452221597265233,0.8009538379222336,0.07509007677369478,0
0.3903167678873627,0.4155009959960884,0.9546416034636918,1
0.4055133637657338,0.4482044835255144,0.8324622259596978,1
0.1905091804156624,0.006654996813597272,0.019115639545108913,0
0.37378780540744005,0.2712291607743077,0.8172150284907325,0
0.3567439019432638,0.01838704319879151,0.10570409814352355,0
0.4065314338415354,0.11339425067899524,3.6947827639370575e-05,0
0.28667421598019155,0.08709773900238513,2.6226448869839317e-07,0
0.29366717206716786,0.05003389051277764,0.001479375385604964,1
0.38516823912852716,0.34574612474328736,0.9135232987193423,1
0.3561709885996472,0.10918308975219038,0.9996528662616464,1
0.2595891556283621,0.1663387669651618,4.208553887411411e-05,0
0.3862246593704241,0.3750405295606037,0.9996209620579876,1
0.3157251764281012,0.3298229881453573,0.9506168798462614,1
0.2684048758903138,0.1593817745516308,0.0005395937907057019,0
0.23516017494329342,0.1170997159805954,0.001842886195777381,0
0.4892109939031209,0.8989427044141085,0.9993787018996436,1
0.2887316501586307,0.15266377855798913,0.00013743781795599563,0
0.26339622030573145,0.0274772634426925,0.7395585604870596,1
0.6443202981259387,0.052606239699046306,0.016435401619258643,0
0.4312253572210603,0.581972416131286,0.9997115332345143,1
0.3345121931188674,0.12125807408200855,0.9338820811769822,0
0.3185910978713871,0.2401799794691732,0.998123446272274,1
0.3239948450455732,0.26919172428053595,0.00047414882163042545,0
0.27619125314094667,0.16295467133309513,0.05638461496063514,0
0.4986143518180618,0.11552953294683177,0.900169456701529,0
0.3681814395834565,0.12174740017437202,0.00021270414572484224,0
0.4715750250906625,0.32257875694113874,0.9997057456426199,1
0.23158314075773065,0.6401163898237606,8.21712446267366e-07,0
0.32255189353982744,0.5815966824206288,0.9215110927196845,0
0.2838919779895254,0.34235752367265626,0.12647781614342057,0
0.32162206201843146,0.3243461940045954,3.7921499577866846e-05,0
0.1358110567109509,0.2682114988065001,2.3820075615953976e-07,0
0.21110980813008343,0.07057469275370346,8.013231445203522e-05,0
0.24010161097561686,0.4731023074273737,9.365764660827546e-05,0
0.17647437208181088,0.24374365223235336,4.977027705631224e-05,0
0.1290245712480309,0.7486232849257052,0.6938109114485341,0
0.20173283413278625,0.3574892051670438,0.6995037821765252,0
0.3557054719266036,0.08498214663571901,1.8254977001539107e-05,0
0.5381683973007126,0.3886882457632336,0.004228492695270579,0
0.4988557011899972,0.4129454280571947,0.9999649605161248,0
0.4380724726271659,0.23523860034102834,0.00011388281458122232,0
0.47448996332610666,0.39981717169252395,4.4809239185986396e-14,0
0.5658736597129187,0.5980678660283,0.6399744375757386,1
0.613781368457601,0.6730910164814381,0.9995324133270522,1
0.5543153611028065,0.43570754852384763,0.9832786178929939,1
0.5053397462058872,0.22541317241932032,0.0008339394367016025,0
0.6062458898542138,0.21480893517649408,0.995689473334087,0
0.5838194177594205,0.710002056900898,0.9961669857865034,1
0.616707270365386,0.7318189677589967,0.9996987131396159,1
0.5442450599875753,0.5469116528961409,0.04810991006470994,0
0.6033658743165228,0.522235385424823,0.06901321179465447,1
0.5572033665592925,0.1725680377314896,1.6706976298368225e-12,0
0.4973062871180667,0.05789503316350484,5.856913605769759e-06,0
0.49771787117735256,0.15781787855753793,0.7855378663335647,1
0.5604432851316028,0.7150916576150809,0.9962852417575725,1
0.5906906610041643,0.8120536109590694,6.935110898227627e-06,0
0.622065499054573,0.7318189677589967,0.9988335009342684,1
0.49094695479006917,0.5271110240967397,0.05068516337712284,0
0.54082188356477,0.5576048737198401,0.020779072700848267,0
0.5181458605802248,0.3665425962063975,0.011531848093598274,0
0.4989934465154989,0.32541256333822965,2.419791362447478e-09,0
0.516572948253376,0.4323665802931635,0.8742246116777398,1
0.3817810861392804,0.41264527050730837,0.003908258178446086,0
0.5220354164352682,0.31312373524018877,0.8271256943129699,0
0.40813037644159295,0.2252256058980354,0.0478664877363724,0
0.4231447201659064,0.0743410058355655,0.0012660105721413204,0
0.36146590742453516,0.14037317067301278,0.15647470695893362,0
0.3926262936666162,0.7239249354361864,0.9943562453229995,1
0.37831022895839833,0.6817288245886769,0.9939391961724661,1
0.39267239013524496,0.42106101713493244,0.9995048324920052,1
0.34310731577847275,0.37255164373267413,6.533949587818965e-06,0
0.3791175266002507,0.6753642861539124,0.9895343689375153,1
0.4074068083109624,0.8427415332022643,1.9505594706379994e-07,1
0.4443589610658216,0.25246000947490077,0.0052704722848296885,0
0.4268517048986153,0.16298076849112267,0.00013629537984916694,0
0.3514358899274895,0.650856651663218,0.3440036687846546,1
0.19538419182049366,0.21242255759222406,0.0006511871162728618,0
0.6004192754732295,0.3527715697239144,0.999999788584062,1
0.3930814565321703,0.15862474868872328,7.745319062584897e-06,0
0.3899021715197173,0.6843488132320539,0.9975299457349269,1
0.39385221904629925,0.46800146721824226,0.011334548966815097,0
0.4645692388522743,0.600891323124576,0.996372297046391,1
0.36343268940737145,0.3713076125739974,1.3010306522008824e-12,0
0.39495301852788245,0.46894585489266527,0.01038610202121806,0
0.2751918385115287,0.12839829942128891,1.1823601578374508e-09,0
0.42115449265752125,0.34196521693284926,0.03769219982795389,0
0.3652469725548412,0.46991073180986437,0.9314717252618048,1
0.5660712438304862,0.6058806458033706,0.9999952831826515,0
0.5505932277303368,0.35765694570534784,3.858431480556363e-05,0
0.4423049259953785,0.1676530135367137,2.3186185620882293e-08,0
0.6437288576470324,0.15212903281877804,1.5772963405262464e-07,0
0.6796568675702515,0.6396282714140146,0.9813579792754539,1
0.6330109673694779,0.6835596614080051,0.9934613998919567,1
0.658376606591454,0.7366406389572308,0.8607211089040707,1
0.7059015788803352,0.7145907157146613,0.9990458033103766,1
0.6492805112445938,0.6710796001852659,0.998717778616459,1
0.5938135373604175,0.7423040167720375,0.9907414351280436,1
0.6774892192066073,0.4879042499186769,0.99800152778201,1
0.6405133186409139,0.5435481553156688,0.9596200551887438,1
0.6857050146534817,0.4226299582768223,0.9994981334544684,1
0.4825168812685689,0.2987790852587123,1.0903970113648036e-06,0
0.7059015788803352,0.7145907157146613,0.9990458033103766,1
0.6447647301506372,0.6452558080798506,0.9988859328737276,1
0.623546847519251,0.7392519030389155,7.817271569093923e-05,1
0.7274546012945801,0.7271376056316767,0.9991648708271026,1
0.6847228607020954,0.6459316799160651,0.9986780271179357,1
0.6411228503167548,0.7501778386786223,0.9986068976385231,1
0.6317887878246413,0.6053985686364218,0.012797576857089814,0
0.5679279666178313,0.5028334724154423,0.008572884644716132,0
0.6998833214509625,0.6341442484555764,0.00825540518994797,0
0.6959094594308304,0.6817971172852149,0.9806382134351906,1
0.6330109673694779,0.6835596614080051,0.9934613998919567,1
0.7030289039400802,0.7812629542515073,0.9999295860652151,1
0.5599441592208327,0.43145946523912426,0.673804781317496,0
0.6909139302403527,0.6820116097764795,0.9764985156738623,1
0.6334589872986425,0.6815876662364418,0.9925798486625239,1
0.658376606591454,0.7366406389572308,0.8607211089040707,1
0.6909139302403527,0.6820116097764795,0.9764985156738623,1
0.6168365332871985,0.6599567015825953,0.9651515877660587,1
0.6344328171373238,0.728762594460095,0.9987664642653541,1
0.6684633596043287,0.6553889732705334,0.014069504721162395,0
0.6220370285676626,0.5608890529242843,0.003918727391147894,0
0.74326767916248,0.6970962033821358,0.01679250690441576,0
0.6835052470264178,0.6743985119644743,0.9994673677405742,1
0.6492805112445938,0.6710796001852659,0.998717778616459,1
0.6058110202809173,0.6718990876717701,0.9177349531078166,1
0.6873383575035591,0.6885096571600607,0.019305062338320265,0
0.6207283985549032,0.5704871190075927,0.008514054217820831,0
0.74326767916248,0.6970962033821358,0.01679250690441576,0
0.6386152486119652,0.6581206078656889,0.013689686449572316,0
0.6342188958017594,0.5313988486951708,0.005226253851711941,0
0.6297313268516679,0.5621767653801898,0.0013760186894963553,0
0.7131024193967074,0.5450102232417859,0.18114130298924488,0
0.597673000888811,0.3647367286192521,0.07213366462094702,0
0.6440401336471386,0.38344603750710027,0.005525581157156369,0
0.7087098715541574,0.5589679846744504,0.9814550558188976,1
0.6364831978075343,0.5095706473389613,0.9442183608205502,1
0.6308707663149095,0.44354286255256603,0.9982950643271729,1
0.4605106268405333,0.18166547090445273,0.44053152964264797,0
0.42874127127627487,0.47503404011913414,0.0028507159949685665,0
0.5086166494647264,0.33564046645100437,0.21497637938842856,0
0.5082601235371039,0.23891466395214633,0.000823315361902204,0
0.47339883558413665,0.3001055955840432,0.00667380125745989,0
0.567326345782221,0.20778685589487786,0.8265060167886324,0
0.3740401549243021,0.11507292634694914,0.0008090266765610543,0
0.2843560747577812,0.22472123674978597,0.11614280113334058,0
0.41201583118307694,0.41274089933130775,4.715923063146944e-06,0
0.49511806255657576,0.09013537301694625,0.7777352046610773,0
0.20697561840296566,0.2260521329349973,0.03743565390870743,0
0.5122281826096002,0.31915280519844613,8.434563752055432e-06,0
0.3426067384631871,0.3328570511381274,0.0003463900966564461,0
0.3647035908690089,0.19020823742259887,1.4245160881027163e-07,0
0.4119500114227789,0.5636101904612842,1.1410474168369548e-06,0
0.3393880825768988,0.3056339169603367,6.386913587071995e-07,0
0.46158636523916896,0.7377694439477364,0.9932694324681365,1
0.4023422187879451,0.35843518393490914,0.9821868081931562,1
0.45962196420821677,0.4918080336460908,0.0028909660088880565,1
0.4462686932110767,0.3495425181694497,0.22592364104624213,1
0.37099335932374666,0.2339410684197946,0.777811226026486,0
0.5132229823788557,0.2893207165401163,0.9966409173992787,1
0.4191917527440501,0.1601256121564887,0.4556961001386973,1
0.4582473562570658,0.08702420899580073,2.094314877467602e-06,0
0.48202755194753566,0.6868092431289318,0.5263096701054225,1
0.5213632303419133,0.6452837580060643,0.9987790178144845,1
0.4537661038008614,0.09302215996095654,3.836208072848668e-05,0
0.4342434925641374,0.627024089356771,0.5320578091922665,1
0.49856800569893683,0.5767203840001756,0.9976213141122631,1
0.5328133620023952,0.4991934040173784,0.0024978072009284973,0
0.34432210478672864,0.2694652360712418,0.009047470445737341,0
0.46158636523916896,0.7377694439477364,0.9932694324681365,1
0.46210120984434255,0.49272381663385323,0.9955683327515309,1
0.4976408205303072,0.7727559467966887,0.9969802342001743,1
0.4023422187879451,0.35843518393490914,0.9821868081931562,1
0.4218247314569541,0.7164742893284615,0.9952934362436368,1
0.43891917434721645,0.45512348956336446,0.997660059745199,1
0.39227320364642826,0.2355718558692875,0.10436246237097956,0
0.4886039416399195,0.46287065625096535,0.06115639964516575,0
0.5453747239013071,0.6815484645020715,0.7027900179293652,1
0.45987569280731067,0.5710189956510924,0.9999954733227285,1
0.5063543343579732,0.4560812666767159,0.0006363500650831895,0
0.44273178415478404,0.4174216382368867,0.009338358904815262,0
0.5257319175839886,0.4989365352816332,0.00022585426419816207,0
0.39192511846100814,0.27255827615379713,0.0033473600798576155,0
0.5314211085237354,0.24707840062892494,0.003691999162350914,0
0.4236869456627103,0.13819332095489567,0.017448869814798547,0
0.3661494918282287,0.1375619730102078,9.124833476571727e-06,0
0.47197036999243375,0.4134392812187774,0.9960137231469873,1
0.40996676287698375,0.1384268022454178,0.15854988266158057,1
0.5074143023076527,0.7136195529222131,0.9998121515427724,1
0.494076415489752,0.7452198344452075,0.9813110856831667,1
0.43632044109102663,0.517162691844943,0.6234274497133505,1
0.4014582527135679,0.34225364144729964,0.8467923508822431,0
0.40889527407804765,0.6521158385214273,0.9826088643968375,1
0.40889527407804765,0.6521158385214273,0.9826088643968375,1
0.43721608289573793,0.5291367655658368,0.0038943665238177446,0
0.6187237625034463,0.5307996946385095,0.9552079255469509,1
0.3605209246493779,0.48066549548656234,0.007871558913271794,0
0.4903907565045173,0.5652729492044924,0.9999011503549594,1
0.49780324392923475,0.6950684120543613,0.9992083514802715,1
0.4283560442232023,0.5698197428199551,0.01598153156203193,0
0.46548725593361984,0.6683580231348903,0.9697867776262782,1
0.41187539286996616,0.7363477058935011,0.35554106979082595,0
0.4158508779710784,0.5661258986932585,0.015785122586653655,0
0.3035376299930681,0.3111090149269155,0.005779450370221274,0
0.25112570540332896,0.08649668236987641,0.9996657072050171,0
0.3946830197370978,0.3941843897058422,0.9987462707763722,1
0.591914216312455,0.7063479789527585,0.989715039250099,1
0.5664427863415571,0.6663617715001664,0.2294039306264139,1
0.5635767087267125,0.7043158529249754,0.9742367840185994,1
0.6013864709013524,0.6801484116661367,0.10793624668433621,1
0.5762930372759263,0.42465920543283303,0.998756472931158,1
0.5300363677536336,0.45155351166383717,0.07201302107421617,1
0.34637250566250866,0.11483386305755049,2.0830505525936277e-08,0
0.5021050125009517,0.2786514005997042,0.014749046654641681,0
0.5644741104617464,0.6869029780337967,0.9991492797698774,1
0.5272312662198537,0.6111231431311969,0.9759376985220729,1
0.5971606356946075,0.6984013722217395,0.9974536836633019,1
0.5709268819920191,0.6900776764794546,0.9509424435719332,1
0.4868165665668217,0.553283823430592,1.2848059447096986e-07,0
0.5972192423661773,0.5564471162057397,0.054579427350131465,0
0.571933298976326,0.751951985785933,0.923379835861061,0
0.5822271471285605,0.7157916769217015,0.9994899637638592,1
0.5737192422796312,0.6645616426537259,0.9970493536604643,1
0.5746152276200365,0.6865453353316187,0.999798438899001,1
0.5256023492246362,0.5891745403914728,0.8948314358077125,1
0.5867705470708471,0.7477727755383586,0.9766457261464129,1
0.606782004991906,0.71355621407167,0.9723819076090564,1
0.5660624878217475,0.4512958601665456,0.032096145049149774,0
0.5612110254131423,0.6894375206123652,0.4134758733320122,0
0.5396944909805944,0.582685659919317,0.0005157232654120253,1
0.5493402219541634,0.4552997794716403,0.664679488268947,1
0.6314256176294926,0.5759560796183624,3.7572131755182603e-06,0
0.6084944529085375,0.691714595985973,0.0003327527085998813,0
0.5567890335256307,0.5345909907488142,0.3141168730848737,0
0.5402567522726192,0.6981014663715357,0.6936844347692881,0
0.5071545838782737,0.32703164311908023,0.03830974647822949,0
0.5570759824255086,0.5179565625623963,0.9304554842750685,0
0.4737236520513774,0.257444020716462,5.64276635848193e-05,0
0.529032770522805,0.4174042288766284,0.9088927070972257,1
0.5806468139303397,0.4444469904773884,0.974714131953141,1
0.3973534074978147,0.4568435560297521,3.310478418964085e-08,0
0.43278922978322204,0.1971936626897733,1.5087392585150852e-05,0
0.47030406777528744,0.2915626653760853,0.0005204387943958035,0
0.42269634978272785,0.10467640927239741,0.8767126904442363,0
0.4018177381493474,0.26567326797108465,0.998291265860797,0
0.5403516200900843,0.25478278524966713,0.8510462319677651,0
0.2473821571595126,0.23669958789997236,1.2885216393016976e-10,0
0.17793571221198679,0.2092016632216582,4.45141121717553e-07,0
0.27380707435333845,0.38264893940984784,0.08289329832417622,0
0.203599149719377,0.8405714600820824,0.31500950737109423,0
0.20542830847761387,0.6907378285551456,0.08711862535186572,0
0.7097566296341674,0.802877086427507,0.0027834958580137226,0
0.4199214483434713,0.381345401058,0.9828899346734669,0
0.35828150493306626,0.48945493386318695,0.0013695150555254108,0
0.5063272150501298,0.21476597871636538,0.9994822042318102,0
0.4920228729861955,0.5498347891394365,0.06457480622648559,0
0.6476358075532158,0.32964484514695386,0.9999571889355535,1
0.7606105232585573,0.33876537465039175,0.672908595396024,1
0.6901356538330882,0.2994399417394429,0.9997388723089641,1
0.6010149458555607,0.3173634184065452,2.36452253923249e-05,1
0.5799559247936288,0.10042600407702937,0.9999707335992469,0
0.768529040085488,0.5062117902198195,1.0985720742456056e-07,0
0.5604779570955206,0.5753908525001532,0.005690362497520709,0
0.7970378488317996,0.7263580212334118,0.030808299579309795,0
0.7217716358729683,0.45697388446755743,0.0010967488811506217,0
0.6975141736174841,0.7559494022273495,0.9819395034725399,0
0.709283978300888,0.6810385604282242,0.4151226216616826,1
0.7231768596824513,0.7043150039137832,0.9467141773970534,1
0.642923234674477,0.4625127306839295,0.00029260816253868794,1
0.6487820989001585,0.5653057849811591,2.5287070878392386e-05,1
0.6107530424536106,0.6486448590175156,0.001983411040172257,0
0.7990118805597519,0.6441478912551262,0.03449144887731728,0
0.7521113868850019,0.4413805085778173,0.01092369041547748,0
0.6975141736174841,0.7559494022273495,0.9819395034725399,0
0.565162795888769,0.4657767288585903,0.006313387278221516,0
0.7770155971272672,0.3572401782740731,0.6491626595611847,0
0.7108649753693798,0.17072153251567931,0.9908964879970374,0
0.6218946228861953,0.5350983778534225,0.4871908168065246,0
0.6482021262541541,0.3952557047014589,0.9986216189396249,1
0.7152829350474956,0.4766298260226866,0.3235428664268357,1
0.5876861055103693,0.17771682462260932,0.682514063964552,1
0.6002307825669219,0.28933778052347026,0.00024249121345386337,1
0.4759682208231884,0.7499370797846237,0.9986648113700755,1
0.5161920005621088,0.5782521988659032,0.6852416633350586,1
0.46324926514441594,0.7038330203618992,0.9558157491162411,1
0.4559816093286136,0.3915165701028663,0.9993836001711865,1
0.5203043819517679,0.6247638812079591,0.9936553418333086,1
0.4572707375386762,0.44974067671628104,0.6043380809691985,1
0.2727045226404843,0.45059971892311107,0.0016647344725501446,0
0.5190631641213136,0.7890984655320185,0.5796265227982442,1
0.4760645238606734,0.6983864222340154,0.881702019954456,1
0.5033024400280613,0.789440425821045,0.999328122090494,1
0.4566213733036866,0.7712010455720828,0.9908870860097685,1
0.4227037869638903,0.6811627549672358,0.16691939093214694,0
0.43290462102851773,0.4996479484744405,0.001666956895156511,0
0.39655074957527847,0.5511560837778582,0.004641316532016457,0
0.2952965540522286,0.7734183741084448,0.0004721781823888663,0
0.4980471448365114,0.2636526726320084,0.972940056299648,1
0.4898705079314029,0.4743503825351196,0.999997873016054,1
0.4942483009745192,0.1798813028744405,0.0013521499485566737,0
0.48224474945936313,0.7238352230730057,0.9988419037868912,1
0.5329508046941206,0.5794005289967127,0.9992898509054214,1
0.40488203870019074,0.6929222992332446,0.0030681493913062227,0
0.43822453194366034,0.4674882120555501,0.025637837177409136,0
0.16788339934265498,0.609996636180877,0.9964347711181804,0
0.41889877767309136,0.5137936134237976,0.011309235249768438,0
0.4305258033243195,0.3329946826219986,0.05176926990201979,0
0.5141568207994003,0.5952589062959687,0.9992479422340015,1
0.5037754804919298,0.29923275731445637,0.9930048459919258,1
0.4701675629653476,0.6975484572184288,0.996467473750738,1
0.47260115897140725,0.5286358853849717,0.9954893453327258,1
0.3684794212971255,0.25122845090145673,0.3373532090095112,0
0.3192749485506942,0.4479946574273186,0.9554250229390926,1
0.43687579606824256,0.3182863072345267,0.9039217580813345,1
0.4699895208578475,0.7497564404201708,0.9997154290738186,1
0.496196684550961,0.6175551292423711,0.9999654313244867,1
0.33709839847012396,0.6345688371997535,0.9753563267853413,1
0.4451382502126045,0.5666547874367635,0.9997701145478451,1
0.46495094512781804,0.36618275234688136,0.03283103454055528,0
0.4699895208578475,0.7497564404201708,0.9997154290738186,1
0.5746315227172492,0.5739970465079315,0.9989595809640192,1
0.3346676393913329,0.5427575736248597,0.9921227910365756,0
0.4725449669419544,0.4586792356514986,0.978039265463587,0
0.4590650176835571,0.47543633371257615,0.9892819256386084,1
0.46127650841449713,0.3232443395585618,0.9978930139897308,1
0.35782182505365623,0.2516744967920031,2.379757404342365e-09,0
0.3886449805233769,0.07324365149956305,6.217008627854755e-05,0
0.31619907950744947,0.25581336193184695,0.019135396076895954,0
0.3792773039363176,0.22110476810889396,0.002847886340439187,0
0.28095791880372606,0.5934501645222714,0.006979442531251807,0
0.2629513416894739,0.535291781208336,0.9993366794833294,0
0.3612706199484249,0.20166363863080575,1.4470126409359546e-12,0
0.30936436852888066,0.20667905533368047,0.27816735936720965,0
0.3075335841814734,0.39032087699725077,0.017954270319920713,0
0.1559519830781972,0.25177179832575847,3.6270930259753813e-07,0
0.5587471945065645,0.5272510510688946,0.9994851533528224,1
0.6360611937868973,0.6815600707197284,0.9881229581294135,1
0.4576965587006969,0.5828263402164331,0.9999847984673763,1
0.5792936555240817,0.6117730449322931,0.9970813315830311,1
0.6094052577640492,0.6372306455199042,0.9999827854661839,1
0.4090602141746465,0.3325385434846378,0.7545562134627339,1
0.5762306346444807,0.5041306824688397,0.9795081668395279,1
0.5056821526640941,0.37509772725158996,0.7243069566687305,1
0.5021375487178366,0.4776463364775693,0.9769461362633748,1
0.39079449318877274,0.3294381584140708,6.874468395635838e-06,0
0.43847531186734184,0.42796476725834937,4.296552707083733e-05,0
0.6211126199908829,0.6367019013686488,0.9957985937107551,1
0.53962054984685,0.5997577440189514,0.9998027281752424,1
0.5183425300738845,0.3211935362531012,0.9999999952988927,1
0.6211126199908829,0.6367019013686488,0.9957985937107551,1
0.530531724778161,0.5381384627788856,0.9986241518997646,1
0.5062749188577497,0.6709324099781864,0.9999575255438425,1
0.5427839559931454,0.5081076622298217,0.011477641522290015,0
0.6238848314327321,0.6632984477244558,0.04143365228762082,0
0.5498638190785111,0.56751936824946,0.0021511548053688542,0
0.5587471945065645,0.5272510510688946,0.9994851533528224,1
0.6398260426180451,0.6900681191022682,0.9874070267659221,1
0.516119855060041,0.5759633845722546,0.9999844408969341,1
0.46196508955561266,0.3712942653408598,9.644490594124327e-15,0
0.5476497032483814,0.34325491880685177,5.090469615405582e-09,0
0.58788361331012,0.5946159100319471,0.9994701751830031,1
0.5564511572383694,0.5782700471916484,0.9824723166219821,1
0.5937877989509672,0.7003993234298599,0.999921364615009,1
0.58788361331012,0.5946159100319471,0.9994701751830031,1
0.5564511572383694,0.5782700471916484,0.9824723166219821,1
0.5146047179566977,0.5746418902012768,0.9977020105634998,1
0.5427839559931454,0.5081076622298217,0.011477641522290015,0
0.6238848314327321,0.6632984477244558,0.04143365228762082,0
0.45851307874922487,0.38914414234135014,3.6321361575080896e-07,0
0.5792936555240817,0.6117730449322931,0.9970813315830311,1
0.6301417272478844,0.6603159243505857,0.9990506162001133,1
0.49322750905150287,0.6181134396441961,0.9999722474612145,1
0.5479691836597752,0.558436920826912,0.008667313167840992,0
0.6074507047881086,0.6407979472822953,0.010619096989854039,0
0.5051503820731643,0.5391397302251225,0.0035393368214527224,0
0.45425487172040535,0.44508711616927954,0.010177376928804925,0
0.6238848314327321,0.6632984477244558,0.04143365228762082,0
0.5124159468116296,0.5733447421383876,0.005652992726951375,0
0.5550623625821633,0.4115037130457575,0.0006190008974837907,0
0.5114168383488533,0.48324650698412175,0.994763451471677,0
0.5120817587212503,0.4101883057460663,0.00011113001277403566,0
0.529113321125657,0.5803652846753777,0.09080733925884636,0
0.5612677512419483,0.42645363123921487,0.9795961483663312,1
0.5994847449217894,0.5265165197675223,0.06137253683188852,1
0.5369558928130878,0.49597517042424805,0.7845739720869774,1
0.42348756179426744,0.7381296490785639,0.7959510242723447,1
0.3116130667029993,0.5041609031509162,7.978895641753882e-12,1
0.36758261188997254,0.5119526489705692,0.00039070183807550924,0
0.3559311237624054,0.5176665166128653,0.99687982259859,1
0.38727442692139286,0.5750399596614214,0.9998031464799987,0
0.3072645134720492,0.5100098207394642,0.9989385877388507,1
0.5007831739301875,0.5676613294618591,0.7789800835055971,0
0.33794436902366887,0.6617756566055922,0.9981397688934948,1
0.4750780757877825,0.6107230297753082,6.963754999414359e-06,0
0.31202846100788495,0.6932952721574948,0.9320715592308488,1
0.4978408172647081,0.8611846988660466,0.9999132068660607,1
0.32690650011133193,0.6223265105979262,0.15948547266088517,1
0.346593537585339,0.23834261035636342,2.7958915888027223e-05,0
0.4631443960835261,0.470335606528531,0.8506515903926677,1
0.39283111048632274,0.7313732690774905,0.9999738325042173,0
0.37514159270636527,0.7000054682988971,0.9974475207045786,0
0.33726324822706516,0.5565293840613662,0.999992752057028,0
0.2917246639963495,0.3993401068780243,0.020919964581156344,0
0.30193424741196545,0.5169037449272316,0.7669802103759821,1
0.3639677381463479,0.24668631743424596,0.0013231419604558025,0
0.32771331505296475,0.1026547500719554,0.9494100225847832,0
0.46239010720643503,0.5742065428630753,6.122107568199469e-06,0
0.3962539417083009,0.025194890025629062,0.006701410034870118,0
0.3666380231329571,0.7264865538515453,0.2726586395450356,0
0.29156851763498054,0.33042589443022263,3.352958517453671e-06,0
0.41227796200823796,0.37189012799897286,1.3557559658690553e-12,0
0.3790611459870756,0.4285881584197691,0.9979052160976167,0
0.3734416789570446,0.6016852986033275,0.8348004098588635,0
0.5316603063056654,0.44026765228675824,8.015768134824704e-06,0
0.34522773096391307,0.3855636421897483,0.4516762523114129,0
0.3688353006994579,0.3409795171161087,0.9999999973468883,0
0.4236231746319698,0.47283020303920276,0.1381110945623437,0
0.45368298290616915,0.24760485720833977,9.700057725371121e-05,0
0.19500797262440553,0.30881455549423686,0.8024234278670748,0
0.5050307170667583,0.40979742819302606,0.00011436409093333583,0
0.4419966610269117,0.1107773634917089,8.848086011826335e-05,0
0.42716163581097155,0.14831548281093454,0.08179592392908976,0
0.40447711449828816,0.31290403538847933,0.0003872041067340342,0
0.2795890555965436,0.3681602301365989,1.8516289815275254e-05,0
0.3963649410331627,0.306457480253566,2.64663590444365e-06,0
0.29800939822287215,0.4422267606288322,2.416130853334448e-06,0
0.4485446021510781,0.2207189684287848,0.9971492358785594,0
0.37035028764955275,0.15328764049367688,0.08861184941069997,0
0.4186008544542496,0.17630130723342244,4.335308898233624e-11,0
0.42659183881499135,0.5249257856283162,4.309932371811659e-05,0
0.39784056320958505,0.21428915552482583,0.00010819911945354167,0
0.49766232922608006,0.10290097271974856,0.00011264215213710613,0
0.6473724212722796,0.13312277347714085,6.8570925854311925e-09,0
0.40169947275369844,0.6065190366104104,5.593484482621193e-11,0
0.3922066312958944,0.29773689878789306,1.6485765509663707e-05,0
0.6386366263289845,0.6762010809928304,0.9997216111231675,1
0.5468363878330842,0.8035871298469413,0.9977045073173755,1
0.5389120312230855,0.7493338032626646,0.998106136404939,1
0.6192957798655617,0.6709859535004834,0.9924643742612522,1
0.5651476595810319,0.7544989218290559,0.9955233314969395,1
0.5068285343642409,0.7089022883152528,0.9968680702068705,1
0.4684180385533438,0.2745582560850502,9.721893401530197e-05,0
0.6287363870507144,0.41383857719042927,0.9774066697661982,1
0.5583436217858573,0.5393296225051327,0.9883193277324951,1
0.5208027033897358,0.4815845805735834,0.987414690046397,1
0.43439956297872934,0.38706742560428514,5.835820972281157e-07,0
0.6338474351526225,0.7455233262405675,0.9956175679481213,1
0.5487478470329942,0.6911689447288368,0.983610025015488,1
0.5590060191138638,0.7763548788848829,0.9993875558916656,1
0.4074076772251902,0.5497860057637204,1.1861382012524285e-07,0
0.6078568988841302,0.6728048756945503,0.9934160589253157,1
0.5487478470329942,0.6911689447288368,0.983610025015488,1
0.5068285343642409,0.7089022883152528,0.9968680702068705,1
0.5912040669562759,0.5635098396307404,0.10581054476973847,0
0.5567656329212257,0.6381150296462639,0.14697171172103096,0
0.4682231955033045,0.5072979307349124,0.0020760180844108995,0
0.637439954700831,0.6134027640479424,0.9988372053211569,1
0.5643148642683172,0.8026647668131873,0.9964725640806367,1
0.5156273320708348,0.7468781394477106,0.9956904059058362,1
0.6481668734303819,0.6598801616134998,0.9982286955557904,1
0.6127660053309053,0.8572511942648483,0.9991997019586616,1
0.5798393960939635,0.7728538002806871,0.9980609070986671,1
0.637439954700831,0.6134027640479424,0.9988372053211569,1
0.5643148642683172,0.8026647668131873,0.9964725640806367,1
0.5389120312230855,0.7493338032626646,0.998106136404939,1
0.5122703765019269,0.23752285011965213,6.662967877056291e-05,0
0.460088270758084,0.33351994982155536,0.00032324510433599384,0
0.4596361455523646,0.2499459472079682,3.030924794207235e-06,0
0.6192957798655617,0.6709859535004834,0.9924643742612522,1
0.5487478470329942,0.6911689447288368,0.983610025015488,1
0.5068285343642409,0.7089022883152528,0.9968680702068705,1
0.6257283287361038,0.4593952551809641,0.03534138084226751,0
0.6041853120620381,0.3785934754056654,0.0024130557284409424,0
0.5350920237699185,0.46978606921878524,0.014957473953576475,0
0.6517195494507736,0.35405811867300446,1.7492309931981244e-06,0
0.6005840897538736,0.3817427980949258,2.6299897825433075e-06,0
0.521872046921053,0.23156478153636534,0.028739200904627248,0
0.5421900432944343,0.33736236480339815,0.001998027741578893,0
0.5766611570613461,0.3141225137352225,0.05372619717278793,0
0.47702096040752007,0.2893188917648256,0.002264445424401778,0
0.45074041182320174,0.2374431730373941,7.360071235346322e-05,0
0.610429844999263,0.38933282242094136,0.9996316469504418,1
0.5313622053655738,0.6235636761644374,0.9750058659941564,1
0.5035489515473002,0.4917498198651493,0.9514571653929982,1
0.4687517428522098,0.30643528199182285,1.1409039933965816e-05,0
0.23516789643818464,0.19547098364066598,0.0815740524044676,0
0.5044273773640682,0.6388403173318202,4.307995606221352e-07,0
0.38821659503861305,0.032405029575125956,0.2642832103805317,0
0.3587207979136925,0.18127803301527384,0.008482011263987965,0
0.42555862802420097,0.3082805684005465,0.8682427463333273,0
0.28022623989941137,0.20247119191108612,1.3846732406623848e-05,0
0.42195921130807856,0.5063580270999859,0.00017226205109303788,0
0.195858559455317,0.3848699284531898,1.694546107072756e-08,0
0.2512687666310449,0.3273200886305757,0.002017998923843188,0
0.4247752128925425,0.6025366377338559,0.9996407262281627,0
0.672177578902704,0.6292113134902498,0.9998825257058922,1
0.6406383787857287,0.7373006286452121,0.9940166752297617,1
0.6454592069831283,0.7704765126990788,0.9987365477262754,1
0.5385353787459177,0.8063076174244571,0.05483015690995577,1
0.5811114143825347,0.8395938716698955,0.10200278247484308,1
0.5807099226907407,0.7821990824591271,0.20144208102837047,1
0.628711482898973,0.4635046649160074,0.6828894017138178,1
0.590719653792031,0.5361676779099754,0.9246582382306807,1
0.6665261210487192,0.43225668448529786,0.9992860408083215,1
0.475706866636204,0.28813212734705346,0.0025307373032072028,0
0.4935618143662806,0.7058369997646143,0.030925377518368442,1
0.6217994183453641,0.9031830829379304,0.13711580034026327,1
0.5172615420872256,0.8463119188906931,0.0003361583557997691,1
0.6523914609742768,0.724136121858122,0.9999655307345842,1
0.6086014122426111,0.8741915730799306,0.9239003056038062,1
0.6278767613844376,0.7002169524156407,0.9768859127996344,1
0.6183278661669578,0.5390552762524736,0.28637412362318226,0
0.5652378850477883,0.7832063041444999,0.05970218171898886,0
0.569210898750169,0.5800307778258605,0.0019074920297707072,0
0.53520325424443,0.4179952451041331,0.06985631490003252,0
0.6776005706958669,0.6829201296013333,0.9996835469199609,1
0.6461387621941763,0.7893443843113659,0.9962919945655109,1
0.6454318543033895,0.7501217192769714,0.9974362808996323,1
0.38491920046347516,0.23717015493720292,0.025969234468951247,0
0.672177578902704,0.6292113134902498,0.9998825257058922,1
0.5379021240022037,0.8017320724847907,0.997513787488848,1
0.6064834491242898,0.7263020213052913,0.983919272798374,1
0.39379741234426546,0.24879949943927532,3.3952212886680265e-05,0
0.6796367356516334,0.6525304165866216,0.9997504682482784,1
0.6435145042765785,0.7832243755593913,0.9965475981810051,1
0.6234087489210764,0.7201727968687872,0.9948344615396862,1
0.4142772851614952,0.032991743762930605,0.006392716625098766,0
0.4899181652967109,0.08552258155284696,0.8413645605706874,0
0.46336335063524164,0.01761531654919235,0.001364528700372055,0
0.510649919379084,0.5205453149672418,0.9238498712179996,1
0.5580572536726176,0.7132990624318483,0.1082979274874977,1
0.5357685358121763,0.576250281059476,0.0001559842297379022,1
0.4201849077233871,0.5145233302824487,0.038333369175480955,0
0.5542828149347037,0.7518306059232546,0.978010083057312,0
0.3348411477504302,0.5299009334918616,0.0018072526327623044,0
0.4841918290403796,0.6928562780690469,0.0004907568168108866,0
0.5249322322896627,0.4739981072340091,0.06567426548428265,0
0.45732019359211207,0.46536119649579943,3.770993657413086e-06,0
0.5504873914728294,0.1402051801690482,0.0009896623409377738,0
0.6256828281243866,0.40557551528952607,0.0010104854137186398,0
0.49433576755817454,0.47018491205863233,0.036606361027999086,0
0.6197116037598879,0.28555902038819286,0.9498027311611745,0
0.6368342402849423,0.38274582093017734,0.8967360403914573,1
0.6468296744770616,0.49707267766992097,0.992391457100545,1
0.6534683754663474,0.3787746799903519,0.963711466363938,1
0.4611019821818058,0.6714690747283799,0.9999894478480854,1
0.48510925104784286,0.867376165229627,0.009532588950326801,1
0.49273207515150924,0.41876975803085037,0.8726250058319958,0
0.4030044165737152,0.7823658731005524,0.9997106293573448,1
0.4718371154928222,0.7386030907523469,0.9999959603001843,1
0.35776835628454046,0.600447773375711,0.99885307255898,0
0.35267295329022075,0.42742490035920766,0.0012842630351779143,0
0.5351091090036849,0.7437745657621314,0.9968237641062986,1
0.4340648638253418,0.2786324945239125,4.666916637643873e-07,0
0.39023735681005445,0.7303714434327827,0.9996683834138533,1
0.4567301479260114,0.7450672640243673,0.00041767595271119726,0
0.5762326732111255,0.7105722426495421,2.196922942075722e-06,0
0.45502214875506664,0.7608065338989193,0.9998983348601054,0
0.27801977882266665,0.5481773680601114,8.67752658773809e-05,0
0.3327281693116669,0.3908284117337472,2.289551562413001e-08,0
0.3413261770438935,0.7303180162166089,0.7165185488001811,0
0.3321029962511757,0.42052686295993574,0.4923649750174334,0
0.3345121931188674,0.6598276713967037,0.9338820811769822,0
0.4298440667988438,0.6958416082578178,0.03406068454465158,0
0.2967589648085365,0.5690653535703332,0.0014530677461894604,0
0.1564718919244921,0.8351262780387548,0.0016830551693707905,0
0.15910402351875325,0.5688807511310785,8.126305183226988e-05,0
0.2772761104717066,0.8028733757177415,1.152652420579473e-06,0
0.3169519987716957,0.6653334797736842,0.0021983908107310888,0
0.5993515189260469,0.7387311310438983,0.9983067891002138,1
0.6114331300410921,0.07912862990419499,6.913147902612913e-07,0
0.5309317723229259,0.6238591513498749,0.0006394016873341863,1
0.5928314199167324,0.3782695001348503,0.018166232791606993,1
0.5850037526640429,0.11040635040720244,0.0007659739614131369,0
0.6294350067115412,0.7598135184733412,0.9992342364417003,1
0.5757406766602818,0.6568084741638026,0.3351975720319744,1
0.6301301732761054,0.6284564129698845,0.0006094809223370501,0
0.5678848300024296,0.731578855313718,0.9962731132761508,1
0.5958143294166839,0.09469740901292782,0.08634603287738081,0
0.5520754745359114,0.6622200600248556,0.9917120110237612,1
0.44721234479874655,0.021246916839420846,0.0853505425689241,0
0.6045914495171066,0.7742620972764735,0.9967964352348566,1
0.6329380016718321,0.5796519513486733,0.7582226426699858,0
0.6178080823692723,0.6958032827414966,0.9977206047677231,1
0.621556560514555,0.6329044308799678,0.7544595752391589,0
0.6525042752934899,0.6475939233838923,0.35547255024667485,0
0.6532779521378884,0.49084895429013686,0.0031321073519660946,0
0.6229364656890733,0.12042281668636806,6.925770846203105e-06,0
0.5974132597482623,0.5397478570511832,0.17869847119489884,1
0.41112526095466745,0.196286612113436,0.0012903920924852118,0
0.6336848896679456,0.5424025470924074,0.0011548333178561338,0
0.5363649379330082,0.6134415140398145,1.642126305993897e-08,0
0.5521644185500321,0.21117292783573258,2.0547187459653294e-05,0
0.35474378122778777,0.1703493335784946,4.224560609080519e-06,0
0.2112433346125736,0.4066431970857711,5.604368846975713e-06,0
0.2209624061631212,0.19402459537233013,0.12383976602151403,0
0.3318168790977345,0.12580793864624013,3.538751476533627e-12,0
0.4488523919893325,0.46697796416530546,4.779242989253376e-08,0
0.34027836978898535,0.5293617655709448,2.6386150849484167e-05,0
0.5558297473533559,0.08530086691863861,1.5252152445692469e-06,0
0.4793804995934758,0.32778128717238125,0.017453911383762125,0
0.606618063469237,0.494271351150851,0.04593735777936531,0
0.272499548905981,0.03184857785541773,0.8907919266233288,0
0.23210934167392427,0.4055843659826318,0.0022601302079406286,0
0.43115982434684225,0.21107371686317003,2.773122085767249e-06,0
0.5700826078592267,0.07187712574684527,0.0024001989351941566,0
0.21383385461595592,0.08302216865124967,0.002098645423826224,0
0.2619416814249654,0.1292018521337886,0.6398519256523514,0
0.3737365710364965,0.017458292384319757,1.2520278452633908e-05,0
0.343454208184163,0.012349187518820387,6.897847159208605e-09,0
0.37075718739259844,0.04590038523199387,2.770190099329944e-10,0
0.21406459981982567,0.1098352626848494,0.0020798604448425658,0
0.24017885363274952,0.09673628113831745,4.968969256942543e-09,0
0.2771941080574849,0.11703955351084461,1.724465562900125e-15,0
0.26083692142679477,0.1269337526106394,2.57137244280214e-09,0
0.3021913313600771,0.4142911573402438,3.475553063152247e-14,0
0.25310439429306686,0.05374438079079129,7.192564466550556e-13,0
0.5034554595895415,0.04022478810303723,7.932492018400461e-07,0
0.39046974429099374,0.046235477934189084,2.639691131898842e-07,0
0.3708811388626031,0.031074232689727962,7.812521363545041e-06,0
0.3993640965789031,0.18342197292329204,0.00024096624930323583,0
0.4496711003535176,0.24130114302019992,0.9999937166062427,0
0.43236707997406737,0.2056635374415779,0.004971513829296096,0
0.36770587279612,0.21696994409860784,5.074438379653881e-06,0
0.49106774407805165,0.26487725269414086,0.02514358801470157,0
0.3656647247628714,0.42892980204077263,0.002380799071956141,0
0.2685281715892774,0.20571856610312217,7.355762094229337e-05,0
0.43403809966257073,0.1949502712614754,0.0036949958659151425,0
0.2671595485076847,0.28533369758016697,0.010870394946953505,0
0.33227953926848014,0.26646007397679766,6.245183996173015e-08,0
0.2830457937271706,0.190413550832144,0.00027014696376711714,0
0.43620100281964685,0.2665756290552327,0.0009130356064051196,0
0.22513253837795427,0.5123562007294754,0.001963768254044564,1
0.16176282681652734,0.07047017214455156,6.567790817266527e-05,1
0.3843576261221143,0.48348191807303065,0.9999160026269874,1
0.5002000486087785,0.25103320738626544,1.9605669756189697e-05,0
0.38195269935679405,0.5885305047984685,0.9880481863526345,1
0.29264235150508877,0.8637436052882916,0.11203752210470404,1
0.2975896650133747,0.539107317742562,0.004106360742076789,0
0.48098674813337033,0.12051216545449618,0.0003573179457846702,0
0.44769086862846974,0.6983676972879329,0.9982452905693566,1
0.441948791603997,0.729039740522817,0.3105618310631005,0
0.4714901356556884,0.6308797362965693,0.9999195295246267,1
0.4007996992851014,0.17552540148522358,1.7631710171318037e-06,0
0.28208234079842937,0.2032579880468665,0.021809631492583744,1
0.22270667456342216,0.4712141855275355,0.0007643170693082943,0
0.4054445866008121,0.5910290288617017,0.9999593416275299,1
0.2401393600525969,0.5229483060980047,0.003947329012759024,0
0.3251242969811081,0.45922059767708034,0.018509485938952918,0
0.3592343314218001,0.16816008195515517,0.000303907964255437,0
0.3721138900307173,0.3469160718953196,0.001060861608567114,0
0.32196338478367137,0.4334021328415994,0.9951814206346112,1
0.34415210562415993,0.45817307387630674,0.9989467881510334,1
0.5895293499242598,0.6921142035440668,0.23583325503053817,1
0.3188804782308353,0.22925160908083703,0.0027829969215822465,0
0.4087312273066037,0.31704776860293216,0.8921927315558689,1
0.39067620880309983,0.1275627142726028,0.18553549201846514,1
0.5585724304350673,0.8083665442969137,0.003252628862318279,1
0.6234400813176026,0.5643283612756941,0.994703588741482,1
0.27844562623258345,0.26855502251301605,0.023711613498046676,0
0.3318174165349719,0.5614274615900879,0.998399408442449,1
0.5687915040493804,0.6748371953832067,0.9938311010653182,1
0.34415210562415993,0.45817307387630674,0.9989467881510334,1
0.5356014521277338,0.5709051391302727,0.9943161763326553,1
0.4338893161502579,0.019162171888790935,0.3156369848587174,0
0.4953203207868449,0.2308775074867685,0.44882007798432344,0
0.35221474135803177,0.588404079486749,0.008571342325918314,0
0.5683991209492166,0.4578235673072072,0.057887849100145515,0
0.49090216378137036,0.48388213178343403,0.0010460192892649297,1
0.5328032368791891,0.32946488668483404,8.142664218614464e-05,1
0.3411068362373255,0.549755269690881,0.005323743975338516,0
0.5022933135272846,0.5465851111952914,0.0012415906270286372,0
0.34182174276482286,0.4978435691399127,0.011062762199851034,0
0.5183846518715243,0.46868019696255775,0.003279686470007515,0
0.29433267646417016,0.2234573657928273,2.6316843047451553e-13,0
0.23058306264671527,0.27879909045940493,2.769961557635808e-10,0
0.3626751996671294,0.0821767738811986,0.012454116033319473,0
0.23670940534349966,0.35059289365378815,0.9974004862734541,0
0.2650431994359846,0.19840778375384388,1.789246306983034e-07,0
0.2952496673548501,0.694610248028168,2.9708391001005377e-06,0
0.33496922763111237,0.22160908094540252,3.0335386198916714e-07,0
0.262348098027747,0.2581036927675102,0.6524136736652217,0
0.30032617629398617,0.1818920349069726,0.002801802674814478,0
0.43765990111007697,0.2900421536702403,0.48272314585988546,0
0.4607047983355354,0.43329716283476943,3.606973972847957e-12,0
0.39502315835371654,0.5184781976652186,1.3388982395182548e-05,0
0.5985449870602321,0.5266767465231363,0.9998709661474473,0
0.5188122652490175,0.5403013445599415,0.9999982387350571,0
0.5480522875978312,0.42316582938812325,4.275003246218544e-11,0
0.5157402057283976,0.42395156810143053,2.625439032152068e-07,0
0.450530592563614,0.2392212834736133,7.117995781743157e-13,0
0.6362060926579283,0.21694656043434835,5.8999575901009224e-09,0
0.42267918329108417,0.2131783284970925,0.00013783217582708724,0
0.2764024204719894,0.6940136841471213,2.640235921558434e-09,0
0.3677632225809119,0.3194627276839045,0.08201880351796924,0
0.5147150914350936,0.33854807926185787,0.0011529610229668338,0
0.46640727711870106,0.6579888265421241,0.00021835881153705602,0
0.42164703492761896,0.2947842496603512,1.1075431530947374e-11,0
0.500843883066403,0.25802802375570144,3.4935596816248027e-11,0
0.6945285445235818,0.21760352443005707,7.060732255716219e-11,0
0.6207734158055884,0.6955166574621057,0.990260557391498,1
0.6020986427722302,0.7491368949377736,0.9911047738885073,1
0.5387519002097462,0.7261556868049323,0.999296212087967,1
0.5836482828781502,0.7890763624923687,0.9999959669527109,1
0.4052826323938548,0.3436116242012354,3.238716663103246e-06,0
0.5784592068244351,0.4009132590295858,0.03478703641255678,1
0.6571018035780662,0.5141315027024183,0.9996072719425316,1
0.50945213331969,0.5710906529190191,0.9998694425057577,1
0.5780107868978869,0.41462245039822454,0.99996999231928,1
0.6251922984100275,0.498285518516655,0.9998098512109002,1
0.6055366977386003,0.4378821452465986,0.9999960766988631,1
0.512017892320697,0.6582175429614292,0.9901611376977478,1
0.5183588759344542,0.39199538423507985,0.9832257057493761,1
0.5147417544456987,0.3873424634867375,8.397121205820238e-10,0
0.5628477289472696,0.7864096322288207,0.9849796931062373,1
0.577033162961662,0.9123147390822607,0.9999995143509113,1
0.5434228509153808,0.8916625563823158,0.9999173394060635,1
0.6032686661145484,0.79048854127394,0.999998747195422,1
0.6622390804343311,0.6928967503963451,0.8456910519553502,1
0.6320207831539947,0.6402502012902825,0.9999637888159842,1
0.5523456714595901,0.8158982283956728,0.9923640700273199,1
0.5451016111745935,0.7413581954528358,0.9998698475982789,1
0.6022577461881837,0.7234831575717623,0.0002653922225955989,0
0.5226620797772837,0.49252349231103026,0.0017744185352907159,0
0.4907421963960049,0.6060677874248652,0.2158088749217926,0
0.6044474179496437,0.6237935770717888,3.372517556172678e-05,0
0.6207734158055884,0.6955166574621057,0.990260557391498,1
0.548687945295365,0.7479926422206444,0.9888066824332559,1
0.5466931251681861,0.7180616457472537,0.9957631434937564,1
0.5849723524553547,0.7650625507343944,0.9999984912432136,1
0.48112675480066064,0.5835199404874359,0.0035893067105975244,0
0.6407882187043776,0.7421673897666126,0.9953248153840352,1
0.548687945295365,0.7479926422206444,0.9888066824332559,1
0.5387519002097462,0.7261556868049323,0.999296212087967,1
0.5849723524553547,0.7650625507343944,0.9999984912432136,1
0.5720774714536775,0.6267395256727402,0.05621823944773121,0
0.6369610350574777,0.722138429494018,0.8911438465368225,1
0.6352506212359397,0.7365536736598804,0.986473656883781,1
0.5242192773029545,0.7305306887209527,0.9958076428434822,1
0.5839034021565538,0.8230277305349825,0.9999992779752451,1
0.5983353766814203,0.6987672475343273,0.02106801171625998,0
0.5556868995037594,0.5055218715133966,0.00276089097570948,0
0.5032963712180026,0.6334200634748705,8.105664318759253e-05,0
0.5577637168041505,0.5801600818494946,0.007996493501313566,0
0.5702807494236057,0.7121413026497413,0.9999983924214354,1
0.6878433342304852,0.6458589126304025,0.9999953539859471,1
0.5846735834262192,0.7650976133004568,0.9999647853674443,1
0.5483481873808981,0.6527473045094505,0.9999445537280853,1
0.5538127360516871,0.6905464999168088,0.5364956434897854,0
0.5654448629915687,0.5293698033084958,0.051048174202316624,0
0.46972405463074113,0.6174245091308683,0.0031994271092243157,0
0.6204482193039327,0.5790233872007161,0.006472759513496596,0
0.6003116137822146,0.7290722505644223,0.017763172681977184,0
0.4843964326011447,0.44821821427683933,0.003760680272381122,0
0.5312737710386024,0.6308494553732141,0.00029446975116605866,0
0.5889191985103313,0.5784503465860144,0.013071195905114763,0
0.6247590960485705,0.5361922409127111,0.9488383369878489,0
0.48591244041902354,0.3609197236359711,0.0031060889726258517,0
0.4574368864699262,0.43889142536729564,3.93788781147445e-05,0
0.5700044940143587,0.43009772576204,1.0348964949188e-05,0
0.43110326845951336,0.3376265146759654,0.009573089556554958,0
0.6386947901619304,0.5000884871188742,0.9704695240110188,1
0.5258453298727418,0.5299200514412068,0.9842475302237292,1
0.5546789726379517,0.6251711227461029,0.9981843824811151,1
0.5478679186008553,0.635994847019467,0.9998439793906098,1
0.5375251500347352,0.29636954888569805,0.13757956471282512,0
0.4115888769124648,0.7275780813599774,7.438321868085166e-14,0
0.5667641740819348,0.3892197522191237,0.22862275871939466,0
0.6290911749803662,0.5171504463356353,8.139672855654031e-06,0
0.5829642881156166,0.5255482742786937,1.5549060828447226e-07,0
0.703097280565103,0.7754959054031946,0.9988467661116155,1
0.5396760430337207,0.7069434347768577,0.991257567330457,1
0.624551174261504,0.5925819781391287,0.6174858905151007,1
0.6618723841706522,0.7124019924065033,0.9983697315784803,1
0.5847623510364737,0.7001332260336833,0.984576268876955,1
0.6246799599799886,0.52704795872241,0.9999264304300043,1
0.6790303762913805,0.503056022365453,0.9859699263137913,1
0.5826384797190455,0.45981440061427303,0.8482728447330498,1
0.6484159465734719,0.4119222696302277,0.9999707824446462,1
0.45882445198836747,0.26312761150091823,0.0010797263697512821,0
0.6855897368889311,0.7305445431246811,0.9991595229404784,1
0.544497082467146,0.6745656793235959,0.9919997536279552,1
0.5899108891284031,0.5403049729731615,0.9999540549706092,1
0.6479857749602009,0.28458050996861545,0.999999709939877,0
0.6767357733265694,0.7197649539706984,0.9983134488902343,1
0.5847623510364737,0.7001332260336833,0.984576268876955,1
0.6628551389204574,0.5535844156241171,0.9999613440835474,1
0.6366160244873637,0.5317804602088189,0.006891151610257405,0
0.5557363332963214,0.5711564660599263,0.01438860910603707,0
0.6481839553728331,0.45278515252143176,0.0019296937413897867,0
0.4623940442624133,0.29077762859324036,2.7999311425407624e-07,0
0.6634276245829126,0.6704861897124696,0.01900110746010884,0
0.6429930446344752,0.7421073278683954,0.9992982177373507,1
0.6244342843166587,0.7564064915223434,0.9995689302612402,1
0.6293618749149683,0.5478351109245934,0.9996099465004151,1
0.6329068677319918,0.7405889900686761,0.998746318409085,1
0.5362473266198989,0.7396880654831365,0.9928141253199293,1
0.6366461622351979,0.5329514929613731,0.9948399068353583,1
0.1653878141070275,0.25196394606560674,0.025603742596986275,0
0.656117529404634,0.7911874988741622,0.9991344684263725,1
0.5396760430337207,0.7069434347768577,0.991257567330457,1
0.6758560922957757,0.581466836563588,0.999765998274601,1
0.6067725139437244,0.5037406719866114,0.005073494192323678,0
0.5875547257927356,0.6477194037877554,0.019821809384883666,0
0.6320788635323189,0.4256422898751003,0.0010567150431333243,0
0.6618723841706522,0.7124019924065033,0.9983697315784803,1
0.5376175006148811,0.6816788927410715,0.8889418959346224,1
0.5940923869122491,0.6774953374904487,0.30020731214699137,1
0.6477684975045391,0.5129380077420977,0.005364725263857203,0
0.5052457443932644,0.5713747809865958,0.01837969868216899,0
0.6409298045063386,0.4535813581510856,0.00090608602508565,0
0.628668689643769,0.5389277529817978,0.0062460896838349945,0
0.5194821392469688,0.5624597887290351,0.018026934977082857,0
0.6409298045063386,0.4535813581510856,0.00090608602508565,0
0.6315832880879615,0.3633450763889882,1.598473884313661e-05,0
0.5879322518939595,0.4763427585521696,0.02421123008490288,0
0.5833691927856223,0.2859632744757815,2.2283400295240436e-05,0
0.6368300284781959,0.5501813539790281,0.9886517267538318,1
0.6182468349112786,0.6093640559689882,0.9954454512150354,1
0.6411475157337054,0.3381795325067534,0.9986324318510456,1
0.41783746013698153,0.3081707895728066,0.9815237814283477,0
0.3038174232973031,0.22631060494848562,2.5372724176912264e-08,0
0.7477287565394732,0.3523113972558815,0.0033344444934014137,0
0.49771806550775816,0.30927338072136823,1.2434305620315696e-09,0
0.5200292647849539,0.5664871484644812,0.0001283331878708336,0
0.6148330258491036,0.3877049245902959,1.1633012804922386e-10,0
0.4132454159239291,0.16800130646940456,0.4829673989114829,0
0.49568463854392786,0.6302464919679232,1.566485270244879e-06,0
0.5956097308224634,0.3579282321521629,1.1453820297563026e-07,0
0.6607547730954637,0.790181453259317,0.9999999999197098,1
0.6807740590353727,0.7101155515243666,0.9999986474197293,1
0.5123968237022771,0.6916095879318096,0.9995662062281343,1
0.5378490403435132,0.6230899644954582,0.9999978028095164,1
0.640146119660511,0.7016299243254235,0.9999633856094055,1
0.6551896867151598,0.6980631644345869,0.9996969476669303,1
0.5052486944577459,0.7069340112139644,0.992023249420073,1
0.5623310841653216,0.6629436571346773,0.9997476603710334,1
0.6192098687459253,0.49691934732165227,0.9856720220725703,1
0.6113007619501093,0.5402299233205249,0.9955469402361288,1
0.47374830991593064,0.5507997592167155,0.6470972049440941,1
0.4001830188768817,0.4497466416562654,0.9999948275584117,1
0.4271313605413325,0.49207591221381364,1.647213295275255e-08,0
0.6454656741086278,0.6965287676319063,0.9999441619767175,1
0.6227514919838566,0.6538164335317551,0.9999340176922965,1
0.5378304238601705,0.7658469640267402,0.995879524367169,1
0.46974327286404266,0.6154322933400558,0.9999111959995796,1
0.6617851162343515,0.6793822536016917,0.9999728958561893,1
0.6142051717665421,0.7030992429428705,0.999663678409287,1
0.4987241551006332,0.72628922759955,0.9923965500651206,1
0.5567151128141544,0.6660348399294465,0.9997318202188328,1
0.5481384098223112,0.5816813316818472,0.004071893671689024,0
0.5838671579994147,0.5461486836666447,0.006827722843097759,0
0.5018912403767795,0.7005368272973376,0.013497073235023629,0
0.504214783686918,0.5610880944650968,0.00018472170178654803,0
0.5949841750468635,0.6531057532032238,0.9999717878300732,1
0.6342255262000682,0.6341395065217418,0.9996593607653863,1
0.5385148189132944,0.7346884296126118,0.9901312355517515,1
0.5408780457339047,0.663005426100854,0.998348897790674,1
0.5964825722115247,0.6371612656769291,0.999648856685884,1
0.6415598936981551,0.6825540459680349,0.9997323806566765,1
0.5385148189132944,0.7346884296126118,0.9901312355517515,1
0.5713626567495066,0.690798415693752,0.9980687002943215,1
0.4071850600745172,0.32192306002418497,6.374349906978921e-12,0
0.5964825722115247,0.6371612656769291,0.999648856685884,1
0.6342255262000682,0.6341395065217418,0.9996593607653863,1
0.5073667853480519,0.683030112386665,0.9886564972524736,1
0.5408780457339047,0.663005426100854,0.998348897790674,1
0.5458875134765077,0.6072246005340011,0.0062917389923425465,0
0.6135578797787947,0.5415634628792201,0.001693153457013483,0
0.5174322984065405,0.7047366480606971,0.0699533041667612,0
0.5409085929804052,0.6856504535397538,0.05250095154963706,0
0.6152494957712421,0.7055440432072377,0.9999116494180604,1
0.6571518238486376,0.7258202204408993,0.996101969880845,1
0.500631035722471,0.6699703084725908,0.9855443234872704,1
0.5682138249103588,0.660894982244873,0.4773001776823449,1
0.5502901588928042,0.6132857988158235,0.0057173093334062265,0
0.586049119757675,0.4738274377387464,0.002918640556358214,0
0.5084346201720619,0.7226887015148084,0.02019834711477481,0
0.5185240363131188,0.5505343600421382,6.334222645576995e-05,0
0.630508749263123,0.31271227375114574,6.510419467837111e-11,0
0.5502901588928042,0.6132857988158235,0.0057173093334062265,0
0.5838671579994147,0.5461486836666447,0.006827722843097759,0
0.5084346201720619,0.7226887015148084,0.02019834711477481,0
0.5185240363131188,0.5505343600421382,6.334222645576995e-05,0
0.5435928209452545,0.38461909298156444,0.00011596272546265253,0
0.5285618671096691,0.4086077432685739,0.0016565611508748803,0
0.49876850185080374,0.5342923332240079,0.879932635920406,0
0.48778119042796103,0.4611198042474534,0.41297468062805115,0
0.4456295188386911,0.44871583494964484,0.05513836227474466,0
0.5816961049192908,0.28799775938390393,1.575409114803235e-12,0
0.5518176075382899,0.42069689134680016,0.9118489981246926,1
0.6129223654528636,0.5463945677546661,0.9729274297187241,1
0.47536478861674103,0.5493967442814314,0.9970627451323015,1
0.4655527881137165,0.38688901064200926,0.9976579817367526,1
0.612858418730532,0.0009643689775237669,0.002992562809028147,0
0.6322656515660048,0.0021877859066939684,0.02881445378863578,0
0.5710496801824733,0.0032069119433917603,2.2955947274100817e-11,0
0.3421235493751664,0.001704606353855941,6.478416469698057e-09,0
0.2158284253746377,0.1444860448483457,2.2024758218965173e-10,0
0.1350262542393221,0.0640327750361334,6.321511629104167e-06,0
0.11810863309202096,0.10623369895776462,4.642174460078705e-05,0
0.19598614218048918,0.26123148581097977,6.172039919874105e-05,0
0.21071335113932152,0.13964657591919513,4.217197486041122e-07,0
0.19422139480927805,0.15396076241692566,0.0004888076788995051,0
0.2860986969757516,0.282089160376134,6.753780925655547e-08,0
0.2710023810453532,0.14826650209093192,0.0002941900984278104,0
0.12236237785545326,0.13468734471447805,2.8248305494356026e-06,0
0.11191800440094642,0.11448449936958359,0.00010626777698745383,0
