hubert_prob,label
0.20626026617435964,0
0.7955055988139678,0
0.39104085300629116,0
0.007816500144235254,0
0.07546128849195807,0
0.23655110250976194,1
0.19484611990200948,0
0.6134247415208468,1
0.19843214024796038,0
0.49031527287387444,1
0.2516272917520359,0
0.2612678612725883,0
0.2774283191806376,1
0.1238033227329565,1
0.41310104894224015,0
0.26671787152470944,1
0.16177941628911724,1
0.03253553294977723,0
0.2118183414187432,0
0.19508125390572895,1
0.22965850608549135,0
0.879036766802463,1
0.2774283191806376,1
0.057032184079512285,0
0.18730203699446912,0
0.030053859198946903,0
0.2120969856419874,0
0.07778969000014879,0
0.15665930490154956,0
0.19410153795922913,0
0.015783633291327898,0
0.26333796488695765,0
0.9135677339945177,1
0.8225053675535257,1
0.16573684180608686,0
0.41772969668013443,0
0.0016426482116167216,0
0.015783633291327898,0
0.039873865427635276,0
0.892961886963767,1
0.8665049957103457,1
0.36030902703452866,0
0.8489584213079956,1
0.8225053675535257,1
0.7813753525773482,1
0.8945059477049383,1
0.033521451282575464,0
0.031156019551918473,0
0.8912592100624899,1
0.882833704367358,1
0.03829426609099632,0
0.043895364883343904,0
0.9509317838591259,1
0.4281566075458641,1
0.8451563209802424,1
0.8503610360616564,1
0.7296500103080545,0
0.9050554837389813,1
0.9618308517617934,1
0.7769348155632692,1
0.6744009500218402,1
0.3231617223520128,0
0.009667407862397864,0
0.5878663465746546,0
0.022766906699262974,0
0.0007695331538166947,0
0.9438625994289248,1
0.7606682724147212,1
0.7990282893397547,1
0.6787323819830253,1
0.9484551851617748,1
0.9041832239689006,1
0.7910996172701459,1
0.7593459862355949,1
0.006987306618568292,0
0.7051924169062993,0
0.005763935440141245,0
0.0007209654953598579,0
0.9443023419960113,1
0.7053213947014445,1
0.7999867593989451,1
0.7169706531254947,1
0.1090425107571936,0
0.07383806274128107,0
0.06861525439058529,0
0.01908321945400376,0
0.04135483200124256,0
0.2141341695458011,0
0.766363365672479,0
0.5801405717483736,0
0.2931356570870771,0
0.3412046239714547,0
0.49031527287387444,0
0.07462852148021507,0
0.7859179626365255,0
0.08300387275393943,0
0.5207301006422426,0
0.3055214730040714,0
0.07087831442436911,0
0.01832214662138766,0
0.4213471344456318,0
0.30193578712727626,0
0.0795673116541768,0
0.3894212835784887,0
0.027964716866472183,0
0.12773265487515953,0
0.026230948057624853,0
0.1005559823677308,0
0.8660203961885675,0
0.8382847450273051,0
0.3065023656870151,0
0.06360291875958621,0
0.18915607229957215,0
0.9950120576682515,1
0.9635475327157303,1
0.9234181194555106,1
0.1807272402095005,0
0.11793999844079216,0
0.0021682062822815647,0
0.9947319362574095,1
0.9293172316432543,1
0.8988399662203274,1
0.1807272402095005,0
0.11793999844079216,0
0.0042907075927020874,0
0.9950120576682515,1
0.9657266900902165,1
0.8826706217800555,1
0.07486296680863698,0
0.08861266859701886,0
0.04622339675948406,0
0.0042907075927020874,0
0.9947969961743142,1
0.9635475327157303,1
0.8918894674444261,1
0.9864582099301626,1
0.9754210354926004,1
0.9023578151903604,1
0.9930967174444493,1
0.9100308310137256,1
0.8856340617676275,1
0.9950120576682515,1
0.967711442738979,1
0.9023578151903604,1
0.12188127143674861,0
0.04251841392605572,0
0.05412944180971691,0
0.9935278912540533,1
0.967711442738979,1
0.8910791616056416,1
0.1681835608247904,0
0.0342390737575359,0
0.0022919711181541096,0
0.9864582099301626,1
0.9655618508291102,1
0.9018169668268713,1
0.9947969961743142,1
0.9657266900902165,1
0.8918894674444261,1
0.3716047757430796,0
0.15170689124279946,0
0.4902831976127913,0
0.025817931774550763,0
0.04341572164789331,0
0.6110879437180805,0
0.03990455811319623,0
0.07651010788483052,0
0.7664076355948808,0
0.28726905542846687,0
0.9069199668341071,1
0.5286061008811237,1
0.282163099024883,0
0.12923914162539632,0
0.8772282424682317,1
0.9884309769303635,1
0.282163099024883,0
0.09686628994583832,0
0.8985105798474626,1
0.3785818131674379,1
0.0012159818609250633,0
0.0044675295161915474,0
0.49256647453213537,0
0.18018071976893837,0
0.3334445115614111,0
0.8598040603795505,1
0.9766819483719,1
0.8882788057079892,1
0.7667984344226624,1
0.2958932639213711,0
0.8772282424682317,1
0.9911302570714129,1
0.8911253289400256,1
0.9849474842684659,1
0.32592356270472733,0
0.10891365124785966,0
0.8598040603795505,1
0.9849474842684659,1
0.327035766283591,0
0.12501554588909236,0
0.9069199668341071,1
0.9849474842684659,1
0.8911253289400256,1
0.9699313359464102,1
0.38638982831457186,0
0.08046789100842487,0
0.1042797024765682,0
0.10515839121935874,0
0.2332466871903331,0
0.8564381283775968,0
0.09899733577848835,0
0.023668100731899285,0
0.5858174628781411,0
0.17157294336743822,0
0.19309618752876195,0
0.05954727938335225,0
0.10610777587679453,0
0.08989458841311415,0
0.10669076724987797,0
0.48252781184664856,0
0.003984233989726161,0
0.0033068156542550462,0
0.017378689642481977,0
0.16922747967123752,1
0.8664050010500288,1
0.03136077615086769,0
0.06663857467258767,0
0.2251385265424951,0
0.7870478587248726,1
0.6993996300930787,1
0.016385156601700954,0
0.003930689943218674,0
0.8616709636395162,1
0.7413596185566838,1
0.5252200392243674,0
0.3825334717993908,0
0.09179785259939903,0
0.06880517253540597,0
0.7579150483540297,0
0.40409910783953557,1
0.1768645415698417,1
0.7574701700246249,1
0.7413596185566838,1
0.7870478587248726,1
0.786270476678418,1
0.35465598282884453,1
0.12222963977768406,1
0.05636847123394403,0
0.10075903548605278,0
0.5766934576997929,1
0.041045752323878255,1
0.048826510191635045,0
0.07569965503751949,0
0.7908160845045414,1
0.23078394157599666,1
0.7574701700246249,1
0.688120756336224,1
0.9471326407312087,1
0.15505899681765226,0
0.9661423420240814,1
0.09800265381048057,0
0.9622002554948655,1
0.05020948384973401,0
0.15474019694175467,0
0.9646163171905475,1
0.41806477729914243,1
0.042597091010709714,0
0.9537226857116455,1
0.9519011295404833,1
0.14392566566640458,0
0.04000341912247934,0
0.9190721409678424,1
0.13904207003456548,0
0.05482430692958528,1
0.9622002554948655,1
0.11329556075216443,0
0.9379035092790258,0
0.06844181704434009,0
0.3427945919114363,0
0.20526523196366397,0
0.6244865468515544,0
0.6938641158758394,0
0.43685813438352633,0
0.35922490680455005,0
0.6018274476047574,0
0.005706278203705078,0
0.9923536864740833,1
0.9612866547545604,1
0.7067720893439627,1
0.46017088503519415,0
0.010351532715858815,0
0.046846694005867585,0
0.22462899656373964,0
0.9927994056683617,1
0.9491613293412167,1
0.850625957268636,1
0.10752609105266944,0
0.13828730347252488,0
0.039255882010234625,0
0.9967141798493908,1
0.9701252491018031,1
0.8606208786845496,1
0.01926723690315706,0
0.2526207170109836,0
0.09011690310997249,0
0.23665867234005863,0
0.03016136209396497,0
0.9930681929433298,1
0.9667499537782072,1
0.848939353872178,1
0.9923536864740833,1
0.9612866547545604,1
0.9209620327973095,1
0.9914237810045047,1
0.9671612591885868,1
0.8927065542656846,1
0.9967141798493908,1
0.9667499537782072,1
0.8956514039450707,1
0.07049842839219185,0
0.23665867234005863,0
0.03018129947320926,0
0.10326004986811868,0
0.9967141798493908,1
0.9743860080158485,1
0.8587258859900313,1
0.12048803084010845,0
0.29944248321228967,0
0.02821014035065107,0
0.9967141798493908,1
0.9612866547545604,1
0.9103147471677224,1
0.9942696578878865,1
0.9667499537782072,1
0.9098669383142692,1
0.6710253741693495,0
0.8741321861829343,1
0.9119346242429167,1
0.15073892063475766,0
0.8272233065161256,1
0.8589994506884407,1
0.013858120087426705,0
0.8931147078213127,1
0.8901630089600346,1
0.4484127050299019,1
0.9704285328809296,1
0.18050628437771568,0
0.002007875948467592,0
0.5431112881258506,0
0.894792924835162,1
0.9266818086287617,1
0.6101327557800039,0
0.15186784897274735,0
0.08942633971123311,0
0.6523835132060571,0
0.48067744871890095,0
0.4207078151670847,0
0.2888586019839576,0
0.1721833509649159,0
0.1346648628629571,0
0.015434353806931794,0
0.8963203466154093,1
0.08931569870321114,0
0.0013706588868731742,0
0.9257402363020263,1
0.05212234132196075,0
0.9183563070962739,1
0.7453995003920162,0
0.5979960456292626,0
0.008077394016883024,0
0.08884890964993686,0
0.04555060982711847,0
0.7881879111042547,1
0.8341775466858836,1
0.8931211259108878,1
0.921942420183182,1
0.10389085669648558,0
0.9205613324261701,1
0.08033734434843826,0
0.4483077500199984,1
0.8127368620678468,1
0.04366923771956316,0
0.11872541173807558,0
0.22159227822914468,0
0.00396692578310237,0
0.1826533675152891,0
0.58869951390186,0
0.00904711479634183,0
0.12629079340944496,0
0.15523797096715208,0
0.15823977215430532,1
0.8380158163889131,1
0.22624282132659498,0
0.017858688359007172,0
0.04332827726629595,0
0.6562508875923843,1
0.6436744700957718,1
0.017858688359007172,0
0.04674193527570549,0
0.08618590179082196,0
0.0005295366707686511,0
0.6408125477263876,1
0.7763923195352327,1
0.6349588082644632,1
0.6436323248442726,1
0.03654241296348748,0
0.04332827726629595,0
0.09872410532873671,1
0.6993914372980815,1
0.04502982199935816,1
0.1606623135025098,1
0.0006078759032553937,0
0.6625451474371472,0
0.09946409713374095,0
0.03577354296535889,0
0.015241519777480735,0
0.02189784034214049,0
0.30156446409615917,0
0.9368240940904872,1
0.8737855515374426,1
0.9569407832748503,1
0.8691518679959105,1
0.2867238231216859,0
0.20466018075226222,0
0.1757861895013531,0
0.002384934722011897,0
0.2426256127530053,0
0.9322453633446185,1
0.8320034118350296,1
0.9582984905857742,1
0.8157820529749236,1
0.39921640024624044,0
0.2867238231216859,0
0.16729933081505294,0
0.20334214113182428,0
0.002454220115644352,0
0.9368240940904872,1
0.8613620264611686,1
0.9543563576018559,1
0.8477266415783827,1
0.02941515362525004,0
0.2867238231216859,0
0.16848179175144792,0
0.21994896224481642,0
0.0019382746881971141,0
0.9277456323938169,1
0.878409463108052,1
0.9600951159003925,1
0.8477266415783827,1
0.9380322848024742,1
0.8737855515374426,1
0.9543563576018559,1
0.8637607722951405,1
0.9446385019209915,1
0.8320034118350296,1
0.96043290493567,1
0.7688500836961006,1
0.9368240940904872,1
0.8861959175227248,1
0.9569407832748503,1
0.8769470065736952,1
0.1548505245911909,0
0.20466018075226222,0
0.21994896224481642,0
0.002384934722011897,0
0.9277456323938169,1
0.878409463108052,1
0.9543563576018559,1
0.8769470065736952,1
0.02202282607179419,0
0.10431537544055527,0
0.17783475705706775,0
0.2303927668944387,0
0.0022374160457284947,0
0.9414970748770797,1
0.8737855515374426,1
0.9600951159003925,1
0.8637607722951405,1
0.9277456323938169,1
0.878409463108052,1
0.9543563576018559,1
0.8691518679959105,1
0.031217341907934036,0
0.033201332301435085,0
0.04540066407717118,0
0.7717246615509928,0
0.059203690525393156,0
0.26300373561469265,0
0.016367842303647687,0
0.31161217099992916,0
0.0005327274946554582,0
0.027378594405223788,0
0.03689292309887209,0
0.05030037056339023,0
0.3088909199668109,0
0.7134925802021813,0
0.5402185437468285,0
0.09411915467271413,0
0.16136230108254274,0
0.039228042558171056,0
0.6676063116245218,0
0.11846364679065939,0
0.2342193567797834,0
0.08527987513641748,0
0.6816559295358967,0
0.43365844153462757,0
0.0941904770106199,0
0.0602418084616166,0
0.015341095877215633,0
0.9681347991937287,1
0.6965673433224756,1
0.6859360377147679,1
0.1983108205783505,1
0.2572643677947458,0
0.003452908762771081,0
0.10948645772234117,0
0.016445263482614447,0
0.9976719841499627,1
0.8712570943997846,1
0.9154753437799954,1
0.9792338025177951,1
0.24231888353367984,0
0.011970728613978472,0
0.07945874574584998,0
0.016445263482614447,0
0.9974686153984871,1
0.8991330071617083,1
0.9153202674951734,1
0.9662314117165046,1
0.0021045054719114834,0
0.24231888353367984,0
0.011970728613978472,0
0.10948645772234117,0
0.02197967529417812,0
0.9968531607444252,1
0.8678271213827851,1
0.8918445434389927,1
0.9492329354035645,1
0.9973117276175829,1
0.8573739025419926,1
0.9058311514695501,1
0.9501925986233662,1
0.07019883777688227,0
0.9977706808484075,1
0.8712570943997846,1
0.9036347144460287,1
0.9303674374250223,1
0.9957103504652509,1
0.8573739025419926,1
0.9153202674951734,1
0.9501925986233662,1
0.24857216757880576,0
0.006008364654496378,0
0.07824560493173609,0
0.018416813677662257,0
0.0005836445990548097,0
0.9778151640261911,1
0.5571455175765768,1
0.6722604283413021,1
0.0642804970214795,1
0.326514839833135,0
0.008764243575834153,0
0.06694298539599965,0
0.023228807811025907,0
0.9940093282545853,1
0.2061204188771787,1
0.6940992995212769,1
0.8515952341812836,1
0.9973117276175829,1
0.8640366426849632,1
0.9065104651211351,1
0.9286080413913099,1
0.36531230049777624,0
0.07950482128861114,0
0.833371824714009,0
0.01094367970614813,0
0.3035292243503398,0
0.0320910424396265,0
0.00720306000086422,0
0.8867252270742874,1
0.9928519538152282,1
0.37436380346476805,1
0.010509940770661341,0
0.07318751440534775,0
0.16109677142590442,0
0.8921304274961422,1
0.9933662654912043,1
0.8682250054581268,1
0.14523097758090187,0
0.020307288987586866,0
0.07768470604591733,0
0.1618878172695522,0
0.045111507353311445,0
0.8884568835856985,1
0.9928519538152282,1
0.8512540639943909,1
0.09275406380958255,0
0.03338429940790328,0
0.07053102978449831,0
0.11498184886984238,0
0.8884568835856985,1
0.9908258747612946,1
0.3768819115727557,1
0.8867252270742874,1
0.9958690738774566,1
0.872680173321387,1
0.9064717610421285,1
0.9941055455391683,1
0.8624479413990738,1
0.882553870769649,1
0.9928519538152282,1
0.8456198415064398,1
0.010778291555050269,0
0.07768470604591733,0
0.1468900494498603,0
0.8931178605377732,1
0.9941558057972062,1
0.872680173321387,1
0.008418657170783666,0
0.12480896655402736,0
0.10740801333701175,0
0.882553870769649,1
0.9908258747612946,1
0.8823121440470876,1
0.0411941116659322,0
0.8867252270742874,1
0.9941558057972062,1
0.8456198415064398,1
0.23237005708886982,0
0.228909781737838,0
0.39528213527941425,0
0.3037551477405073,0
0.3268117541032329,0
0.08002289701487947,0
0.12602321386716542,0
0.7903855311539237,0
0.14024738307116955,0
0.0012965329703981674,0
0.12289202665201593,0
0.029991975887660196,0
0.5433535497385374,0
0.17103348625588544,0
0.18401825716826442,0
0.48513102916972756,0
0.055655149781872734,0
0.17030354632864095,0
0.8934050309386601,0
0.350745842439088,0
0.5396329556776973,0
0.963793162105575,1
0.9731643642908423,1
0.09191725013349093,1
0.0029555878809553694,0
0.038310018201783036,0
0.14139499227955618,0
0.9352812670455534,1
0.9096408916997697,1
0.7529486196946397,1
0.006033819035689261,0
0.08485541621052123,0
0.1470995158332982,0
0.6501025392854061,1
0.5668601283199912,1
0.7763366371271854,1
0.5577873004668543,0
0.45154156695548214,0
0.012470226743076532,0
0.005676997696744558,0
0.026081906891132656,0
0.1470995158332982,0
0.9660731578501791,1
0.908319327447367,1
0.5553605820855293,1
0.9694427275107949,1
0.9835285309232179,1
0.8379857292776938,1
0.035985812908877333,0
0.950802570812534,1
0.9096408916997697,1
0.8700493446086653,1
0.9359082185456924,1
0.939349086508669,1
0.0677007591901061,1
0.008600975060523946,0
0.045530456450935744,0
0.18920669640691315,0
0.4071940071093711,1
0.48772979501684827,1
0.5499696391402846,1
0.0037105177928207188,0
0.042903290455333344,0
0.151611760513905,0
0.11040005768761856,1
0.32520219748792534,1
0.5068352208750997,1
0.9359082185456924,1
0.9433539877617121,1
0.8390634438659433,1
0.9921152314625565,1
0.9819994509570434,1
0.668221159883552,1
0.10945054021606937,0
0.05333441159112065,0
0.2113163268115998,0
0.06340731850182853,0
0.986842772544265,1
0.9849888119719984,1
0.8475980024201087,1
0.2741253713546325,0
0.04822754324582873,0
0.2113163268115998,0
0.11969609235355966,1
0.5068352208750997,1
0.6985853739712475,1
0.2842601939158679,0
0.07137106883512252,0
0.0457663423249768,0
0.14306134883275914,0
0.06240573306317632,0
0.24553490904820596,0
0.12002827677620827,0
0.9363178976457818,1
0.9554758007768271,1
0.29419426567935286,1
0.9502096129486519,1
0.9812978075686865,1
0.5474010278847561,1
0.9922004874629443,1
0.9820895001998158,1
0.9001530324420407,1
0.9874295288894754,1
0.9785746763782278,1
0.8493528974347403,1
0.2741253713546325,0
0.04900557675171019,0
0.2204186780027408,0
0.9921152314625565,1
0.9785746763782278,1
0.668221159883552,1
0.2605701547922218,0
0.060042517930019315,0
0.24265333023611757,0
0.9930576498278677,1
0.9858761631644298,1
0.668221159883552,1
0.9911276700825765,1
0.9858761631644298,1
0.668221159883552,1
0.38430103290077156,0
0.16081494731237014,0
0.008166641796664962,0
0.48102286678366823,0
0.006529347348662588,0
0.7984611689198917,0
0.9379296863370128,1
0.8988542388725068,1
0.07873829858222044,0
0.13214907976981383,0
0.8532624181361629,0
0.9084282075235415,1
0.6777279968191247,1
0.07873829858222044,0
0.10563508193549416,0
0.9250714044969875,1
0.9248471786005706,1
0.0032554557242315024,0
0.8097053127166951,0
0.07873829858222044,0
0.13214907976981383,0
0.9204928709731216,1
0.935030852491399,1
0.9250714044969875,1
0.9227149374714421,1
0.9255540297368273,1
0.8180216666391473,1
0.9250714044969875,1
0.8171963756702185,1
0.06058828465124915,0
0.08298938674586466,0
0.8197862893121146,0
0.6622190762671026,1
0.3159333207974635,1
0.10474186036515039,0
0.1388602101773391,0
0.9144740835331726,1
0.9354453257914525,1
0.9431705230100464,1
0.9123432322877539,1
0.010392410757354788,0
0.9806638746134817,1
0.24367409190484215,0
0.057592823418410925,0
0.5699658681905114,1
0.0035699977799847856,0
0.13025781191380362,0
0.28265422993589373,1
0.966932478902227,1
0.08027753294675413,0
0.21950171495214676,0
0.9806638746134817,1
0.07389751439114782,0
0.9855340919608627,1
0.016797524459015938,0
0.011965798972929419,0
0.668378575988977,0
0.4276134838752616,0
0.22668732399954925,0
0.4595503301978544,0
0.6123082093554637,0
0.42023648703250527,0
0.25584731042065945,0
0.01653050197450964,0
0.20161474331543455,0
0.034205638459886306,0
0.0048453426657030915,0
0.002777638520163162,0
0.080952166456606,0
0.012556316426087908,0
0.9115032568829348,1
0.4743328488342839,0
0.9292199265290039,1
0.4390265441933619,0
0.9213858440991648,1
0.8348985464538435,0
0.00029715095531296885,0
0.006876512133873414,0
0.6624795275466561,0
0.9196320939975332,1
0.6285580066607153,1
0.09697502945203491,0
0.9037574617276557,1
0.8369674335934574,1
0.38435515146194094,0
0.8968367195146145,1
0.41946868888608824,0
0.9048108412383771,1
0.9195320071587606,1
0.7304947669412454,0
0.12562507272173418,0
0.2541321897603145,0
0.32522016804008574,0
0.15553718161818977,0
0.05648961853970921,0
0.5010858309127052,0
0.004688617190254631,0
0.006401542015866648,0
0.035170312747827635,0
0.29608388054590074,0
0.8766908278274457,1
0.09534639750868802,0
0.12726381320754535,0
0.7914215896147198,1
0.09133555458508819,0
0.8059120268770674,1
0.442913883739842,0
0.03844547944489263,0
0.13075421480688648,0
0.8059120268770674,1
0.8857202774369267,1
0.8592527139160551,1
0.8059120268770674,1
0.2502660522896242,0
0.0071653111010068484,0
0.8731294781120698,1
0.13022059524784235,0
0.8059120268770674,1
0.8857202774369267,1
0.0033549638671018745,0
0.0011666726875026552,0
0.18375610761320801,0
0.22971188837237716,0
0.00920990620407153,0
0.10858113196209078,0
0.3953248473104797,1
0.0351561232998414,0
0.9424585261393055,1
0.03342804388157681,0
0.9532857296716423,1
0.37428808484780024,0
0.0590736326052456,0
0.010748266138403973,0
0.5084367558936561,0
0.9800414590623323,1
0.9648072056799976,1
0.7107522831990134,0
0.9424585261393055,1
0.9432343234347923,1
0.05408312065791506,0
0.9729198834526963,1
0.03551058898304926,0
0.9432343234347923,1
0.9532857296716423,1
0.07353896531198666,0
0.004174419958290947,0
0.2548726369601675,0
0.0381345344530729,0
0.0029085623248454318,0
0.7980216003439095,0
0.026317794263133236,0
0.18198793994050852,0
0.000372265495985401,0
0.02138140348544553,0
0.0011553637959336163,0
0.08819180485688487,0
0.002543331033415145,0
0.002008437208509778,0
0.1143173181144128,0
0.2736820189132232,0
0.18652142171577857,0
0.7610229406126697,0
0.001595668189456056,0
0.014831222178643072,0
0.47368070167502907,0
0.8289440068203506,1
0.009931413847809418,0
0.8036610473773325,1
0.4465720492542667,0
0.8318680350260331,1
0.09987058434773459,0
0.003359774057442749,0
0.000838126474311426,0
0.3469500294619929,0
0.8431822486420951,1
0.830657629647196,1
0.577724508256635,0
0.7998007619502707,1
0.8203881963712714,1
0.07316554483340935,0
0.8297607053798501,1
0.015178997204304226,0
0.825478190196052,1
0.8431822486420951,1
0.004129480538167061,0
0.001168025172325041,0
0.06533133655291899,0
0.07123979974932401,0
0.0009009412163318595,0
0.22264583552671469,0
0.1687728057286154,0
0.19391190643204434,0
0.003608860241512568,0
0.023780534046181263,0
